Q9Y2U5,Q9NRM2
Q9Y2U5,Q12929
Q9Y2U5,P35637
Q9Y2U5,Q8N7H5
Q9Y2U5,Q9UHL9
Q9Y4K4,Q92905
Q9Y4K4,Q8IYI8
Q9Y4K4,P08631
Q9Y4K4,Q02817
Q9Y4K4,Q9HC84
Q9Y4K4,Q9BRK5
Q9Y4K4,P61254
Q9Y4K4,P19532
Q9Y4K4,P07951
Q9Y4K4,Q504T8
Q13185,Q13263
Q13185,Q7Z3K3
Q13185,Q8IWI9
Q13185,Q6KC79
Q13185,Q9BZ95
Q13185,Q96QK1
Q13185,Q96JM2
Q13185,Q13129
O15111,P02511
O15111,P55789
O15111,P12036
O15111,Q07157
P16220,Q9H422
P16220,Q9Y6X2
P16220,Q9Y4K4
P16220,Q9UKY1
P16220,P32519
P16220,P18850
P16220,Q7Z3K3
P16220,Q9Y4E5
P16220,Q9H2X6
P16220,P52655
P16220,Q6ZNA4
P16220,Q6VMQ6
P16220,Q9HCK8
P16220,P78317
P16220,Q12772
P16220,P63279
P16220,O75925
P15336,Q92905
P15336,Q8IUH5
Q16539,O00165
Q16539,O43257
Q16539,Q9Y6W6
Q16539,Q8WWM7
Q16539,Q70EL1
Q16539,Q08117
Q16539,P36957
Q16539,P28562
Q16539,P29692
Q16539,P21333
Q16539,P14136
Q16539,P35052
Q16539,Q9HBH9
Q16539,P09110
Q16539,P15822
Q16539,P55268
Q16539,Q06413
Q16539,Q14814
Q16539,P51825
Q16539,P22897
Q16539,P30414
Q16539,Q9Y6N7
Q16539,Q49A88
Q16539,Q01082
Q16539,Q9UGU0
Q16539,P52746
Q16539,Q9BY84
Q16539,O43707
Q16539,Q8IW41
Q16539,Q9BUB5
Q16539,P49770
Q16539,Q9BR11
Q16539,O75582
Q16539,O95405
Q16539,Q96HA1
P35221,Q68DA7
P35221,P14923
P35221,Q9Y490
P35221,Q9H0U9
P35221,Q9Y4G6
P35221,Q8N5A5
P35221,Q16760
Q9UER7,Q99996
Q9UER7,Q9Y2K3
Q9UER7,Q9UPN3
Q9UER7,Q8WTR7
Q9UER7,P14136
Q9UER7,P33241
Q9UER7,P35580
Q9UER7,P35749
Q9UER7,P46100
Q9UER7,Q4V328
Q9UER7,Q7L7X3
Q9UER7,P61254
Q9UER7,P62701
Q9UER7,Q13813
Q9UER7,P11277
Q9UER7,Q01082
Q9UER7,P0CG48
Q9UER7,Q9H8L6
Q9UER7,Q96SB3
Q9UER7,O43663
Q9UER7,Q9Y5Q9
Q9UER7,Q9UQF2
Q9UER7,O75376
P19419,Q92905
P19419,P35222
P19419,Q8NDV7
P19419,Q9HC77
P19419,O15020
P19419,P50502
P19419,P46939
P01100,Q92905
P01100,Q9NRM2
P01100,P17661
P01100,Q09472
P01100,P17275
P01100,Q99471
P01100,P48047
P01100,O60437
P01100,P53041
P01100,Q5VTR2
P01100,P62280
P01100,P36894
P01100,P12814
P04406,Q8WUM4
Q9Y3Y4,Q96PV6
Q9Y3Y4,O00512
Q9Y3Y4,Q01082
P15104,Q9H422
P15104,Q9Y6X2
P15104,Q86Z02
P15104,Q13569
P15104,P63279
P15104,O75925
P15104,O75928
P15104,Q9UKL3
Q9HBH9,P26358
Q9HBH9,P62424
Q9HBH9,Q96RT7
P62993,Q8WUM4
P62993,Q9H422
P62993,Q07912
P62993,Q15427
P62993,Q9Y6X2
P62993,Q9UKW4
P62993,Q5JRX3
P62993,Q13561
P62993,O95630
P62993,Q07666
P62993,Q92598
P62993,O14776
P62993,Q92905
P62993,Q9Y496
P62993,Q9UIF9
P62993,Q9Y4K4
P62993,Q13442
P62993,Q96SU4
P62993,A8K7I4
P62993,P09496
P62993,Q96DH6
P62993,O15551
P62993,P55060
P62993,P05814
P62993,Q9UQB3
P62993,Q5HYK7
P62993,P98082
P62993,Q14118
P62993,O00571
P62993,Q14185
P62993,P29692
P62993,Q68CP9
P62993,Q15723
P62993,Q09472
P62993,P02768
P62993,Q9C0D0
P62993,Q00688
P62993,O95208
P62993,Q96T58
P62993,Q7Z3K3
P62993,P02751
P62993,O43155
P62993,P02792
P62993,Q58DX5
P62993,Q13480
P62993,Q7Z7G0
P62993,P02760
P62993,Q96K83
P62993,Q9H3S7
P62993,Q9UQ16
P62993,Q9Y3Y4
P62993,Q96NT1
P62993,P17302
P62993,P15104
P62993,P04746
P62993,Q08379
P62993,Q08378
P62993,P35052
P62993,Q86UX6
P62993,Q13905
P62993,Q9BY11
P62993,P25054
P62993,P11021
P62993,P10809
P62993,Q12791
P62993,P05787
P62993,Q04695
P62993,P08727
P62993,P00709
P62993,Q13094
P62993,Q92614
P62993,P78559
P62993,P27816
P62993,Q16653
P62993,P02795
P62993,P15941
P62993,P35579
P62993,P35749
P62993,E9PAV3
Q13765,P62993,P49321
P62993,P16333
P62993,P19338
P62993,Q16236
P62993,Q9UBC1
P62993,P25208
P62993,P52948
P62993,Q13153
P62993,P06576
P62993,Q8TC12
P62993,Q9NZQ3
P62993,Q99471
P62993,O00750
P62993,P36543
P62993,P27986
P62993,O00459
P62993,P48047
P62993,P16233
P62993,Q5JSH3
P62993,Q70EK8
P62993,Q5UIP0
P62993,Q06190
P62993,Q08209
P62993,P07602
P62993,Q9H2E6
P62993,P06454
P62993,Q15678
P62993,P49756
P62993,P09417
P62993,Q7Z6E9
P62993,Q9UL51
P62993,P46777
P62993,P62750
P62993,P62899
P62993,P61247
P62993,P62244
P62993,P62266
P62993,P62851
P62993,P42677
P62993,P62273
P62993,P19793
P62993,P06702
P62993,Q15424
P62993,Q96G01
P62993,Q9H788
P62993,Q96T37
P62993,P43004
P62993,Q07889
P62993,Q07890
P62993,Q01082
P62993,Q15532
P62993,O00186
P62993,P21675
P62993,P20062
P62993,Q06187
P62993,P02787
P62993,Q07157
P62993,P00736
P62993,P53804
P62993,P62987
P62993,P0CG48
P62993,P63279
P62993,P55055
P62993,P15498
P62993,O15240
P62993,P63104
P62993,Q9Y6Q3
P62993,Q15928
P62993,Q92626
P62993,Q86U42
P62993,Q92804
P62993,Q14515
P62993,Q9BQI5
P62993,Q8IVH8
P62993,Q0VF96
P62993,Q99569
P62993,P52849
P62993,P22681
P62993,Q13191
P62993,P12814
P62993,O43426
P62993,O15056
P62993,O00401
P62993,P50914
P62993,Q8WV44
P62993,O14490
P62993,P13667
P62993,O75376
P62993,Q14142
P62993,Q86UL8
P62993,P42694
P62993,Q9Y2W1
Q9BY11,Q9UNF0
Q9BY11,P05814
Q9BY11,P68104
Q9BY11,Q9Y3L3
Q9BY11,Q9BQE5
Q9BY11,P02794
Q9BY11,P31150
Q9BY11,P30414
Q9BY11,P07237
Q9BY11,Q68EM7
Q9BY11,Q8TCT7
Q9BY11,Q8WXE0
Q9BY11,P36578
Q9BY11,P62424
Q9BY11,P09661
Q9BY11,Q01082
Q9BY11,O00267
Q9BY11,P67936
Q9BY11,P0CG48
Q9BY11,Q96JP5
Q9BY11,Q9H169
Q9BY11,O60861
Q9BY11,O00203
Q9BY11,Q9NZU7
P25054,Q96S59
P25054,Q99996
P25054,Q8IYB3
P25054,Q9UP83
P25054,Q99832
P25054,Q07666
P25054,Q13438
P25054,P27348
P25054,Q16891
P25054,O15504
P25054,Q9UNF0
P25054,Q14011
P25054,Q92793
P25054,Q9H672
P25054,P35221
P25054,O95782
P25054,Q10567
P25054,Q8NG57
P25054,P63010
P25054,Q04637
P25054,Q99814
P25054,P11474
P25054,Q13201
P25054,P21333
P25054,O75369
P25054,Q8WXH0
P25054,Q8NF91
P25054,Q96KQ4
P25054,Q8TB72
P25054,Q9UPN3
P25054,P37198
P25054,Q9H9E3
P25054,Q9C075
P25054,O75179
P25054,Q08379
P25054,Q5JPE7
P25054,Q16478
P25054,Q9Y613
P25054,P20073
P25054,P11021
P25054,P14923
P25054,P33176
P25054,P19013
P25054,P13647
P25054,P05787
P25054,P13646
P25054,P02533
P25054,P19012
P25054,Q04695
P25054,P08727
P25054,Q16787
P25054,Q16363
P25054,Q13751
P25054,Q13094
P25054,P35580
P25054,P35749
P25054,Q9UM54
P25054,Q9HD67
P25054,P20929
P25054,P05023
P25054,Q16236
P25054,P19838
P25054,P52948
P25054,Q5BJF6
P25054,Q8N4C8
P25054,P06576
P25054,O75914
P25054,Q6PKC3
P25054,Q8WY91
P25054,Q7Z3B4
P25054,P16233
P25054,Q6VMQ6
P25054,Q9P267
P25054,P25311
P25054,Q9NS87
P25054,Q99460
P25054,Q5T5U3
P25054,Q8TCG1
P25054,Q9HCJ5
P25054,P11216
P25054,P49792
P25054,Q07817
P25054,Q92753
P25054,P46777
P25054,P62851
P25054,P42677
P25054,P26447
P25054,Q8IUQ4
P25054,Q9H4A3
P25054,Q03001
P25054,Q01082
P25054,O15020
P25054,P19474
P25054,P21675
P25054,P21580
P25054,Q9HBL0
P25054,P67936
P25054,P12270
P25054,O75962
P25054,P62258
P25054,P61981
P25054,P17038
P25054,P35658
P25054,O43707
P25054,Q9BRZ2
P25054,Q93008
P25054,Q8TB52
P25054,Q8WYH8
P25054,O15294
P25054,Q8WWV3
P25054,Q0VF96
P25054,P12814
P25054,P46940
P25054,O60318
P25054,Q8IVL0
P25054,Q8NEY1
P25054,Q8IVL1
P25054,O60229
P25054,Q6UWE0
P25054,O14964
P25054,Q15047
P25054,Q96HA1
P25054,Q9Y5S9
P25054,P49790
P01112,Q9NZL6
P01112,O15211
P01112,P04049
P01112,Q12967
P01112,Q8WWW0
O14920,Q9BYD3
P10398,P07288
P10398,Q92614
P10398,P12036
P10398,Q9H0E2
P10398,P62258
P10398,P63104
P10398,Q96JH7
P10398,Q8TD26
P10398,O15516
P10398,P42694
P05412,Q96S59
P05412,Q9H422
P05412,Q15311
P05412,P27348
P05412,Q92905
P05412,O14647
P05412,O14578
P05412,O75475
P05412,Q9UKY1
P05412,P12277
P05412,P51911
P05412,Q92499
P05412,P78352
P05412,P13639
P05412,Q9NYQ8
P05412,Q9NP72
P05412,O60333
P05412,Q9Y2J2
P05412,Q13045
P05412,P21333
P05412,P02751
P05412,Q9UPN3
P05412,P01100
P05412,P53539
P05412,Q8NFW9
P05412,P17677
P05412,Q8TDR0
P05412,O75952
P05412,Q13439
P05412,Q13823
P05412,Q9UHV2
P05412,Q06481
P05412,P05067
P05412,Q9BWD1
P05412,Q92614
P05412,Q14596
P05412,P49407
P05412,O15525
P05412,P78559
P05412,P46821
P05412,P11137
P05412,Q9UM54
P05412,P18848
P05412,P05023
P05412,P30414
P05412,P46459
P05412,Q01814
P05412,Q9Y566
P05412,Q9Y399
P05412,O43462
P05412,Q15147
P05412,O75051
P05412,Q9NRF9
P05412,Q9HAU0
P05412,Q9NP74
P05412,Q96QC0
P05412,Q08209
P05412,Q9BRS8
P05412,P25786
P05412,Q99933
P05412,P43351
P05412,P62736
P05412,P46777
P05412,P53814
P05412,Q03001
P05412,Q13813
P05412,Q01082
P05412,O15020
P05412,P50502
P05412,Q7KZ85
P05412,Q07021
P05412,P11387
P05412,P09493
P05412,P07951
P05412,P06753
P05412,P63267
P05412,Q9H0U9
P05412,P0CG48
P05412,P14927
P05412,P08670
P05412,Q15059
P05412,Q16204
P05412,O43707
P05412,Q86U42
P05412,P27797
P05412,Q86SE9
P05412,O75925
P05412,Q86VP1
P05412,P54257
P05412,Q16352
P05412,P43243
P61244,Q96S59
P61244,Q92905
P61244,Q12802
P61244,Q00610
P61244,Q92793
P61244,O00571
P61244,P51648
P61244,Q9UPX8
P61244,Q8IWI9
P61244,Q08379
P61244,O00291
P61244,P02545
P61244,P01106
P61244,Q9Y566
P61244,Q96KR1
P61244,Q9HAU0
P61244,Q9NP74
P61244,Q03001
P61244,P50502
P61244,P21675
P61244,Q9BYB0
P61244,Q92974
P61244,O14745
Q02078,O75915
Q02078,P36957
Q02078,Q9NZM3
Q02078,Q96KR1
Q02078,Q96BK5
Q02078,P62851
Q02078,Q03001
Q02078,Q15853
Q02078,O00203
Q02078,Q14320
Q02080,Q08379
Q06413,Q9UQL6
Q06413,Q96S59
Q06413,Q12874
Q06413,P27348
Q06413,Q92905
Q06413,Q13185
Q06413,Q09472
Q06413,Q99814
Q06413,Q2M1K9
Q06413,P02794
Q06413,Q08379
Q06413,P13984
Q06413,Q9UHP3
Q06413,Q16363
Q06413,Q92614
Q06413,Q96JK9
Q06413,Q9P267
Q06413,Q13164
Q06413,P09486
Q06413,Q01082
Q06413,P50502
Q06413,P21675
Q06413,Q07021
Q06413,Q07157
Q06413,Q15853
Q06413,P63104
Q06413,Q05481
Q06413,P21926
Q06413,Q9UKV0
Q06413,A6NMS7
Q14814,P17676
Q14814,Q92905
Q14814,Q13442
Q14814,Q96PV6
Q14814,Q9NY15
Q14814,Q9H4L4
Q14814,Q9Y5X3
Q14814,Q08379
Q14814,Q6NZI2
Q14814,P28799
Q14814,Q07820
Q14814,P36578
Q14814,P30050
Q14814,P62857
Q14814,Q03001
Q14814,P21675
Q14814,P62987
Q14814,Q15853
Q14814,Q9BQS8
Q14814,Q9H0U4
Q14814,Q13444
Q14814,P62829
Q99759,Q92905
Q99759,O60282
Q99759,Q9NZV1
Q99759,Q9Y383
Q99759,Q9Y224
Q99759,Q8WYL5
Q99759,O15020
Q99759,P08670
Q99759,P04275
Q99759,Q9H8L6
Q99759,O60861
Q9Y6R4,Q01082
Q9Y6R4,P12270
Q9Y6R4,P63104
Q99683,P78371
Q99683,Q12802
Q99683,Q92793
Q99683,P11532
Q99683,Q09472
Q99683,Q9UPN3
Q02779,Q96S59
Q02779,Q3KNV8
Q02779,P51648
Q02779,Q96KQ4
Q02779,Q9ULI4
Q02779,P42684
Q02779,Q02779
Q02779,P07196
Q02779,Q9BRS8
Q02779,O15020
Q02779,P02787
Q16584,Q92905
Q16584,Q96B97
Q16584,Q13526
Q16584,P51168
P01106,P46527
P01106,Q92905
P01106,P35221
P01106,Q9UKV3
P01106,O75533
P01106,Q9P2J5
P01106,Q99471
P01106,P13797
P01106,O60437
P01106,Q96SN8
P01106,Q8WXI9
P01106,P47756
P01106,Q86UV5
P01106,Q13443
P19838,O75369
P19838,E9PAV3
Q13765,P19838,Q15366
P19838,P62424
P19838,P62847
P19838,O95405
P25963,Q09472
Q13952,P05814
Q13952,Q01658
Q13952,Q68CP9
Q13952,P32519
Q13952,P18850
Q13952,Q7Z3K3
Q13952,Q96RK0
Q13952,P21333
Q13952,P02751
Q13952,Q8IUH5
Q13952,Q96G97
Q13952,Q9UMX0
Q13952,O15344
Q13952,P49321
Q13952,P23511
Q13952,P25208
Q13952,P06748
Q13952,Q13177
Q13952,Q9UJX4
Q13952,Q9HCK8
Q13952,P25440
Q13952,P08047
Q13952,Q03001
Q13952,Q12772
Q13952,P61968
Q13952,P50914
Q13153,P05814
Q13153,Q8TF45
Q13153,Q8TBZ8
Q13153,P78344
Q13153,P35555
Q13153,O75592
Q13153,Q8IWR0
Q13153,P02788
Q13153,P56270
Q13153,Q9UM47
Q13153,Q15154
Q13153,Q9NZV1
Q13153,P51522
Q13153,Q9NPC7
Q13153,Q9ULH0
Q13153,P35613
Q13153,Q15654
Q13153,P61981
Q13153,P63104
Q13153,P17022
Q13153,Q14155
Q13153,O60229
Q13153,Q9Y463
Q13153,Q15052
Q13153,O75367
Q13153,Q14161
Q13153,Q9NUA8
Q13177,P78371
Q13177,Q96TA2
Q13177,O14647
Q13177,Q09472
Q13177,P21333
Q13177,P04406
Q13177,P08648
Q13177,P02795
Q13177,P19838
Q13177,O60437
Q13177,P35241
Q13177,Q99496
Q13177,Q02543
Q13177,Q03001
Q13177,Q15052
Q13177,P60953
Q9NR80,P19838
Q9H0E2,O75674
Q9H0E2,O60784
Q9H0E2,O75955
Q9H0E2,Q8WWM7
Q9H0E2,Q96PV6
Q9H0E2,P47710
Q9H0E2,P05814
Q9H0E2,Q6ZVM7
Q9H0E2,P02794
Q9H0E2,P05787
Q9H0E2,Q99102
Q9H0E2,Q02818
Q9H0E2,Q86UW6
Q9H0E2,P62851
Q9H0E2,P42677
Q9H0E2,O15119
Q9H0E2,P14927
Q9H0E2,Q8TD26
Q9H0E2,Q03252
Q9H0E2,Q15011
Q9H0E2,P42694
Q9HAU0,Q9Y4W6
Q9HAU0,Q9UJV3
Q9HAU0,Q9Y496
Q9HAU0,P17661
Q9HAU0,P15924
Q9HAU0,Q92817
Q9HAU0,O43909
Q9HAU0,Q8WXH0
Q9HAU0,O43307
Q9HAU0,Q96KQ4
Q9HAU0,Q9UPN3
Q9HAU0,P02794
Q9HAU0,P25054
Q9HAU0,P08727
Q9HAU0,Q86UP2
Q9HAU0,P55268
Q9HAU0,P12883
Q9HAU0,P35579
Q9HAU0,Q99743
Q9HAU0,Q9NRC6
Q9HAU0,Q9P2J5
Q9HAU0,P35900
Q9HAU0,Q9HAU0
Q9HAU0,Q16512
Q9HAU0,Q13813
Q9HAU0,Q01082
Q9HAU0,O76094
Q9HAU0,Q7Z406
Q9HAU0,Q9BWW8
Q9HAU0,Q96D71
Q9HAU0,P35609
Q9HAU0,O43490
Q02156,P15924
P28482,P58546
P28482,P19634
P27361,P61254
P27361,P19634
Q16659,Q96S59
Q16659,Q92905
Q16659,O14975
Q16659,P08572
Q16659,P55060
Q16659,Q8N443
Q16659,Q6ZNG1
Q16659,P47813
Q16659,P78344
Q16659,P28715
Q16659,P15036
Q16659,A0JLT2
Q16659,O60522
Q16659,Q76N89
Q16659,O75592
Q16659,P21333
Q16659,Q9UHN6
Q16659,Q6KC79
Q16659,P14136
Q16659,Q12955
Q16659,P10809
Q16659,P02649
Q16659,P05067
Q16659,P07195
Q16659,P49321
Q16659,Q15365
Q16659,P49585
Q16659,Q5T2S8
Q16659,Q6NZY4
Q16659,Q6UW02
Q16659,Q8TCU6
Q16659,Q9HCJ0
Q16659,Q99496
Q16659,P11274
Q16659,Q03001
Q16659,P49368
Q16659,P63104
Q16659,Q8IW41
Q16659,Q15788
Q16659,Q92974
Q16659,Q9BUQ8
Q16659,Q93074
Q13164,Q14789
Q13164,P49407
Q13164,O00221
Q13164,Q9H8L6
P45983,Q9Y613
P45983,Q8WXI9
Q15759,Q15759
P45984,Q92905
P45984,Q92793
P45984,Q9UPN3
P45984,Q9Y566
P45984,Q99959
P45984,P62277
P45984,Q15853
P53779,Q92905
P53779,Q92793
P53779,Q9ULI4
P53779,Q6DKK2
P53779,P19634
O15264,Q96S59
O15264,P43155
O15264,O00233
O15264,P48436
O15264,Q8N0X2
Q02750,Q9Y6X8
Q02750,Q9H4A3
P36507,Q92905
P36507,Q9UNI6
P36507,P04406
P36507,Q9NYG2
P36507,P19634
Q13163,Q14789
Q13163,O94972
Q13163,P19838
Q13163,P10644
Q13163,Q9ULH0
Q13163,P11277
Q13163,P45379
Q13163,P63104
Q13163,Q9Y5S2
O14733,Q9UPT5
O14733,Q8NF91
O14733,P20810
O14733,Q9ULI4
O14733,Q12934
O14733,P51531
O14733,Q9Y6D9
O14733,P31415
O14733,O14617
P63000,O15144
P63000,Q9NS56
P63000,Q9UP83
P63000,O43615
P63000,P53621
P63000,P05814
P63000,O15068
P63000,Q9Y2Y0
P63000,O60684
P63000,P30101
P63000,Q14571
P63000,O00505
P63000,O00629
P63000,O15131
P63000,Q08431
P63000,P35579
P63000,Q99798
P63000,Q13153
P63000,Q13177
P63000,Q9NR80
P63000,Q9Y566
P63000,Q05397
P63000,Q9UBC2
P63000,P49756
P63000,P52306
P63000,P35268
P63000,P61254
P63000,P61247
P63000,P23246
P63000,P19634
P63000,Q13813
P63000,P0CG48
P63000,Q92804
P63000,Q15075
P63000,Q9BYB0
P63000,Q8IYR6
P63000,O00161
P63000,O15056
P63000,O60318
P63000,Q9NQG7
P63000,O95835
P63000,Q8TDM6
P04049,P19634
P04049,P35609
P49792,Q9Y6D5
P49792,Q16186
P49792,Q12802
P49792,Q13185
P49792,P15924
P49792,O75369
P49792,Q08379
P49792,Q9Y613
P49792,P15170
P49792,P30533
P49792,P49641
P49792,P08235
P49792,Q9NRC6
P49792,Q5UIP0
P49792,P26599
P49792,P62753
P49792,P55011
P49792,P21675
P49792,Q15582
P49792,Q15853
P49792,Q7Z406
P49792,Q14667
P49792,Q14764
Q04206,Q9NRM2
Q04206,P21333
Q04206,Q15173
Q04206,Q9BX70
Q04206,Q5T5U3
Q04206,Q15853
Q15418,O94760
Q15418,P31629
Q15418,Q14938
Q15418,Q13952
Q15418,Q9H1I8
Q15418,Q7Z3T8
Q15349,Q14643
P51812,Q9Y4K1
P06702,P05109
P45985,O00213
P45985,P07196
P45985,P27824
P45985,Q96I25
P29353,Q96S59
P29353,O75431
P29353,Q92905
P29353,Q7Z442
P29353,Q00610
P29353,P17677
P29353,P17931
P29353,Q02252
P29353,Q99102
P29353,Q9NR81
P29353,Q9Y3E1
P29353,P35268
P29353,O43432
P29353,P12814
P08047,Q02447
P08047,Q13813
Q12772,Q9Y6X2
Q12772,Q15185
Q12772,Q13438
Q12772,Q92905
Q12772,P18146
Q12772,Q13643
Q12772,P21333
Q12772,Q8IWI9
Q12772,P51816
Q12772,P02751
Q12772,Q8IUH5
Q12772,P02794
Q12772,Q92882
Q12772,Q14789
Q12772,Q9H2X6
Q12772,P81274
Q12772,Q9UMX0
Q12772,P25054
Q12772,P11021
Q12772,P16144
Q12772,Q12840
Q12772,O14639
Q12772,P49407
Q12772,Q9UL63
Q12772,P23511
Q12772,P25208
Q12772,P06748
Q12772,Q9UID6
Q12772,P27986
Q12772,Q96GZ6
Q12772,Q6VMQ6
Q12772,P55036
Q12772,Q8WXI9
Q12772,P54253
Q12772,Q96BY2
Q12772,P08047
Q12772,Q03001
Q12772,Q01082
Q12772,Q99614
Q12772,P63279
Q12772,Q15942
Q12772,Q8N3Z6
Q12772,Q6H8Q1
Q12772,O75925
Q12772,Q9Y6R1
Q12772,O00161
Q12772,O75928
Q12772,Q92888
Q12772,Q14151
Q12772,Q15047
Q12772,Q9UKL3
P15056,Q96S59
P15056,Q13177
P15056,P54274
P15056,P0CG48
P15056,O96028
P42224,Q92905
P42224,Q9Y2L6
P42224,P21333
P42224,Q9UPT6
P42224,P14136
P42224,Q5JPE7
P42224,P78318
P42224,P07195
P42224,Q92614
P42224,P35580
P42224,P35749
P42224,P80303
P42224,Q9Y566
P42224,Q9UKF6
P42224,Q13813
P42224,Q01082
P42224,O15020
P42224,P82094
P42224,Q92574
P42224,O43707
P42224,O75335
P42224,O95714
P42224,O14964
O43318,Q96S59
O43318,Q92905
O43318,P21333
O43318,O75369
O43318,Q9ULI4
O43318,P19838
O43318,P19634
P01137,P22557
P01137,P35555
P01137,Q12805
P01137,P21333
P01137,Q8NF91
P01137,P02751
P01137,Q15022
P01137,P07942
P01137,Q03001
P01137,Q01082
P36897,P35555
P36897,P05787
P36897,P14598
P36897,Q9NZV1
P36897,P01833
P36897,Q9BZF9
P36897,Q8WXE0
P36897,Q8WZ42
P36897,Q92667
P36897,O60271
Q12933,P35222
Q12933,Q9NZL4
Q12933,Q9UHD9
Q12933,Q9Y566
Q12933,Q9HA65
Q12933,O60573
P63279,Q9H422
P63279,Q9Y6X2
P63279,Q9UKY1
P63279,P05814
P63279,Q86Z02
P63279,Q9Y4E5
P63279,Q14789
P63279,Q9H2X6
P63279,P78347
P63279,Q9UHP3
P63279,O00291
P63279,Q86UP2
P63279,Q06265
P63279,Q6ZNA4
P63279,Q6VMQ6
P63279,P49792
P63279,P78317
P63279,P23497
P63279,P63279
P63279,Q8N3Z6
P63279,O75665
P63279,O75925
P63279,Q86VP1
P63279,O00522
P63279,O75928
P63279,Q15047
P63279,Q9UKL3
P62258,Q13111
P62258,P40123
P62258,P27348
P62258,O43491
P62258,P02768
P62258,Q9P0V3
P62258,Q9GZV5
P62258,Q9UHC1
P62258,Q14789
P62258,Q8IWR0
P62258,Q9Y613
P62258,P31629
P62258,Q12912
P62258,P35580
P62258,Q99471
P62258,P16233
P62258,Q92934
P62258,P32969
P62258,Q9H4A3
P62258,P28290
P62258,Q12933
P62258,P31946
P62258,P61981
P62258,Q04917
P62258,P63104
P62258,Q8IZP1
P62258,Q0VF96
P62258,O75928
P62258,Q9UKV0
P62258,P56524
P62258,Q92628
P62258,Q9UKI8
P61981,Q13111
P61981,Q96S59
P61981,Q99996
P61981,Q99550
P61981,P42765
P61981,O00533
P61981,Q92905
P61981,Q13435
P61981,Q8N3V7
P61981,P15086
P61981,Q9UMS6
P61981,P55010
P61981,O43491
P61981,Q9Y2J2
P61981,Q96PU5
P61981,Q92576
P61981,Q9UPN3
P61981,Q9P0V3
P61981,Q14318
P61981,Q9GZV5
P61981,P43304
P61981,Q9Y613
P61981,P31629
P61981,P10809
P61981,P05783
P61981,Q13094
P61981,Q12912
P61981,P35579
P61981,P35580
P61981,P19838
P61981,P06576
P61981,Q9Y2W2
P61981,O15355
P61981,Q96GQ7
P61981,Q6VMQ6
P61981,Q9HC77
P61981,P07477
P61981,Q92934
P61981,P26045
P61981,Q5T1R4
P61981,Q9H4A3
P61981,P28290
P61981,P54274
P61981,P21580
P61981,Q9HBL0
P61981,O43399
P61981,P62258
P61981,Q96SB3
P61981,Q0VF96
P61981,Q8WXG6
P61981,O00161
P61981,Q9UKV0
P61981,P49790
P63104,Q13111
P63104,Q99550
P63104,Q92905
P63104,O75022
P63104,Q9Y446
P63104,Q8N3V7
P63104,Q9UMS6
P63104,O43491
P63104,Q96PU5
P63104,Q92576
P63104,Q14318
P63104,Q9GZV5
P63104,P43304
P63104,Q13227
P63104,Q9Y613
P63104,Q96B97
P63104,P31629
P63104,P11142
P63104,P10809
P63104,P13796
P63104,Q13094
P63104,Q12912
P63104,P51884
P63104,P35579
P63104,P35580
P63104,O60313
P63104,Q9HC77
P63104,Q92934
P63104,Q5T1R4
P63104,P32969
P63104,Q9H1E3
P63104,Q9H4A3
P63104,Q9Y3S1
P63104,P28290
P63104,Q07352
P63104,P54274
P63104,P21580
P63104,Q9HBL0
P63104,O43399
P63104,P53804
P63104,P62258
P63104,P63104
P63104,Q53GL7
P63104,Q0VF96
P63104,Q8WXG6
P63104,O43497
P63104,Q9UKV0
P63104,Q92628
Q12852,Q92805
Q12852,Q9NS73
Q12852,Q86YS3
Q12852,O60861
Q12852,Q15276
Q8IVH8,Q9BX66
Q8IVH8,Q92905
Q8IVH8,Q92882
Q8IVH8,P49407
Q8IVH8,Q9NZM3
Q8IVH8,Q13813
Q8IVH8,Q05481
Q8IVH8,Q9P0L0
Q8IW41,Q9UNE7
Q9BUB5,Q92905
Q9BUB5,Q12802
Q9BUB5,Q92793
Q9BUB5,Q6UB98
Q9BUB5,Q8NB59
Q9BUB5,Q9Y613
Q9BUB5,P78347
Q9BUB5,P17275
Q9BUB5,Q9UM54
Q9BUB5,Q96KR1
Q9BUB5,Q01970
Q9BUB5,Q9NQ29
Q9BUB5,P78527
Q9BUB5,Q8WXI9
Q9BUB5,Q12923
Q9BUB5,Q9H3P7
Q9BUB5,Q99615
Q9BUB5,Q13772
Q9BUB5,O75970
Q13546,P17538
Q13546,Q9Y5S2
O95819,O75674
O95819,O95197
O95819,Q9UNF0
O95819,Q12840
O95819,P05787
O95819,P05783
O95819,P08727
O95819,P54750
O95819,Q13526
O95819,P35900
O95819,Q02156
O95819,Q9NQC3
O95819,Q8WXI9
O95819,P84098
O95819,P05387
O95819,P19634
O95819,Q08945
O95819,P14927
O95819,Q9C0E4
O95819,Q16778
O95819,Q15643
Q9Y4G8,Q96S59
Q9Y4G8,Q13509
Q9Y4G8,Q9NRM2
Q9Y4G8,P16870
Q9Y4G8,Q9H0D6
Q9Y4G8,Q9UPW8
Q9Y4G8,O75592
Q9Y4G8,Q9UPT6
Q9Y4G8,P42285
Q9Y4G8,O95625
Q9Y4G8,Q12840
Q9Y4G8,P33176
Q9Y4G8,O95202
Q9Y4G8,P21246
Q9Y4G8,P49792
Q9Y4G8,P61313
Q9Y4G8,P61254
Q9Y4G8,P62851
Q9Y4G8,Q99700
Q9Y4G8,P23246
Q9Y4G8,Q16658
Q9Y4G8,Q14534
Q9Y4G8,P50502
Q9Y4G8,P63104
Q9Y4G8,Q14BN4
Q9Y4G8,Q8NBP0
Q9Y4G8,Q86UV5
Q9Y4G8,O95294
Q9Y4G8,Q96SQ5
Q9Y4G8,Q86UL8
P60953,Q07912
P60953,O96013
P60953,O14613
P60953,Q9UQB8
P60953,Q9Y6D6
P60953,Q9UKI2
P60953,Q13435
P60953,Q00587
P60953,Q96PY5
P60953,P51793
P60953,P05814
P60953,Q5HYK7
P60953,O60879
P60953,P68104
P60953,P29692
P60953,P78344
P60953,Q8NF91
P60953,Q9UPN3
P60953,Q9H3Q1
P60953,Q9UBB4
P60953,Q9UK97
P60953,Q9Y613
P60953,Q92664
P60953,Q9Y6I3
P60953,Q13751
P60953,P52565
P60953,Q8WWI1
P60953,P49407
P60953,P32121
P60953,Q9UM54
P60953,B2RTY4
P60953,P46531
P60953,Q13153
P60953,Q13177
P60953,O75914
P60953,Q08209
P60953,A6H8Y1
P60953,Q9NRR8
P60953,Q9NQU5
P60953,P49756
P60953,P49792
P60953,P52306
P60953,P82673
P60953,P62917
P60953,P35268
P60953,P62750
P60953,P46779
P60953,P62899
P60953,P62851
P60953,P06702
P60953,P08579
P60953,P50502
P60953,P11387
P60953,P13693
P60953,Q9UHF7
P60953,P0CG48
P60953,Q86Y07
P60953,Q9Y473
P60953,Q13029
P60953,P60896
P60953,Q92804
P60953,Q9BYG4
P60953,Q9BYG5
P60953,Q5VT25
P60953,Q92945
P60953,O60318
P60953,O95714
P60953,O00401
P60953,Q8TDN4
P60953,Q86VB7
P60953,P62829
P60953,O43396
P60953,Q9Y5S2
P60953,O15085
P51617,P49407
P51617,P52948
P51617,Q92905
P51617,Q6Y2X3
P05107,Q9Y6Y8
P19174,Q8IUX7
P19174,P12111
P19174,Q14315
P19174,Q13480
P19174,P98160
P19174,P46821
P19174,P62913
P19174,Q9NQB0
P19174,P07951
P19174,O75962
P19174,Q92905
P19174,Q6Y2X3
P17612,Q00610
P17612,O60264
P17612,Q15643
P17612,Q96S59
Q05655,O15151
Q05655,O00233
Q05655,P62424
Q05655,Q99615
Q05655,Q15853
Q05655,Q92905
Q05655,O15504
Q05655,Q9NZN4
Q02156,Q07157
P05129,P36543
P05129,Q14203
P24723,O43491
P24723,P02751
P24723,Q13439
P24723,P25685
P24723,P46776
P24723,P51531
P24723,Q70CQ2
Q05513,O00571
Q05513,Q02779
Q05513,Q99435
Q05513,Q9GZU2
Q05513,P06400
Q05513,Q7Z460
Q05513,Q6Y2X3
Q05513,Q96MN9
Q05397,Q8IUX7
Q05397,Q9Y6N8
Q05397,Q00610
Q05397,P09543
Q05397,P26358
Q05397,P21333
Q05397,Q05586
Q05397,P78559
Q05397,Q92859
Q05397,Q7Z6E9
Q05397,P49908
Q05397,P08670
Q05397,O75084
Q05397,O43679
Q05397,O95835
Q05397,Q99967
Q05397,Q92841
Q05397,O75475
Q05397,Q8WXD2
Q05397,Q9C026
Q05397,Q96PV6
Q05397,Q68CP9
P62834,Q07021
Q07889,P35221
Q07889,P35222
Q07889,Q00341
Q07889,O15230
Q07889,P36578
Q07889,Q15811
Q07889,Q13813
Q07889,P54920
Q07889,Q9Y5W8
Q07889,Q9UEW8
Q07889,Q9NZM3
Q07889,Q6Y2X3
Q07890,P00519
Q07890,P46109
Q07890,Q9UM54
Q07890,Q15811
Q07890,P21675
Q07890,P63104
Q07890,Q92905
P12931,P21333
P12931,O75369
P12931,P02751
P12931,P02795
P12931,P14859
P12931,Q92804
P12931,O15523
P12931,O95817
P12931,Q92905
Q9Y4K3,P63261
Q9Y4K3,P35544
P62861,Q9Y4K3,Q9Y4K3
Q9Y4K3,Q9UN86
Q9NQ66,P02768
Q9NQ66,Q00610
Q9NQ66,Q14980
Q9NQ66,Q15435
Q9NQ66,P78527
Q9NQ66,Q9P2E9
Q9NQ66,Q01082
Q9NQ66,Q92783
Q9NQ66,Q8WUM4
Q9NQ66,P40123
Q9NQ66,Q9NQ66
Q9NQ66,Q9UPN3
Q9NQ66,Q9H9E3
Q9NQ66,Q9GZM8
Q9NQ66,Q03252
