Q14240,Q04637
O95400,Q6P2Q9
P62330,P42704
P61981,P33176
Q14240,Q04637
Q9NVP2,Q8TEX9
Q9UJU6,O95714
Q9NVP2,Q8IWY9
P61981,Q9UQ35
Q9NVP2,Q8TEX9
O75940,Q15393
Q9UNM6,Q13200
Q9NVP2,Q86UE8
Q14164,O75116
P31946,P33176
Q15170,P51784
Q9UNM6,O00232
Q9UKT5,Q13616
Q9UNM6,Q99460
P63279,P46060
O76081,P46459
O75940,O75533
Q9Y2Q3,P42704
Q96T60,P49917
O75940,Q15393
O75832,Q99460
Q9Y2Q3,P42704
Q08117,Q04726
O43586,P37268
O15479,Q93009
P23508,Q00610
P49841,P57678
Q9NPH0,Q13418
O75832,Q13200
Q9UNM6,O00231
P27348,P33176
P31946,Q9UQ35
Q96T60,P49916
O00182,P35222
Q15287,P57678
Q9Y575,Q93034
P42773,P11802
P63279,Q9UBE0
O14730,Q9Y230
P14678,Q6P2Q9
O75832,O00231
Q05639,Q5ST30
O43586,P39023
Q15287,Q9UL63
Q9NRG4,P49841
P31946,Q9Y4H2
Q9NVP2,Q9UKI8
Q15165,Q9Y230
Q9Y265,Q9Y230
Q9UBE0,Q9UBT2
P40337,Q13617
O75832,P62195
P62330,P46940
Q9Y6E0,O43815
O95400,Q9BUQ8
P63104,P33176
P31930,Q9Y230
Q9HC98,Q8TD19
O00115,Q9Y230
P49841,Q9NRG4
P31946,Q9P0K7
Q13418,Q9NPH0
P43686,Q13200
P23508,O43815
P53680,P50053
P23508,Q9Y6E0
O75352,Q15014
P40337,Q9Y376
O75832,P43686
Q9UNM6,P17980
Q9UJU6,Q13227
Q9Y478,P13807
P31946,P15056
Q9UNM6,O43242
Q15654,P07237
Q05639,P29692
Q14164,Q00610
Q9UNM6,P62191
Q15287,Q6P2Q9
Q9Y6E0,Q13033
Q14240,Q53EL6
Q14240,P07237
Q9UBC1,P57678
Q15287,Q9Y383
P40337,O43294
Q9NY93,Q9BQG0
P61981,Q9H0B6
Q9NSA3,P35222
O75940,Q13435
Q9NSA3,P16278
Q15287,Q13523
P62140,Q15435
P61981,Q92538
Q14164,P42704
O43586,P31939
Q08117,Q04724
Q9NX58,Q9NR30
Q9UNM6,P43686
Q9HAW0,Q9UIA9
P43686,P62195
Q9BUV8,P28288
P61981,P15056
P63279,P49792
O43660,Q99459
O75832,P62191
Q15287,P68400
Q9NRG4,Q9Y2J2
P60842,Q04637
P43360,P42704
P26441,O75716
Q9UNM6,P35998
O75832,O60496
Q9Y6E0,O43815
Q9UBC1,P82650
Q12974,Q8NE01
O75940,P39023
P61981,Q9Y2J2
P11171,P35579
Q9BUV8,Q9NVI7
P32121,Q14978
Q9Y6E0,Q13033
O75688,O95267
P42773,Q00534
P61981,Q9H4L5
P31930,P22695
P23508,Q13033
Q9Y6E0,P30153
P01106,Q92621
O75365,Q8TEX9
O94907,P31146
P61981,Q7Z460
P32121,Q14978
P49841,Q9UHI6
P01106,P52701
O75832,O43242
P19532,P15121
P19532,Q00610
Q96T60,P18887
O75832,P17980
O14874,Q9Y376
O75365,Q9HAV4
P31946,P40818
Q14164,P07814
Q06609,Q9Y376
P61981,Q86W92
P49407,P50053
O95379,Q12974
P51946,P51948
Q13617,P07237
P37268,Q9Y265
P32121,Q13428
Q9Y2Q3,Q9HAV4
P22392,Q15435
P43686,P62195
Q15287,Q9UHI6
Q9P2E9,P60981
P23508,Q9NRL3
P62140,O14974
P31946,Q9Y2J2
P19532,P53396
P24941,P11171
P31946,Q8TEW0
P62330,P54577
Q15287,P49756
P43686,Q99460
P18887,P49916
P32121,Q96GQ7
O75365,P42704
P60842,Q53EL6
Q9UKS6,P11217
Q9UNM6,P62195
P19532,P53396
P49407,Q14978
P61981,Q9UDY2
P52565,P61586
Q9NX58,P62750
Q8IXJ6,P49591
Q9UQM7,Q13554
Q14164,P12268
Q9UQM7,Q13557
P23508,P07814
P43686,O75832
Q12974,Q6P4Q7
Q05084,O75716
Q9HAW0,Q8TEX9
Q9Y2Q3,Q8TEX9
Q9NX58,Q9BQG0
Q12974,P49354
Q15287,O75533
O75940,Q9NR30
Q13177,Q9Y2X7
P60520,P69891
Q9NS64,Q13616
Q9Y6E0,Q9BUL8
Q9UNS2,O14832
O75832,P35998
O43586,P62750
Q9Y4K3,P58107
P49407,Q14978
P32121,O00203
P01106,P33993
Q9HC98,Q93008
Q9UBC1,O14593
Q9Y2B9,P17612
P27348,O60282
P11802,Q16543
Q9H3R5,Q15126
P01106,Q07864
Q96T60,P25205
P61981,Q9UJ41
Q93063,O75716
Q9Y230,Q9BVM2
Q9NSA3,P14923
Q02790,Q9UBE0
Q00169,Q15126
P10644,P17612
P62491,Q6WKZ4
Q9Y6E0,Q9NRL3
P23508,P30153
Q14232,Q9NR50
O75365,P28288
P61981,Q13523
P49841,Q9Y3F4
Q15287,P19784
P52565,P63000
O75365,Q8NE01
Q9NRG4,O75122
P22392,P58107
O75832,P51665
O43791,Q8IXJ6
P61981,Q9Y4H2
P49407,O00203
Q9NVP2,Q13112
O00115,Q9Y265
Q9BW60,O75832
Q9UNM6,O00487
Q15287,Q9NQ29
O15479,P61247
Q9Y265,Q9BVM2
P61981,Q8TEW0
O14519,P04745
Q9Y6E0,O00506
P61981,O96013
Q05084,P26441
O75832,P62333
Q9UNM6,P51665
Q12974,P49356
Q9NS64,Q9UKB1
Q15853,P22415
P62330,P58107
Q05639,P24534
P61981,Q7KZI7
P52565,P08134
Q14240,O43795
Q15287,Q96SB4
O60232,O60496
Q9NY93,P82663
P15090,Q93063
P14678,P50053
Q9BUV8,Q5T9A4
O15479,P62750
Q9Y5J5,Q8N1F7
Q15287,P67870
Q15287,Q9H307
P11802,P42771
Q8N726,Q15287,P26368
P31946,Q9H0H5
Q9Y2Q3,Q8WUM4
Q9Y5L4,Q9Y376
P63104,Q9Y2J2
Q14240,P11940
Q96BK5,Q9NW61
O43660,O75934
P40337,O75716
P41235,O76070
O00264,Q9BUP0
P31946,Q02241
P32121,O00505
Q9UFF9,Q9H9A5
P10644,P61081
Q9Y2Q3,P58107
P61981,Q9P0K7
P35613,O14593
Q14164,P35580
P22392,P53396
Q9Y4K3,O15067
P18887,Q96T60
Q92796,Q9UQM7
Q96RG2,O75716
Q14240,O43432
Q14164,P11940
P61026,P61006
O00422,P04844
Q9UGT4,P09382
P49407,Q13428
P23508,P55072
Q96EZ8,P67870
P49407,O14646
Q13541,P06730
P15090,Q92882
Q96BK5,P11940
O75116,O75716
P62140,P41236
Q9Y5J5,Q8WUM4
Q9Y478,Q9H2U1
O75365,Q9Y5M8
P52565,P60953
P63104,P40818
P27348,P15056
Q13617,Q9Y376
P15090,Q92882
Q14164,P53396
Q9UBC1,Q9NQ29
Q9UBN6,P42704
P78545,P07237
Q93063,O76070
Q9NX58,Q6P158
Q9Y6E0,P62714
P27348,Q96T60
Q9NS64,P11802
Q9Y675,O75533
O95379,Q93096
P01241,P09960
O15479,P39019
O75365,Q9UIA9
P32121,O00629
Q7L1Q6,Q9Y6E2
Q14240,O00571
O43586,P62910
O75365,O43242
P27348,Q9Y2J2
Q9NPH0,O43665
P60510,Q8TF05
P61966,P61026
Q9NVP2,P61247
Q96BK5,P10599
O75688,P05783
Q16611,Q12802
P78396,O43294
Q14240,P78344
Q9Y2Q3,Q9UGP8
O00182,P14923
Q9NX58,P39023
Q99608,P57088
Q9Y5J5,Q92621
Q5TCY1,Q6IQ55
Q14164,P31939
Q38SD2,P05109
P27348,Q9UDY2
Q9NPH0,Q15404
O15479,P62899
P62140,O60927
Q15287,Q9C0J8
Q7L1Q6,O43586
P24941,P61081
O60496,P61026
P43686,Q9UNM6
Q06609,Q9Y5L4
O75385,O95166
Q9Y2Q3,Q14203
Q99608,P62280
Q9BRX2,Q9Y265
O43586,Q9Y265
P62380,P52655
P31946,Q9UDY2
Q9HAW0,Q9NVI7
Q16394,P26441
Q9UBC1,Q9H307
Q12974,Q93096
Q9NY93,P61247
P01106,Q8N1F7
Q9Y2Q3,P99999
Q14164,P55072
P23508,P48730
Q9Y2Q3,P04844
Q9Y2B9,P57735
O76081,Q15126
Q9Y265,P37268
P49407,Q14137
Q9HAW0,Q9C0E2
Q96JB5,P40616
O76071,O00159
Q96BK5,P46783
O43586,Q7L1Q6
Q9Y675,O75716
P19532,Q13617
P49407,P68400
Q93063,Q9Y4L1
P41235,Q93063
Q9HC98,Q8TEX9
P61026,P61966
O43665,O00422
Q01995,P06702
P78549,P12883
P40337,O15067
P27348,Q9NZT1
P63104,O00273
Q9NVD7,Q9H2U1
O43586,P46778
P61981,Q8NEM2
P27348,O96013
Q14240,P06730
Q15773,O95816
O76081,O15269
O00422,P39656
Q9Y4K3,P11586
Q9NSA3,Q9H3G5
O00255,Q9NS64
P78549,P36639
Q15287,Q9BUQ8
P62380,P52657
P23508,P35580
O75716,Q9NPJ1
Q9Y5L4,Q9Y5J9
Q9HAW0,P56192
Q9NSA3,Q9H3G5
Q93063,P26441
Q9BZ23,Q9BS40
O43586,P62899
Q15287,Q9UQ35
O60232,Q9Y230
P23528,Q01995
O95995,O76071
Q38SD2,Q86UR5
O15479,P62263
P22392,P62807
P22392,P61626
Q9UNM6,P48556
P40337,Q15369
P62330,P49366
O43427,O15294
O15479,P62249
O96013,P60953
P43686,P17980
O75940,Q01844
P49407,P36575
O00182,Q15758
P43360,P39656
Q9HC98,Q8TDX7
P62380,Q15126
P31946,P85037
Q9NSA3,Q9UL42
O75618,Q9H6Z4
P23508,P05783
P78549,Q9Y623
P41220,Q9P2D0
P61081,P10644
P32121,Q14137
Q7L1Q6,P24390
P78545,O00571
P27348,Q8IUF1
Q9NVP2,O60496
P49841,Q96QU8
P41235,O75716
Q9UBE0,P55854
P40337,P20618
Q9UJU6,Q9ULA0
P15090,O76070
Q14164,P13797
P23508,P06753
Q9HC98,P42704
P22392,P52434
Q9BZ23,P21796
Q96T60,Q13426
O75688,P09327
Q15287,Q16630
Q9NY93,P49207
O00273,O76075
P50053,P31025
Q9UBC1,P82930
Q9Y4K3,P49321
P31946,Q9Y6M7
Q9NPH0,Q9H2U1
Q9NY93,P46781
O75618,P50053
P50053,P61626
Q9Y6F1,P35244
Q9Y2B9,Q9Y664
Q96T60,O60936
P62140,Q12972
P43686,P35998
P63104,P15056
P11802,P42773
P78545,Q14697
Q9UBC1,Q9H9J2
Q9Y5J5,Q8TEX9
O43586,P61254
P61981,Q9Y383
P27348,Q9P0K7
P52565,Q14232
O14874,Q9H9S4
P49662,P06396
P78545,Q9NZC4
O75352,Q15126
P29372,P23142
P22392,P28222
Q9BRX2,P28288
P43686,O00231
P63279,P63165
P40337,Q15370
O15519,Q15393
Q13617,Q9Y5L4
P78545,P31939
P49841,Q9H2U1
Q99608,Q9Y5M8
O95190,P11926
O75688,P05109
O43586,Q9Y6E2
P63279,P55854
P27348,Q9H0B6
Q9Y2Q3,P41252
O75832,O00232
P31939,P23458
Q16611,P22087
Q16611,Q9UQ35
O95999,P62807
Q14240,O95400
Q05084,Q9NPJ1
Q13418,P57678
Q9NX58,P46781
O00422,O43665
O43586,P18077
Q9Y675,O76070
Q13418,O00571
Q9NX58,Q9BZE4
P40337,P08134
P01106,Q9GZR7
Q9HC98,P33993
Q9UKS6,P62750
Q9Y230,O00469
Q9NRG4,Q9UKA4
P40337,P26441
P27348,Q7KZI7
P60520,P42704
P23508,P49674
O75569,O60506
P43686,P22234
Q9Y5L4,P35244
P16035,O76070
Q7L1Q6,Q92611
P22392,Q12972
Q15287,Q9Y2W1
Q9Y4K3,Q5ST30
Q15853,O15392
P40337,P10599
P32121,P49407
Q9HAW0,P57678
Q16394,Q92882
Q96BK5,P62899
P43686,O95816
O43353,Q96CX2
Q9Y230,Q9Y265
Q9Y6E0,Q14BN4
O75896,P50851
P35613,Q9H6Z4
Q9NY93,P62807
Q9Y5V3,Q9UBF2
P01106,Q92974
Q9UNM6,P55036
P49407,O00541
O14519,P01876
Q9NY93,Q02543
Q9Y2Q3,P04843
O15479,P61254
O75688,P06396
O43586,Q02543
O75365,Q9NVI7
Q8IXJ6,P13807
Q9Y5L4,O60220
P63104,O96013
P61966,P61619
Q9Y575,P06702
Q9Y2Q3,P28222
Q9Y6F1,P13995
O75365,P28340
P14678,Q15020
P60604,Q9UKV5
P49407,Q96GQ7
P49407,O00505
Q9BUV8,O00571
P52429,Q9Y266
Q93063,Q15369
Q9UBC1,Q9Y676
Q9Y5J5,O75746
Q00169,Q15014
Q15287,Q96S59
Q9Y230,Q93009
P19532,P07814
Q15853,P29508
P61966,Q6NXE6
Q16611,P45880
O95467,P63092
P84996,Q5JWF2
Q16658,Q9Y675,Q15369
P19532,O15067
P49407,Q6DKI1
O14519,P01877
Q02790,Q8IVV2
Q6PIL6,Q9NS61
P01106,P57678
Q9Y6F1,Q16778
Q96BK5,P61247
P60510,P30153
O14730,P40616
O43791,O60496
Q15654,P27105
P31946,P27448
P63104,Q9UDY2
Q9NY93,P62750
Q9NX58,Q02543
Q99608,Q9UBM7
O75688,P55072
O75365,P16615
Q15287,Q8IYB3
Q9Y4K3,P55072
P61981,P27448
O95400,P07237
Q9NSA3,P00505
O15479,Q9Y3U8
P23508,O15067
P22392,Q9Y230
Q9Y230,P62280
O75940,Q96JB5
Q9Y4K3,P41252
P63279,Q9UBT2
P27348,Q08AE8
P31939,P27105
Q9UJU6,P11802
Q92796,P04083
Q9UKT5,Q15843
P41235,Q92878
P28566,P17980
Q9Y664,P57735
P43360,P78344
O75352,Q15758
Q9Y5J5,P42704
Q96BK5,P39019
O00422,P54577
P14678,P57678
P40337,P07741
P61981,O60282
P27348,P04049
Q7L1Q6,Q8N3K9
Q9BUV8,O43242
P49662,Q9Y5M8
Q13617,P27105
Q9NY93,P82675
O60496,Q9UBS4
P01106,Q6P2Q9
Q99608,P61619
Q9Y265,Q96AV8
Q15853,P06702
P40337,P24941
P40337,Q7Z443
Q9Y5S2,P39023
Q15287,Q9P2I0
Q15287,Q9Y3F4
P31930,P62306
P61966,P53985
P62330,Q13310
Q9HAW0,Q9Y5L0
P49662,Q8N1F7
Q15773,P28288
Q15773,O76081
Q9UKS6,O60936
Q15126,P05455
Q15654,Q9NXV2
Q15654,Q9Y2W1
P52565,Q08211
O75815,P26639
Q9NY93,P61254
Q9ULA0,O60343
O60427,Q9UBM7
Q96T60,Q8N1F7
Q9Y6E0,P05090
P61981,P04049
Q7L1Q6,Q14203
O95400,O95073
Q14232,Q13144
P23508,P41252
Q15773,O76071
Q9Y2B9,P35244
P43686,P62191
Q9NRG4,Q16543
Q9UBN6,P35580
P40337,Q16658
P49662,Q8TBZ2
P52429,Q01105
Q9Y5J5,O75964
Q9UBE0,Q16678
Q9NRH2,O75716
Q9NPH0,Q9UBM7
O95400,Q14558
P05787,O75503
Q9Y5V3,Q15843
Q9Y675,Q6P2Q9
Q15170,Q9UNL2
Q9Y4K3,Q14697
P32121,Q9H9J2
P60520,Q04637
Q9Y5J5,P51571
O43660,Q9H3G5
P40337,P41252
P27348,P61326
P52429,P22234
Q92796,Q13617
O15479,P49207
O75832,P55036
Q15170,P63151
P78543,Q96LI5
P78396,Q9P253
Q9NX58,Q08211
Q5EB52,P28288
O75352,P61247
Q9UNM6,P25788
O75365,Q14558
Q15287,O43395
P27348,Q9Y4H2
P35613,Q9UBB4
Q9Y5V3,Q12769
P23508,P26639
Q15773,Q15126
Q9HC98,O95834
O00264,P28288
O43586,Q9Y3U8
P57735,P53680
O14730,P43360
Q9Y675,Q9P2D0
O43791,O60684
P40337,P49720
P40337,O95267
Q13418,O94832
O75352,O95714
Q9NPF4,P51148
Q9UNM6,P13995
O75365,P57088
Q15287,P63010
Q15287,P50053
P31930,Q9Y5M8
P62330,P22102
Q9BUV8,Q9Y5L0
P49662,Q9Y277
P23508,Q01813
Q99608,Q9Y679
Q9UNM6,P62333
P40337,Q9H0U4
O95400,P50053
P24941,Q99523
Q9NX58,P61247
O75688,Q13310
O75832,P62807
O75365,P43246
Q8IXJ6,Q9NQC3
P49407,Q16627
Q9NY93,P62249
P78545,P26639
Q9Y2Q3,P39656
Q9Y5J5,Q9Y5L0
Q96T60,O75746
O75688,P04083
O76081,Q92504
O00422,O00571
O75940,P37268
Q9Y4K3,O00571
P31946,Q9Y2A7
O14874,P12694
Q7L1Q6,Q8TCU6
Q9HC98,Q15758
P60510,P62714
O43586,P42766
P40337,P62877
P31939,P09012
Q9HAW0,P57088
Q9NY93,Q8IY81
Q13418,Q15404
Q9Y5V3,Q92621
P23508,P11586
O43586,Q9NR30
P40337,Q15843
P27348,Q8IV61
Q9Y5V3,Q9NZT1
P01106,Q9BQG0
O75365,Q5SRE5
O14730,P51571
O75940,Q12874
Q9Y675,Q15393
P40337,P37802
P31946,P68400
P53680,O75417
Q9NY93,Q96EL2
O43768,P25205
P49841,O75533
P28566,P43686
P23508,Q9BUL8
O43586,P47914
P31946,Q12802
P27348,Q15276
P27348,P40818
P24941,Q15843
P60842,O43432
Q14240,O60271
P50053,Q96JB5
Q9BZ23,Q9H2U1
Q9NVP2,Q09028
P31939,Q9Y375
O00273,Q15751
P11171,Q5ST30
Q38SD2,P61626
Q9BRX2,Q3ZCQ8
O43586,P83881
Q15853,P48594
P32121,Q8N983
Q9Y575,P05109
P49662,Q9H936
O00273,P23508
Q9NX58,P46778
P23508,P61289
Q13177,Q14161
P27348,Q9Y383
P27348,P49815
P32121,P22087
Q9NVP2,Q13111
O00273,Q96NT1
Q9Y6T7,Q9Y5E4
O15479,P46778
Q9HC98,Q8N1F7
O14593,Q14203
Q5TCY1,Q92621
P60604,Q9Y4E8
Q9HAW0,O60762
Q9NY93,O60783
Q13418,Q9HBI1
Q13177,P35580
P60510,Q9NY27
Q9UBN6,O15067
Q9UBN6,Q15393
P40337,Q15652
P27348,Q02241
P27348,Q9BZ23
P49407,P23458
P11802,Q9NS64
Q9NSA3,P35244
Q13617,Q16875
Q9NY93,Q6P158
O95467,P63092
P84996,Q5JWF2
Q9BWD1,O15479,P62854
O15479,P46781
P23508,P56192
O75688,P07355
Q9Y6E0,P15924
P63104,Q14978
Q92796,Q9BQ90
P23508,P16152
Q9NPF4,P31689
Q9UNM6,P25786
O14593,P39656
P19532,Q5ST30
P40337,Q16878
O76071,P33992
Q14232,P81605
Q13418,Q9Y679
O15479,P67870
P23508,P21796
Q96BK5,P62750
Q9Y478,P53396
P14678,O43719
P40337,O95340
P61981,Q14739
P63104,Q9P0K7
P63104,Q86X27
Q9BUV8,O15260
P78545,P27797
O15479,Q9BS40
P01106,Q9Y5Q9
Q9Y675,P57678
Q9NRP7,Q6NXE6
Q15853,Q12974
P32121,O00541
Q9NVP2,Q8WZ42
Q12834,Q3LI72
P24941,O15294
Q9NY93,P62899
Q9ULA0,O95239
O95467,P63092
P84996,Q5JWF2
P22234,P01106,P61244
P43686,P51665
O14730,P22087
P19532,Q15843
P61981,Q9H0H5
P27348,P26196
Q9HAW0,P28288
Q9HAW0,O75533
Q96JB5,P01834
Q9NY93,P61927
P60842,P06730
Q9BRX2,O75746
Q96BK5,Q9BZE4
Q9Y4K3,P26639
P40337,P62807
P27348,P27448
O95400,P62308
Q93063,P62273
Q13177,P25205
Q92956,P07237
P21796,P33176
P52565,Q01844
Q92796,P62807
Q92796,P33764
P55199,Q8IXJ6
P11171,P22234
P41235,Q13310
Q9NX58,P06748
O15527,P62306
Q9NQY0,P84090
Q9Y5S2,P81605
Q9UJU6,Q8TDY2
O00264,Q9H9B4
Q96T60,Q5T9A4
Q96T60,Q9UHI6
Q9Y478,O43741
O43586,P49207
O14730,P20618
P23508,P00492
Q96BK5,P62857
O43353,P62263
P16035,O14818
P49662,P24941
O76071,P51784
Q9HC98,Q9HAV4
Q96RG2,P22087
P62140,Q9H788
O43586,P61513
Q9Y675,P08579
P31946,Q9H4L5
P32121,Q6DKI1
Q9HAW0,P08195
Q9NY93,P82933
P49841,Q01844
Q14164,P30153
O00264,P39656
Q15287,Q15393
O75940,Q9NQ55
O75363,Q9Y230
O95400,P62306
Q9UJU6,P98187
P52429,P08559
Q9Y2Q3,O43264
O15379,O75533
Q9BS40,Q9Y2W1
Q9Y5V3,P42704
Q9Y5V3,Q3ZCQ8
P22392,P31939
P52948,Q9NR21
O00422,P46459
Q15654,P62263
Q5TCY1,P60520
P61981,Q9UQB8
Q16611,O00273
Q9BUV8,P51571
Q14240,P46100
P11171,P37802
P01106,Q9UL63
Q9BZ23,O14827
O75569,Q14558
O43586,Q02543
P19532,P63173
P60604,Q9Y679
P40337,Q9UNM6
P40337,P26639
P40337,P13693
P61981,P08069
Q14164,Q9Y230
P23508,Q13200
Q9Y5J5,Q9HAV4
Q9Y4K3,P22234
P27348,Q9NQU5
Q16611,P61160
Q16611,O75592
P49662,P20618
P78396,P23508
Q9NY93,P22087
P78545,P29692
O15479,P83881
P01106,P51532
Q9Y5J5,O95433
P19532,Q13263
O75815,P11940
Q9BUV8,Q9UIA9
O95400,P81605
P24941,P22087
O95467,P63092
P84996,Q5JWF2
Q9Y265,Q9NX58,Q96GQ7
O15479,P83731
Q9Y478,P56192
Q15853,P05109
P40337,P35244
P11802,Q9UJU6
P11802,P57678
Q14164,Q9P2J5
Q13418,P06702
P62140,P57088
O75365,P24941
Q9Y6E0,P17844
Q9NPH0,P48059
Q9BUV8,O75746
P78545,P23458
Q96RG2,P20618
Q9BRX2,O94832
Q96BK5,Q13310
P31930,P31689
P40337,P50748
P40337,P23508
P40337,P22061
P32121,P51148
Q13418,Q01844
O15479,P46779
Q15287,Q9UJV9
Q9UBN6,Q13263
P27348,O43491
P60520,Q8TD19
P43360,Q9HAV4
Q96RG2,P61964
Q9Y5J5,O43264
Q15287,P78362
O43791,P31150
Q9HAW0,Q8N1F7
O95400,Q01844
O15519,O60496
O60921,P25787
O75365,P54709
Q15287,Q93009
Q9NRG4,O15169
Q14240,P09923
Q93063,P82279
Q9Y2Q3,P33993
P43360,Q04637
P29372,P21266
Q9BRX2,P33993
P60510,Q16204
O60232,Q02413
Q12834,Q9BYQ3
Q9Y2Q3,P43243
Q13418,P56192
Q9Y5J5,Q9C0E2
Q9UNM6,P60900
Q9Y6E0,Q9UN86
P31946,Q9P2M7
P61981,Q02241
Q9BUV8,O76031
Q9BUV8,O15269
P49662,P52701
Q9NSA3,P30153
P01241,Q9Y3F4
Q13418,Q14558
Q9Y5V3,P53007
P23508,P22234
P78330,Q14558
Q15287,P54136
P19532,P35244
Q9Y4K3,Q76L83
P21796,P81605
O75815,P12268
P49662,P41091
Q9NY93,P62273
O95467,P63092
P84996,Q5JWF2
P34897,O75815,P41252
P49662,Q9NSA3
Q9UFF9,P33993
Q9NY93,P62280
Q14240,Q13332
P60520,P21796
Q9Y5V3,Q9ULX6
P01106,O43795
O76081,Q9Y230
P40337,P04080
P40337,Q12996
P61981,P18583
P27348,Q86W92
Q12834,Q9BYQ4
Q9NY93,P47914
P11171,P30084
P22392,P25787
Q9Y4K3,Q9UDY2
Q9NPH0,P84090
Q9NX58,Q99848
Q9Y5V3,Q9UBB4
Q15287,Q92620
Q9Y6E0,Q8WUM4
P40337,Q92839
Q9HAW0,Q96QU8
Q96JB5,P01876
Q14164,O14818
Q96EZ8,P10644
P40337,P46781
P27348,P46778
Q13617,Q9NXV2
Q96BK5,P62249
Q9Y478,P35580
P27348,Q9P0V3
Q13418,Q9H2U1
Q9NX58,P83731
Q9NX58,P62899
Q9Y5V3,P41252
O75365,O14787
Q15287,P61289
Q9Y6E0,O43167
P40337,P12268
P63104,P08581
Q9Y5V3,O15269
P22392,O14818
O00422,O75964
P63104,P62899
Q9Y2Q3,Q9UBB4
Q14164,Q7KZF4
Q9BS40,P35813
P23508,Q96QK1
O76081,Q01105
Q9Y675,O43395
Q15853,P06748
P40337,Q99700
Q9NVP2,P78330
Q9HAW0,O43795
P11171,P27797
O43427,P57678
Q9NX58,P52294
Q9NX58,P37108
Q9HC98,Q9HC35
Q9HC98,P24390
Q9HC98,O00159
Q96BK5,P23526
Q9Y675,Q9Y4Z0
P63104,Q9Y2A7
Q9NVP2,P62899
Q9NY93,Q8N983
O60921,P00492
O15479,P62280
O43353,P63173
P60604,Q9UDY8
Q9NVP2,Q9Y2R9
Q9BUV8,Q9UNL2
Q9NY93,P37108
Q9Y2Q3,P08195
Q9Y664,Q9Y679
O75365,Q14139
Q9H6Z4,P50053
O75940,Q15427
O76070,P25205
P60604,P31146
Q9BUV8,Q9UI26
O43427,P14174
Q9Y6E0,Q8WXH2
P11802,P07948
P49841,P53396
Q14164,Q9Y4L1
Q13418,P35606
Q9BS40,Q14011
Q9Y5V3,P04792
Q15287,P09012
Q9Y6E0,O60506
Q9BUV8,O14593
P11171,O15067
P22392,P31948
O75569,Q9Y3U8
O75365,P25205
O14730,P43686
Q9Y4K3,P21796
P61981,Q15276
Q9NY93,P82930
O00273,Q9Y4E8
O43427,Q9Y6B7
Q13418,P84090
P43360,Q00341
P23508,P09960
P29372,P00505
Q9HC98,Q16543
Q9UNM6,Q9H936
O76070,Q96AE4
P63104,Q13310
P49662,Q93008
Q9NY93,Q8IY37
Q14240,P62273
Q9BS40,O75122
P29372,P43487
Q9HC98,Q9Y230
Q9UNM6,O14818
O43791,O14986
P40337,Q13526
P31946,Q9UJ41
Q14240,P06753
Q13418,P04792
Q9HC98,Q13200
P22392,P33176
P22392,P63173
Q9UNM6,P82279
Q9UNM6,P07332
O75365,P78347
O75940,Q9Y265
Q9H7B4,Q5EB52
Q9UBN6,P14174
Q9Y4K3,P33993
Q15853,P35637
P40337,P23284
P61981,Q9P2M7
P63104,O75533
O75815,P62750
Q9HAW0,O43242
Q9BUV8,P17844
Q9BUV8,Q8N1F7
Q9Y5V3,Q9Y5M8
P23508,P25786
O75365,Q9UNL2
Q9Y675,O43719
P40337,P01024
Q9HAW0,O14925
O76071,Q9NRZ9
Q9UFF9,P29966
Q9BS40,Q9BZ23
P60510,O94832
Q9Y6E0,O95433
P16035,Q14697
Q9Y4K3,P07741
Q9Y4K3,Q68J44
P61981,O75122
Q9Y5S2,Q9NR30
Q9Y5J5,P48444
Q96BK5,Q9NR30
O75815,Q92945
O15519,Q16658
O76071,O76031
Q9HC98,Q9Y5L0
Q13177,Q9Y266
Q9Y5J5,P57088
Q96BK5,P37108
Q9UBN6,P53396
Q9Y4K3,Q16658
P31946,Q9Y2U5
O60921,Q9Y3F4
P23508,P33993
Q15654,P43686
P63104,O95685
Q9HAW0,P40616
P49662,P09661
Q9Y5S2,P42766
Q96JB5,P02788
Q14240,P05186
P11171,P43686
P01241,P61326
Q13418,Q9NR21
P22392,P30153
Q9Y5J5,Q9UBC5
O75365,P39656
P16035,P60900
Q92956,Q12933
P27348,O00273
O95994,Q01995
P78396,P48730
P78396,P49674
P01241,P07741
Q9Y5V3,O60762
Q96BK5,P46778
Q96BK5,P62910
O76070,P17844
Q9BUV8,O95433
Q9BUV8,Q6NXE6
O15379,Q9Y4E8
Q9BS40,Q9Y266
Q9BS40,Q96KR7
P43360,P04844
Q15165,O15067
O00422,P04792
O76070,P26038
Q9Y4K3,P62750
P40337,Q01469
P01106,P25205
P16035,P61289
P61981,Q9UJF2
P49662,Q14203
Q14240,O00159
O75365,P08195
Q9Y6E0,Q01844
P40337,O14737
P40337,Q5ST30
Q9BUV8,P40616
Q9BUV8,Q8IXM3
P49662,Q969L4
P11171,P54819
P11171,P35580
P49841,P51659
P43360,Q14203
Q9Y5J5,Q9H5Q4
P60510,Q9BWH6
P31946,Q9Y2U5
P31946,O75592
P31946,Q86W92
P31946,P49815
P63104,O60825
P63104,Q15287
P24941,P11586
Q9Y5J5,Q9NS69
O75365,Q6P4Q7
Q9NY93,P83881
Q9Y2Q3,O00571
Q13418,Q9NXV2
Q9Y5V3,Q16795
Q9Y5J5,Q9UI26
O75365,Q9UGP8
Q9BUV8,Q9UBB4
Q9Y2Q3,Q8N1F7
Q9Y5V3,Q9UBX3
P01106,P35251
Q9Y5J5,P04844
Q96BK5,P61254
O00422,Q6NXE6
O00422,Q16740
P40337,O75694
P40337,P05455
Q9HAW0,Q9Y679
O76071,Q8N1F7
Q9NY93,P62910
Q13418,Q9Y5M8
Q96BK5,Q02543
Q9HAW0,P33993
Q68J44,Q16531
P11171,O14818
O15479,P35268
P60510,Q9NZT1
O75940,P49137
P61981,Q96SB4
Q9NPH0,Q01844
Q9BUV8,Q9H223
P49662,P21796
O95400,Q9P2D0
P43360,Q9Y3A5
Q9Y4K3,P49411
P40337,Q9Y266
P40337,P62750
P63104,P81605
Q9HAW0,P24390
Q9BUV8,P04844
P11802,O75694
Q14240,P27105
P11171,P49411
Q13418,Q9NVD7
O75365,P53680
O75365,O15260
P63104,Q9H307
Q9HAW0,O43264
Q9NRG4,P08579
Q9Y6E0,P43243
P21796,P00505
O75815,Q13263
P01106,P56192
Q9HC98,O15260
Q9Y5J5,Q9H9B4
P78330,Q14011
Q14164,Q9HAV4
Q13418,P61604
P10914,Q8IYT8
Q9NX58,P62854
Q9UBN6,Q5ST30
Q92956,P78330
P49662,P51571
Q13418,Q8N1F7
O75365,P42224
P40337,P62942
P63104,Q86YD1
Q68J44,P46459
P43360,P28340
P23508,P29401
Q9HC98,P08195
Q9Y5J5,Q9UBB4
O43586,Q9UJX6
Q9NY93,P46778
P22392,P54819
Q9Y5J5,P62306
O75365,O76031
Q15287,O95782
Q15853,P01859
Q15853,P39023
Q14240,P23458
Q14240,Q9BVA0
P11171,P14174
P11171,P31948
P01241,P61289
Q9UKS6,P22087
Q9UKS6,Q9BQ67
O00422,Q8N1F7
P49662,Q9NU22
Q9Y2Q3,P28340
Q13177,P22061
Q9Y5J5,Q16891
Q15287,O43290
Q9NRG4,O00571
P19532,P42704
P61981,O75592
P11171,P20618
Q13418,Q9UIA9
O15479,P37108
P29372,P18077
Q9HC98,O95433
Q9UKS6,P00505
Q9Y5J5,Q15555
O43353,P60900
P40337,P33993
Q96JB5,Q9UGM3
Q96JB5,Q9Y3U8
P29372,Q01105
O75365,P78344
P62330,P04844
Q9BUV8,P57088
P78396,P53396
P60520,Q13501
P01241,P00505
Q9NX58,Q8TDD1
Q9Y5J5,O14593
P60510,O00743
P62330,P33176
P11802,P35606
P60520,P50502
O75365,P58107
O75365,Q13257
Q9Y4K3,P37837
Q9BUV8,Q8N6L1
P24941,P37802
O15519,P49411
P60520,P35268
Q9NX58,P61254
O15479,P35637
P78330,P46781
Q15287,P84090
P19532,P55072
Q92956,P55072
P11802,Q12996
Q14164,O00571
O15479,P62807
O75940,P09661
Q9UBN6,P27797
P21796,P06753
P40337,P14174
P78545,Q16658
Q9Y5J5,Q13232
P60510,P15924
O00422,O94925
P61981,Q9UKV3
Q9HAW0,P35606
Q9HAW0,P04792
P11171,P61247
Q13418,Q92621
Q9HAW0,O15260
P11171,P63220
Q14164,P40939
Q13418,P20618
P01106,Q6NXE6
P01106,P11274
O75365,Q9NVH1
P31946,Q9UKV3
P62330,P39656
O75815,P00505
P01106,P35606
P31946,O00273
P61981,Q13009
Q13418,P14174
P23508,O75694
Q96EZ8,O14986
Q9Y5J5,P40616
P31946,P08069
P31946,O96013
P62330,Q13263
P04222,P10321
P30499,P30501
P30504,P30505
P30508,P30510
Q07000,Q29865
Q29960,Q29963
Q95604,Q9TNN7
P01889,P03989
P10319,P18463
P18464,P18465
P30460,P30461
P30462,P30464
P30466,P30475
P30479,P30480
P30481,P30483
P30484,P30485
P30486,P30487
P30488,P30490
P30491,P30492
P30493,P30495
P30498,P30685
Q04826,Q29718
Q29836,Q29940
Q31610,Q31612
Q95365,Q9NX58,P42766
Q14680,O75716
Q96BK5,P83731
Q9NX58,P22087
Q9Y5J5,O94832
O75365,Q9UHI6
O43353,P04179
P40337,Q9Y5B9
Q9HAW0,Q93084
O76071,P22087
P29372,Q9Y237
P01106,Q9NU22
P16035,P47914
P61981,P46937
Q9BUV8,Q16540
P78396,P22234
Q13418,P81605
P01106,Q9H8V3
Q9Y5J5,Q9UBF2
Q9Y478,P26038
P19532,P12268
Q9Y4K3,P04181
P78545,Q01844
Q13418,Q9UBM7
P43360,Q9UGP8
P23508,O43167
P01106,Q12789
P22392,P39019
O75365,P12004
O75365,P78330
P31946,Q86X27
P24941,Q01469
P60520,P41252
P29372,P61604
Q9NPH0,Q9NVD7
Q9HAW0,O75122
Q9HAW0,P43307
P49662,P11172
P43360,Q6NXE6
O15479,P47914
Q9UKS6,P28482
Q13177,P23526
O76071,P20618
Q13418,Q15459
P43360,P78347
Q9HC98,P46459
Q9HC98,Q9BZX2
O60232,P04181
Q15853,Q9NZT1
P61981,Q12802
P61981,O75122
P62330,P53396
P49662,P53007
P43360,Q9Y277
P29372,P41252
O75365,Q9UBB4
O00422,P31153
P16035,Q9Y617
P21796,Q14697
P40337,P31939
P40337,Q15459
P23508,P55786
Q92956,P20618
O76071,O14519
O76071,P25205
P78545,Q9Y266
P78330,P84090
Q15287,Q9NYF8
Q15287,O43172
P16035,P30084
P40337,P00492
P49662,O14579
Q14164,O00299
Q13418,Q16531
P22392,P04844
Q15287,Q13435
Q15853,P22528
Q96JB5,Q9NR21
Q9NX58,O60684
P22392,P61326
O75365,O60762
O75365,Q15386
P61981,Q9NYF8
Q13177,P00505
Q96BK5,P62280
O75365,O00159
Q15287,Q13427
P61981,P49761
O76071,P04792
P78545,P26038
Q14164,P51148
P23508,P54819
P29372,O00264
O00422,P15170
P40337,P07355
P40337,P62834
Q9HAW0,P41252
Q9HAW0,Q9Y5M8
O15479,P39023
Q96BK5,P62263
O75365,Q9UI12
O75815,P29692
Q9HAW0,Q9UHI6
P49841,O95163
P01106,Q10570
P01106,Q13263
Q13177,P25787
P40337,P35268
Q9NPH0,Q9Y230
Q9BUV8,Q96IX5
P60520,O75323
Q13418,Q9BWH6
P43360,Q9Y5M8
P01106,Q9Y5L0
Q96BK5,P23284
Q15287,P61326
O75815,Q01813
O76071,Q5T9A4
P01241,Q01105
P49841,P35637
Q13418,Q13085
Q15165,O60568
Q15165,P62249
O43353,Q01469
P21796,Q15459
P61981,Q9H307
P11171,Q9Y5L4
Q9Y2Q3,P17844
Q9Y5J5,Q9UI12
O60232,P15924
P16035,P22234
Q9BUV8,Q16740
Q9NQ84,Q9NRM2
P49841,P22492
Q13418,P22087
Q9NX58,P62910
Q9NX58,P62249
P23508,P39656
P22392,P05455
O60232,P81605
P31946,O43491
Q9BUV8,Q9Y5J5
P24941,P31939
P01106,P43243
P40337,P61604
P01241,P61247
Q14164,P05455
Q14164,Q9Y3F4
Q9NX58,P46783
Q9NX58,P05455
P23508,Q9Y5B9
Q9HC98,Q9UBC5
P22392,P61088
O00422,P57721
Q9UBN6,Q8WUM4
Q9Y4K3,P05198
P61981,Q99459
Q96JB5,Q9H2U1
O76071,O43795
P01106,P30876
Q9Y5J5,P47897
P40337,Q96FW1
P31946,P30291
O75815,P53396
O75815,Q7KZF4
P11171,Q9Y237
P23508,P12004
P01106,Q9Y4A5
Q9HC98,Q9UBF2
Q9Y5J5,Q9Y5Y2
O43353,Q9Y3U8
O00422,P31689
Q9Y4K3,P83731
O75815,P40939
P60520,Q01813
P49841,P30876
Q13418,Q6NXE6
Q13418,P50053
Q9Y478,P05455
P78330,P40123
O75365,Q8WUM4
Q15287,Q8TEQ6
Q9UBN6,P12268
P21796,P12268
P31946,Q15287
Q9HAW0,P11177
Q14240,P24534
P49841,P17844
P43360,P04792
P23508,P22061
P01106,P50570
Q9Y5J5,Q9UNL2
P40337,P61088
O76071,P35606
Q14240,Q9UBI6
P78545,P13804
O15479,P62910
P78330,P62857
O75365,P51571
O43353,O14818
P62330,P26639
P60520,P07237
P01106,Q15477
P40337,P20930
P61981,P40818
P49841,Q15459
P43360,P35606
Q15287,Q9UBC1
P19532,Q14697
P16035,P55786
Q9HAW0,P20226
P60520,P25786
P04222,P10321
P30499,P30501
P30504,P30505
P30508,P30510
Q07000,Q29865
Q29960,Q29963
Q95604,Q9TNN7
Q00610,P29372,P25787
Q9Y5J5,P40938
P40337,P42771
Q8N726,P31946,P26045
P01241,P55786
Q13418,P48059
P22392,P50502
P19532,Q99460
P21796,P16152
Q9HAW0,Q9UNL2
P23508,P09936
P23368,P31939
P22392,Q9Y333
O75365,Q9UI26
Q9NX58,P35544
P62861,P01106,Q93008
P40337,P09936
P78396,O15067
P60520,P15170
P01241,Q16658
Q9NX58,P62280
P22392,O00232
Q96BK5,Q08211
Q5VV67,Q15369
P31946,Q96SB4
P78545,P62807
Q96BK5,P61513
Q15165,P55072
O00422,Q9UBB4
Q9Y4K3,Q08211
P61981,P85037
O76071,Q9ULX6
P29372,P24752
P01241,O43242
Q9Y5J5,P78318
Q96BK5,Q9Y3U8
P40337,Q99471
P62330,O94925
P24941,P62249
Q96JB5,O75531
Q14164,Q99460
Q9Y5J5,P33992
Q96BK5,P06748
O75365,Q8TC07
P40337,P99999
Q9UFF9,P52907
P11171,Q01469
P22392,P68402
P78330,P10599
O75365,P57678
P21796,Q9Y266
P40337,P53396
P60520,P29401
Q13418,O60762
P43360,Q13144
P40337,Q9Y4L1
P62330,P25205
O75815,P55072
O76071,Q13085
O76071,Q16795
O75365,Q9NU22
P21796,Q9BWD1
P40337,Q01105
Q14240,Q9P2D0
P11171,P63173
O15479,Q13257
P19532,Q7KZF4
Q9UFF9,Q96FW1
Q68J44,Q9H3G5
P60520,P22061
P60520,P14314
P63215,P08754
Q13177,P61224
Q9Y5J5,Q6NXE6
Q9Y478,Q96QK1
Q15287,Q9GZR7
Q9NRG4,Q15459
Q9UBN6,Q15459
P31946,P18583
O75815,P06753
Q9HAW0,O00507
P24941,P26038
P55199,Q9NQC3
Q96BK5,P42766
O43353,P28074
P43360,Q9UBB4
P43360,Q16891
Q13239,Q3ZCQ8
P40337,P30046
Q13418,Q9UBB4
P43360,Q92797
Q9Y5J5,O60762
Q15287,P08579
Q9NRG4,Q8IZT6
P21796,Q16658
P78396,Q05397
P43360,O94925
P22392,Q01105
Q13177,P27695
Q9Y5J5,Q13619
P19532,Q16658
P40337,P15121
P78545,P14314
P49841,O00571
Q9NX58,P16402
O15479,P42766
P01106,Q92922
Q9Y5J5,P17844
O75365,O43264
Q9NRG4,P62750
Q9UBN6,P29401
Q14164,P25787
P19532,Q08211
Q92956,P51571
P60520,P00492
Q9Y5J5,O43837
Q15165,P62899
O75365,Q8N1F7
P16035,P22061
P40337,P39019
P24941,P11940
O15479,Q02543
Q9Y5J5,O15160
Q9NRG4,P06730
Q9UBN6,P34897
Q9Y4K3,P11940
P24941,O75347
P23508,P62714
P01106,Q8TEX9
Q9Y478,Q9H3G5
Q9NRG4,P62263
P40337,P33176
Q9Y2Q3,Q16531
P29372,P35998
O75365,O43795
P01241,P08134
P29372,P62273
O43353,P30049
P62330,P36406
Q13177,P83731
Q68J44,Q9H2U1
P60520,Q9Y3U8
P49841,Q6UN15
P43360,Q9BWH6
P22392,P54725
Q9UKE5,Q14558
P78396,P11586
P29372,P68402
Q9Y5J5,Q9UGP8
Q96BK5,P35268
O43353,P30084
Q14164,Q04637
Q9NX58,Q96SB4
P43360,Q9Y679
P22392,Q9NPH2
P22392,P62249
Q96BK5,Q9NVP1
Q96BK5,P14174
P16035,O00264
P40337,P35080
P61981,P49840
P62330,Q16891
O15519,P58107
O15519,O75533
P78545,Q9NXV2
P49841,P12268
P01891,P01892
P04439,P05534
P10314,P10316
P13746,P16188
P16189,P16190
P18462,P30443
P30447,P30450
P30453,P30455
P30456,P30457
P30459,P30512
Q09160,Q9Y4L1
P01106,Q9UI26
P40337,P61626
P78545,Q8IUC1
P60520,Q92945
P60520,Q9BPW8
Q9Y5J5,P48507
Q9Y5J5,P63173
P16035,P20336
P61981,O43491
P11171,P51148
P29372,P25786
Q9Y5J5,Q9Y3D3
P16035,Q9Y266
P31946,Q9H1K1
P24941,P00505
O76071,Q92769
P04179,P04745
Q9UBN6,Q8IUC4
P40337,P61106
O75815,P25787
O76071,Q8TEX9
P43360,O75688
P43360,P09661
Q15287,Q15654
P31946,Q96Q42
P31946,Q92538
P61981,O00273
P78545,Q99996
P23508,Q9Y4L1
P01106,P61964
P78396,Q8WWM7
O75815,P20700
Q9Y2Q3,P78344
O75365,O14925
Q9Y4K3,P28070
P40337,P17844
P40337,P61513
P24941,P05109
P78545,P47712
P01106,Q9NU22
Q14164,P23284
P22392,P16152
Q9Y5J5,Q14739
O14832,P28288
O14832,Q9H6Y7
O75365,O60313
Q9Y4K3,Q9Y4L1
O76071,Q9Y5Q9
Q14164,P22061
P43360,Q6P2Q9
P22392,P28070
P22392,Q16576
Q9Y5J5,Q9Y5M8
P40337,P50395
P31946,Q9BZJ0
Q8WXI2,O43768
P22392,O60518
O75365,O95433
O75365,O00571
Q9P2E9,Q9Y5M8
P62330,P11586
P78545,P41250
P11171,P00492
O15479,Q9UJX6
P29372,P48047
O75365,Q9UBB6
Q9UBN6,Q08211
Q14164,P24539
Q9NX58,Q8NE71
Q9NX58,P05198
P22392,Q9Y3F4
P60520,P46060
Q9Y2Q3,O14925
P60484,Q93084
P60520,P49321
P29372,P14174
P19532,P60900
P16035,P43487
P31946,Q99570
O75815,P15170
Q9Y2Q3,P21796
P29372,P52907
Q9Y5J5,P82664
Q9Y4K3,Q04637
Q9Y4K3,Q02543
P11171,P28074
P01106,O95602
Q9Y5J5,O75190
Q15287,Q8IUR7
P61981,P49760
O75815,Q15365
O76071,Q14203
Q9NX58,P62263
P43360,Q13547
Q9Y5J5,O75962
Q9Y4K3,P60900
P40337,P24539
P40337,Q00005
O15519,P14174
P60520,P04843
P01241,Q9UNM6
P14923,P15924
Q9NX58,P62807
Q9UBN6,P11586
Q9Y4K3,P46783
O76071,O94832
O43353,P21796
P11171,P42771
Q8N726,Q9Y5J5,P56556
Q15287,P57721
P78396,P42704
Q9Y2Q3,Q9H223
Q9NX58,P49458
P23508,P35606
P23368,Q9Y4E8
P40337,P58546
P40337,P28074
O15519,P62273
P29323,Q12974
Q9Y2Q3,P78347
P43360,Q9NRZ9
P61981,Q15287
O76071,O75449
O43353,P22061
Q15287,P62308
P40337,P04179
O15519,Q9Y4E8
Q9Y5J5,P35250
O43502,O00571
Q15287,Q96S94
P19532,Q8WUM4
P31946,O00422
O75815,Q13200
Q14164,P41252
Q14164,P31948
P01106,P42704
Q13177,P25786
Q9UBN6,P13797
P40337,P47813
P01241,P21266
P43360,Q9Y5Q9
Q96BK5,P61088
Q9Y478,Q13263
Q9UBN6,P14868
P31946,Q9P244
P23508,P24534
Q13177,P20290
Q9UBN6,P35606
P61981,Q8NEB9
Q9Y5J5,Q9H223
Q96BK5,P68036
P60484,Q01469
P40337,P06454
P40337,P47914
Q9GZN1,Q15365
O76071,Q13263
Q9ULC4,Q8TB61
P01106,P57088
Q15165,P06753
O75365,Q92538
Q9P2E9,Q8IXJ6
Q9Y4K3,P23526
P40337,P49773
P29372,P04179
P31946,Q13627
O76071,Q9NRH3
Q9NX58,Q14011
P22392,P61221
Q13177,P62750
Q96BK5,P30044
Q9UBN6,Q9Y266
P40337,Q96QK1
Q03135,P61081
O75365,O95816
P61981,Q9P0L2
P62330,Q9HAV4
P78396,P00505
P01106,O95782
P01106,Q8IY37
P04179,P01037
P40337,P56134
P62330,P41252
O76071,P78344
Q8WXI2,P24941
Q9H7B4,P39656
Q9UBN6,P15170
O76071,O15160
P04222,P10321
P30499,P30501
P30504,P30505
P30508,P30510
Q07000,Q29865
Q29960,Q29963
Q95604,Q9TNN7
P61289,Q14164,P26038
Q9UKE5,Q9Y266
O75815,P61160
P78396,Q9HAV4
P29372,P51665
P22392,O00264
Q13177,Q14697
Q9Y5J5,O00159
P19532,P25786
P40337,P29401
P23508,P47756
O75365,P49356
P61981,Q9P0V3
O15519,P22087
P11171,P13693
Q9NX58,Q13610
P01106,Q9UHI6
Q15165,P62263
P60484,P43487
P40337,P47985
Q03135,P01876
Q14164,Q13263
Q96BK5,Q7KZF4
P60520,Q6P2Q9
Q9Y2Q3,P42224
Q14164,P37802
P23508,P62750
P01106,P46940
P62330,Q15459
P78396,P49411
Q86XK2,P61604
Q9Y2Q3,Q92797
P22392,Q15365
P19532,P62714
Q9Y4K3,P12268
Q9UET6,P07237
Q9Y5J5,Q9Y3Z3
O75365,Q9Y3F4
Q15287,Q8TAD8
Q15287,Q9Y5X1
Q9UBN6,P09622
P61981,Q86X27
Q9GZN1,Q16658
O75815,Q99460
O75815,P39023
P60520,Q00005
P23508,P02786
P04179,P01036
P40337,P07237
O76071,O60762
Q13177,P07355
Q9Y5J5,Q96EY1
Q96BK5,P99999
Q9Y4K3,P61247
P62330,Q8N1F7
O76071,Q96A35
P60520,P16152
P60520,P30084
Q15165,P46779
P19532,P49321
Q9Y2Q3,P40616
Q15165,P37108
Q9Y478,P09874
O75815,O15067
O15519,Q16543
O76071,Q9Y5Q8
P60520,Q96QK1
Q9Y2Q3,Q16891
Q92956,Q9H936
P40337,P60660
P62330,Q9Y5M8
O76071,Q9UHI6
P60520,O14818
P40337,P20701
Q9GZN1,O14818
Q9Y2Q3,P31689
Q14164,P46781
Q9NX58,P46779
P23508,Q9UKK9
P23508,Q9UJF2
Q9Y478,P48047
Q9UBN6,Q9Y4L1
P40337,P49257
P11171,P41252
P01241,Q15365
P22392,Q9NQC3
P60484,P37802
P40337,P20290
P40337,Q9Y2V2
Q9UET6,P06753
Q9Y2Q3,O95433
Q9Y2Q3,Q9H9B4
O75365,P33993
Q9UBN6,P43487
Q9UKE5,P00505
P61981,Q13595
Q14164,P61106
P23508,P07951
Q13177,P30084
P61981,Q92574
O76071,Q9BWH6
Q9Y2Q3,Q9Y277
Q14164,Q13310
Q9Y5J5,P08195
Q96BK5,P33993
P40337,Q9HAV7
P40337,P43487
P61981,O60333
P61981,Q8IYB3
P60520,P58107
Q9NX58,Q9H6S0
Q15165,P40939
Q9Y478,Q16531
Q9GZN1,P50395
P62330,P48507
Q96BK5,P58107
Q15287,Q7Z6J4
Q9Y4K3,P27797
O76071,Q9Y5Y2
P11171,P61604
Q9UET6,P30084
Q15287,Q01081
O76071,P53680
P11171,P25786
P01241,Q9UKK9
Q14164,P29401
P14923,Q96JB5
P01106,P48444
Q96BK5,Q99575
P40337,O75608
P31946,Q9ULT8
Q9Y2Q3,Q9UKF6
Q9NX58,P35637
P23508,Q9H0U4
P23508,P08134
Q9UBN6,P58546
Q9UBN6,P62191
Q9Y4K3,P42704
P40337,Q14203
Q96BK5,P62854
Q9UBN6,Q99460
P40337,Q9ULC4
P40337,Q9Y5M8
P61981,P49759
O75815,P07355
P11171,P22307
Q9Y2Q3,Q9UIA9
Q9NX58,Q9NQ55
Q13177,P24666
Q15165,Q9H361
Q15287,Q6VN20
O75815,P62273
Q14164,P16152
P01106,Q14690
P62330,Q9Y4L1
Q03135,Q15843
P01241,P43487
Q15165,P48047
Q9UBN6,P56192
Q92956,Q9Y230
Q9UKE5,P12268
Q9Y4K3,P25786
O75365,P31689
P19532,P30084
P19532,P21266
Q9UBN6,Q9P2J5
Q03135,P20264
P78396,P25205
Q13177,Q04637
P19532,P25788
Q9UBN6,P99999
Q9UKE5,P09936
Q9Y4K3,P15121
P62330,Q9Y265
P60520,P54577
P61981,P11171
Q9GZN1,P54819
P62330,Q00341
P01106,P35249
Q15287,Q8N5F7
Q15287,Q96JP5
Q86XK2,P14174
P60520,Q8WXX0
P01241,P33316
P23508,P29692
P61981,P39023
Q03135,P01834
P78396,P04181
Q86XK2,P60900
Q9Y2Q3,Q9UBB6
Q13177,Q00005
O75365,Q9Y6D6
P40337,P43307
P11171,P62942
P04222,P10321
P30499,P30501
P30504,P30505
P30508,P30510
Q07000,Q29865
Q29960,Q29963
Q95604,Q9TNN7
P09960,Q9Y478,Q96JB5
Q9Y478,Q15459
P62330,P50395
O75815,Q15631
Q9UET6,P99999
P01241,P61221
Q14164,Q6P2Q9
Q9NX58,Q15050
P19532,O75694
Q9UBN6,Q14697
Q9UBN6,P61604
P40337,P62491
P31946,Q9P0V3
P60520,Q99460
Q9NX58,O60832
P23508,Q14697
P01106,Q9UNF1
Q15287,O60925
Q14164,P30084
P01106,Q5SRE5
Q13177,P04179
P40337,O00264
Q03135,Q9UGM3
Q96BK5,P04080
O75365,Q9NS69
P78396,P27695
P01106,P58107
Q15165,P25787
P11171,P04080
P11171,P42704
Q86XK2,P31150
P23508,P13804
P01106,Q14203
Q15165,P35268
Q9Y4K3,P06748
Q9Y4K3,Q13263
P62330,P78347
Q96BK5,Q9UNL2
Q9Y478,P00492
Q9Y4K3,P31948
P11171,O00299
P11171,P24534
Q9Y2Q3,Q9NVH1
P19532,Q01105
P40337,O75347
Q86XK2,P29401
P01241,P29401
Q9Y2Q3,P35606
P19532,P06737
Q92956,P00492
P40337,P48739
P40337,Q15286
P40337,P31949
O75815,P49321
Q9Y2Q3,Q9Y5M8
Q9NX58,P83881
Q9UBN6,P33176
P62330,P12268
P60520,P28340
Q14164,P54819
Q13177,Q9UNM6
Q96BK5,P47914
Q15165,Q14697
Q9Y4K3,P10599
P60520,P33993
P23508,P15170
Q96BK5,P35544
P62861,Q9UBN6,P45974
O75815,P35637
Q9NX58,Q8IWS0
Q13177,Q13263
P60484,P57721
P40337,P23919
P40337,Q8IUC4
P01241,P24752
Q15165,Q13263
O75365,P49354
P40337,P13797
Q9GZN1,Q9Y3F4
Q9Y2Q3,Q9C0E2
P01106,P53680
P01106,O14617
Q96BK5,Q99417
Q9Y478,P33993
P60520,P07355
Q96BK5,P37802
Q9UBN6,Q13310
P78396,Q14697
P01241,P11177
Q14164,P47756
P23508,P49321
Q86XK2,P10599
Q9UBN6,O75083
Q92956,P05455
Q9UKE5,Q9Y3F4
Q9Y4K3,P20290
P01106,Q14739
Q14164,P61247
Q9UBN6,P49903
Q9Y4K3,P10768
P62330,P04181
P11171,P22061
P23508,P00505
O75365,Q9UBS4
P60484,P13693
Q92956,O60762
Q86XK2,Q9BUP0
Q9UET6,P14174
Q9Y2Q3,P09661
P23508,P27695
Q96BK5,P47813
P40337,P30084
P40337,Q92922
P62330,P43246
Q14164,P62263
Q9Y478,Q6P2Q9
Q92956,Q9UBB4
P40337,Q9UDY8
P11171,O75964
Q96BK5,P62807
O75815,P33176
Q13177,P62910
Q9Y478,Q01105
Q9Y4K3,Q9UQ80
P40337,P48047
O75815,P23526
P11171,Q15631
Q9UET6,P00505
Q9NX58,Q9UJX6
Q9Y4K3,Q13200
P62330,Q04637
Q13177,Q13404
P61981,Q14155
P11171,Q15691
P01241,P14923
P78396,Q13263
Q13177,Q16630
Q13177,O00264
P04222,P10321
P30499,P30501
P30504,P30505
P30508,P30510
Q07000,Q29865
Q29960,Q29963
Q95604,Q9TNN7
P12268,P01106,Q9NRZ9
P40337,Q14019
P19532,P55209
O75815,O95197
P78396,Q9BWD1
P01106,Q8WUM0
P01106,O14981
Q9GZN1,P31153
Q14164,P09960
Q9UKE5,Q15365
Q15165,Q01581
Q9UBN6,Q9HAV4
O75815,Q01105
P23508,P52907
P40337,Q13404
Q9NX58,P49137
P01106,Q9UI12
Q9Y2Q3,Q15365
P78396,P52907
P40337,Q15836
P23508,Q8WUM4
P01241,P30084
Q13177,P50395
Q9Y478,P11940
Q96BK5,Q15369
Q9Y4K3,P12004
Q96BK5,Q9Y3D3
P62330,P31153
P11171,P61289
P61981,O60825
P40337,P29692
O75365,Q9Y5Y2
Q96BK5,Q9Y2R5
P01106,P15924
Q9UBN6,Q09028
Q9Y4K3,Q01105
Q92956,P48507
Q9UET6,P37802
O75365,P61619
Q9UET6,P12268
O75365,P04181
P01241,P15924
P40337,P78396
P40337,Q15365
Q9Y4K3,O95816
P62330,P08195
Q9Y2Q3,O15160
P01241,P60981
Q9UKE5,P25787
O75365,Q9Y5L0
P40337,P15170
P01106,Q13085
Q13177,P21266
P78396,P49736
Q13177,P60953
Q92956,P50502
P01106,Q8TDI0
P40337,P09661
O75815,P30153
P61981,Q15393
P40337,P60900
Q9GZN1,P25786
Q14164,Q01105
P62330,P15170
Q13177,P07237
P23508,P08237
P01106,P16615
P23508,Q14566
P62330,Q13148
O75815,Q9Y314
P01106,P37108
P61981,P27986
P23508,P50570
Q9Y4K3,P25787
Q9Y478,P39023
Q96BK5,P33316
O75365,P43307
P23508,Q15691
Q9Y2Q3,Q01813
P04222,P10321
P30499,P30501
P30504,P30505
P30508,P30510
Q07000,Q29865
Q29960,Q29963
Q95604,Q9TNN7
P00505,Q92956,Q9Y5M8
Q14164,P50502
Q9UKE5,P43487
O75365,Q9NRH3
P11171,P49458
Q14164,Q01469
Q9Y4K3,P47756
P78396,P62714
P62330,Q92945
P23508,Q9NR30
P23508,Q8TCS8
Q96BK5,Q9BQ39
Q13177,P54819
Q9UKE5,Q01105
P04222,P10321
P30499,P30501
P30504,P30505
P30508,P30510
Q07000,Q29865
Q29960,Q29963
Q95604,Q9TNN7
Q15365,P01241,P25788
Q9Y2Q3,Q7Z4W1
Q14164,Q9Y265
Q9GZN1,P39023
P01241,Q01469
Q9Y4K3,Q16576
Q96BK5,Q8NE71
Q13177,P06730
P01106,Q03701
O75815,Q9Y265
Q9UET6,P54577
P40337,P62330
P11171,P68036
Q13177,Q13526
Q96BK5,P08134
P01106,Q9UIA9
P40337,P61077
P40337,P25787
Q9Y4K3,Q16531
Q13177,Q99436
Q96BK5,Q9UHV9
P23508,P07355
P23508,Q15631
P62330,Q01813
Q9Y4K3,P61026
P61981,P11940
Q14164,P41091
P61981,Q09161
P01241,P50395
O75365,Q13617
P01241,Q02413
P62330,O43324
P01106,Q96P70
Q13177,P27797
Q96BK5,Q15836
P11171,P35080
P01106,O60313
P40337,P37108
P62330,Q14697
Q9Y4K3,O75694
P78396,Q9UJZ1
P01241,P29692
Q9Y4K3,P54819
Q9Y4K3,P00492
Q9UET6,P13797
P61981,P61326
Q9Y2Q3,Q9UNL2
Q9Y2Q3,Q13144
Q9GZN1,P24534
Q9UKE5,Q9UNM6
P40337,P42766
P40337,P20674
P01241,P06748
P11171,Q15369
P01106,Q13576
P11171,P36543
Q9GZN1,O14593
P62330,P04843
Q14164,P09622
P61981,Q9P244
P01106,Q9HAV4
P40337,Q99417
Q9Y478,P14174
Q96BK5,P49137
P40337,Q04941
Q14164,Q9UQ80
Q9GZN1,P37802
P01241,P67870
Q9GZN1,P29401
P11171,P31949
Q14164,P49915
P62330,Q9BT78
P40337,P20340
P11171,P49720
Q96BK5,P61326
P23508,P30084
Q9UET6,Q16658
Q9UKE5,P24666
Q14164,Q15365
Q9Y4K3,Q9UBT2
Q9Y4K3,Q16543
Q9Y2Q3,Q9NZT2
P01241,P62714
P23508,O14818
Q92956,Q08211
P62330,Q14651
P01106,Q75T13
Q9Y2Q3,P46778
P23508,Q04637
P61981,Q7L804
Q9Y2Q3,P51812
P11171,P43487
Q14164,P06753
Q96BK5,O60783
Q14164,P62714
Q9Y4K3,P22061
P11171,P10599
P01106,Q9NSV4
P40337,Q8N6L1
Q9Y2Q3,P33991
P40337,P62249
P62330,Q14203
Q9UET6,P60900
Q92956,Q13148
Q9UKE5,P61160
P01241,P62807
Q9Y4K3,P45880
P01106,Q9H4L7
Q9UKE5,P16152
P23508,P48556
Q14164,Q13561
P23508,P49720
P40337,P68036
P11171,Q13526
P01241,P49720
Q96BK5,P18077
Q9Y2Q3,Q15758
P23508,O00299
P01106,Q8N3U4
P40337,Q6P1L8
Q9Y4K3,P50395
Q9Y4K3,Q9Y3F4
P40337,O60493
P01106,Q8TAQ2
P61981,Q14978
P62330,P51571
P04222,P10321
P30499,P30501
P30504,P30505
P30508,P30510
Q07000,Q29865
Q29960,Q29963
Q95604,Q9TNN7
Q9Y266,P11171,P58546
P11171,P48047
Q9UKE5,P57721
Q92956,P31689
P11171,P68402
Q96BK5,P20674
Q96BK5,P20290
P62330,P00505
Q14164,O95861
Q9UKE5,Q9BWD1
P04222,P10321
P30499,P30501
P30504,P30505
P30508,P30510
Q07000,Q29865
Q29960,Q29963
Q95604,Q9TNN7
P49411,Q9Y4K3,P51665
P01241,P49591
Q9UET6,P49720
Q14164,P49588
P23508,Q5ST30
Q9UET6,P55209
P11171,Q15907
Q9Y2Q3,Q09161
Q9Y4K3,Q14566
P40337,P61081
P23508,P23526
P01241,O75190
P61981,Q14978
P62330,O00299
P11171,P61026
P61981,Q9NYL2
P01241,P07355
P61981,Q92974
P23508,P37837
P61981,O95685
Q92956,P81605
Q9UKE5,Q9Y617
P62330,P07355
Q9Y2Q3,P24941
P23508,P49411
P11171,Q13404
P40337,Q9UHV9
Q9Y478,Q96P70
Q96BK5,P60981
P01241,Q96FW1
Q9Y478,P55786
Q9Y478,Q13526
Q9Y478,Q01469
Q9Y4K3,P40939
P11171,P12004
P40337,Q9Y3D3
P01241,P24534
P62330,P52209
Q96BK5,P28074
Q9Y4K3,P08134
Q92956,Q9NZL4
Q96BK5,P50502
P62330,P20290
Q96BK5,P16949
Q9Y478,P15170
Q14164,P08134
Q9UET6,P62333
Q14164,P39023
Q9Y4K3,P14314
Q96BK5,Q14019
Q9Y4K3,P05455
Q14164,P09936
P61981,Q9BPZ7
Q9Y2Q3,Q13619
P04222,P10321
P30499,P30501
P30504,P30505
P30508,P30510
Q07000,Q29865
Q29960,Q29963
Q95604,Q9TNN7
Q13526,Q9UET6,P20618
P11171,P00505
Q96BK5,O76094
Q92956,Q9UHV9
P01241,P17980
Q92956,P25788
P40337,Q99595
P62330,O75390
Q9Y2Q3,Q9BYJ9
Q9UKE5,P35606
Q9UET6,Q9Y5M8
P01241,P47756
P40337,P16949
P62330,P09661
P62330,P28340
Q9Y2Q3,Q9Y5Q9
Q9Y4K3,P26038
Q9Y478,P43686
P01241,P27361
Q9UKE5,O14737
Q14164,P24534
Q9UET6,P46781
Q92956,Q16543
Q9Y4K3,P50502
P01241,Q16186
Q9Y4K3,P35244
P62330,P22695
P61981,Q3LI72
Q9NPH0,Q9P2M7
Q9NPH0,O95718
P07550,Q8WXH0
P15121,Q96PZ7
P15121,P15924
P15121,Q03001
P15121,P23759
P61966,P56377
P53680,Q13023
P62330,P27695
P62330,P17844
P62330,Q08211
P62330,P09622
P62330,Q9UI26
P62330,P49321
P62330,P55786
P62330,Q9Y266
P62330,P57721
P62330,Q9UHV9
P62330,P48556
P62330,Q9BXR0
P62330,Q9Y3P9
P62330,O43665
P62330,P62273
P62330,O75533
P62330,Q92922
P62330,P04179
P62330,P37108
P62330,P37837
P62330,P61077
P52565,P35637
Q9NVP2,P01024
Q9BUV8,Q9Y2G4
Q9BUV8,P04843
O95400,P82279
O95400,P28749
Q12834,Q96JK9
P30305,Q92608
P24941,P13535
P11802,Q8IZT6
Q9NY93,P82279
Q9NY93,P09958
Q9NY93,Q9ULT8
Q9NY93,O60343
Q9NY93,Q8WZ42
O00273,P13584
O00273,Q8WZ42
Q9ULA0,Q9UM07
Q9ULA0,P28749
Q9ULA0,Q9UPW8
Q14240,Q8TE73
Q14240,Q96Q15
Q14240,Q5JUX0
P78545,Q9UQ90
P11171,P24666
P11171,P16152
P11171,P61923
P11171,P10606
P11171,P99999
P11171,P61803
P11171,Q08211
P11171,Q04637
P11171,Q13642
P11171,P40939
P11171,P12882
P11171,O75694
P11171,P60900
P11171,Q99436
P11171,P61006
P11171,O60493
P11171,P57088
P11171,P07951
P11171,Q15836
P29323,P28749
Q16394,P12882
O43427,Q8WZ42
Q9UET6,Q9BWD1
Q9UET6,O95433
Q9UET6,P07355
Q9UET6,P07741
Q9UET6,P56134
Q9UET6,P16152
Q9UET6,P42771
Q8N726,Q9UET6,Q9Y295
Q9UET6,P29692
Q9UET6,P13804
Q9UET6,Q9C0B1
Q9UET6,P48507
Q9UET6,P31150
Q9UET6,Q12849
Q9UET6,P00492
Q9UET6,P52758
Q9UET6,P61604
Q9UET6,Q9NU22
Q9UET6,P58546
Q9UET6,P49321
Q9UET6,Q15843
Q9UET6,Q9UKK9
Q9UET6,P61970
Q9UET6,Q8TAX0
Q9UET6,P22234
Q9UET6,P12004
Q9UET6,Q13526
Q9UET6,O14939
Q9UET6,P23284
Q9UET6,P30153
Q9UET6,Q00005
Q9UET6,P25786
Q9UET6,P25788
Q9UET6,P28074
Q9UET6,P62191
Q9UET6,O00232
Q9UET6,O43242
Q9UET6,P61289
Q9UET6,P62491
Q9UET6,P43487
Q9UET6,P62834
Q9UET6,Q09028
Q9UET6,Q8IUC4
Q9UET6,P61254
Q9UET6,P62280
Q9UET6,P61247
Q9UET6,P23921
Q9UET6,Q9Y265
Q9UET6,P49591
Q9UET6,Q12874
Q9UET6,O43765
Q9UET6,P52788
Q9UET6,Q9UJZ1
Q9UET6,O95359
Q9UET6,P29401
Q9UET6,P57088
Q9UET6,P26368
Q9UET6,O75844
P60520,O60684
P01241,P54819
P01241,Q16740
P01241,Q13617
P01241,P99999
P01241,Q9NR30
P01241,O75937
P01241,P41091
P01241,Q15691
P01241,P11586
P01241,Q99471
P01241,P35998
P01241,O00232
P01241,P62280
P01241,P39019
P01241,Q00796
P01241,P26368
P01241,P61077
P49841,Q13163
P49841,P04198
P49841,P51531
P04222,P10321
P30499,P30501
P30504,P30505
P30508,P30510
Q07000,Q29865
Q29960,Q29963
Q95604,Q9TNN7
P24752,P04222,P10321
P30499,P30501
P30504,P30505
P30508,P30510
Q07000,Q29865
Q29960,Q29963
Q95604,Q9TNN7
P16152,P04222,P10321
P30499,P30501
P30504,P30505
P30508,P30510
Q07000,Q29865
Q29960,Q29963
Q95604,Q9TNN7
Q14697,P04222,P10321
P30499,P30501
P30504,P30505
P30508,P30510
Q07000,Q29865
Q29960,Q29963
Q95604,Q9TNN7
P49915,P04222,P10321
P30499,P30501
P30504,P30505
P30508,P30510
Q07000,Q29865
Q29960,Q29963
Q95604,Q9TNN7
P21266,P04222,P10321
P30499,P30501
P30504,P30505
P30508,P30510
Q07000,Q29865
Q29960,Q29963
Q95604,Q9TNN7
Q15691,P04222,P10321
P30499,P30501
P30504,P30505
P30508,P30510
Q07000,Q29865
Q29960,Q29963
Q95604,Q9TNN7
P25205,P04222,P10321
P30499,P30501
P30504,P30505
P30508,P30510
Q07000,Q29865
Q29960,Q29963
Q95604,Q9TNN7
P26038,P04222,P10321
P30499,P30501
P30504,P30505
P30508,P30510
Q07000,Q29865
Q29960,Q29963
Q95604,Q9TNN7
P12004,P04222,P10321
P30499,P30501
P30504,P30505
P30508,P30510
Q07000,Q29865
Q29960,Q29963
Q95604,Q9TNN7
P25787,P04222,P10321
P30499,P30501
P30504,P30505
P30508,P30510
Q07000,Q29865
Q29960,Q29963
Q95604,Q9TNN7
P60900,P04222,P10321
P30499,P30501
P30504,P30505
P30508,P30510
Q07000,Q29865
Q29960,Q29963
Q95604,Q9TNN7
P28070,P04222,P10321
P30499,P30501
P30504,P30505
P30508,P30510
Q07000,Q29865
Q29960,Q29963
Q95604,Q9TNN7
Q8IUC4,P04222,P10321
P30499,P30501
P30504,P30505
P30508,P30510
Q07000,Q29865
Q29960,Q29963
Q95604,Q9TNN7
P49591,P04222,P10321
P30499,P30501
P30504,P30505
P30508,P30510
Q07000,Q29865
Q29960,Q29963
Q95604,Q9TNN7
O75347,P04222,P10321
P30499,P30501
P30504,P30505
P30508,P30510
Q07000,Q29865
Q29960,Q29963
Q95604,Q9TNN7
Q13263,O60921,P05062
O60921,A5PKW4
Q14164,P24666
Q14164,P30520
Q14164,P15121
Q14164,P07355
Q14164,P61966
Q14164,P07741
Q14164,P08243
Q14164,P48047
Q14164,P51572
Q14164,P20290
Q14164,Q9UKR5
Q14164,P52907
Q14164,P55210
Q14164,Q16543
Q14164,P42771
Q8N726,Q14164,Q14019
Q14164,P13073
Q14164,Q16630
Q14164,Q08257
Q14164,Q12996
Q14164,P99999
Q14164,P61803
Q14164,P30046
Q14164,Q9NR30
Q14164,P17844
Q14164,P36957
Q14164,P25685
Q14164,P60981
Q14164,P29692
Q14164,P55010
Q14164,P62495
Q14164,P13804
Q14164,P38117
Q14164,Q9NUQ9
Q14164,P07954
Q14164,Q13642
Q14164,P41250
Q14164,P60983
Q14164,P62879
Q14164,P62993
Q14164,Q9BQ67
Q14164,P15170
Q14164,Q92769
Q14164,P62807
Q14164,Q01581
Q14164,P00492
Q14164,P61604
Q14164,Q9NPH2
Q14164,Q15046
Q14164,P33176
Q14164,O75608
Q14164,Q13257
Q14164,Q15691
Q14164,P31153
Q14164,P49736
Q14164,P14174
Q14164,P52815
Q14164,Q6P1L8
Q14164,O60783
Q14164,P58546
Q14164,P60660
Q14164,P55209
Q14164,P54920
Q14164,O43776
Q14164,P49321
Q14164,P52298
Q14164,Q9UBB6
Q14164,P06748
Q14164,Q9UKK9
Q14164,Q96FW1
Q14164,Q13153
Q14164,P09874
Q14164,P12004
Q14164,O14737
Q14164,Q8WUM4
Q14164,P11177
Q14164,O00764
Q14164,O15067
Q14164,O60925
Q14164,Q9UHV9
Q14164,Q99471
Q14164,P52209
Q14164,O00264
Q14164,O15173
Q14164,P48739
Q14164,Q04941
Q14164,P52434
Q14164,P60510
Q14164,P30044
Q14164,P14314
Q14164,P25786
Q14164,P60900
Q14164,P20618
Q14164,P49720
Q14164,P28070
Q14164,P28072
Q14164,P35998
Q14164,P43686
Q14164,P62333
Q14164,O00232
Q14164,O00487
Q14164,Q13200
Q14164,O43242
Q14164,P51665
Q14164,Q9UL46
Q14164,P61289
Q14164,P10586
Q14164,P06737
Q14164,P47897
Q14164,P62491
Q14164,Q9UL25
Q14164,P20339
Q14164,P43487
Q14164,P54136
Q14164,Q16576
Q14164,Q9Y5S9
Q14164,P35241
Q14164,Q02543
Q14164,P35268
Q14164,P62750
Q14164,P62899
Q14164,P62910
Q14164,Q9Y3U8
Q14164,P04843
Q14164,P62280
Q14164,P62249
Q14164,P39019
Q14164,P23921
Q14164,Q9UBE0
Q14164,Q9Y3A5
Q14164,P31040
Q14164,P21912
Q14164,Q15437
Q14164,Q15459
Q14164,O75533
Q14164,Q9H9B4
Q14164,O43765
Q14164,P34897
Q14164,Q9H2G2
Q14164,O00193
Q14164,P51532
Q14164,Q92922
Q14164,P09661
Q14164,P08579
Q14164,O60493
Q14164,P04179
Q14164,P19623
Q14164,P37108
Q14164,P43307
Q14164,O75716
Q14164,O60506
Q14164,P37837
Q14164,P26639
Q14164,O75347
Q14164,Q16650
Q14164,Q00059
Q14164,P52888
Q14164,P57088
Q14164,Q15785
Q14164,P55327
Q14164,O43399
Q14164,P13693
Q14164,Q15631
Q14164,Q99598
Q14164,Q9UBT2
Q14164,P63279
Q14164,P61081
Q14164,P61088
Q14164,Q13404
Q14164,Q15836
Q14164,P21796
Q14164,Q9Y277
Q14164,P54577
P43360,Q13617
O15479,P31629
O15479,Q9UQ35
P23508,Q13085
P23508,P24752
P23508,Q9BWD1
P23508,P15121
P23508,P53680
P23508,P13798
P23508,P07741
P23508,P36543
P23508,O75934
P23508,P11802
P23508,P42771
Q8N726,P23508,Q9Y696
P23508,Q9NZA1
P23508,P21964
P23508,Q7L5N1
P23508,Q08257
P23508,O75390
P23508,Q13616
P23508,Q13617
P23508,P99999
P23508,Q9Y295
P23508,P51452
P23508,Q13011
P23508,Q14232
P23508,P10768
P23508,Q01469
P23508,Q13642
P23508,Q00688
P23508,P48507
P23508,P62873
P23508,P46926
P23508,Q13439
P23508,P62993
P23508,O95163
P23508,Q96CX2
P23508,O95202
P23508,P42704
P23508,P36507
P23508,P25205
P23508,P33991
P23508,P33992
P23508,Q6P1L8
P23508,Q9Y3D3
P23508,P43246
P23508,P52701
P23508,P13995
P23508,P06748
P23508,P04181
P23508,Q96FW1
P23508,P68402
P23508,P57721
P23508,O14737
P23508,P11177
P23508,Q9UHV9
P23508,O00264
P23508,P23284
P23508,P25788
P23508,P60900
P23508,Q9UNM6
P23508,O00487
P23508,Q8WXF1
P23508,Q96C36
P23508,P06737
P23508,Q9UL25
P23508,P43487
P23508,P61224
P23508,P46778
P23508,P83731
P23508,P62263
P23508,P61247
P23508,P51812
P23508,P23921
P23508,P21912
P23508,Q9UGP8
P23508,Q9H9B4
P23508,O00193
P23508,P08579
P23508,O60493
P23508,P04179
P23508,Q08945
P23508,Q9UJZ1
P23508,Q92797
P23508,P37802
P23508,O75347
P23508,Q00059
P23508,Q96S44
P23508,P29144
P23508,P43897
P23508,Q9UBT2
P23508,P61081
P23508,P61964
Q96EZ8,P68400
Q96EZ8,Q86UQ5
Q96EZ8,Q9NZM3
Q96EZ8,Q8WZ42
P23368,P62491
P29372,P13804
P29372,Q9UPN3
P01106,Q9Y4I1
Q99608,Q13439
Q9HC98,P28749
Q9HC98,P30291
P78549,P28749
Q9Y5J5,Q9UIG0
Q96BK5,Q9Y2V2
Q96BK5,Q9Y283
Q96BK5,Q86V48
Q96BK5,P60660
Q96BK5,P57105
Q15165,P16442
Q15165,Q14789
Q15165,P26583
Q15165,Q16787
Q15165,P26038
Q15165,P06400
Q15165,Q96FS4
Q15165,P13051
P60510,P31629
Q9Y478,Q8NE71
Q9Y478,Q9BWD1
Q9Y478,Q9BZZ5
Q9Y478,P56134
Q9Y478,Q9P287
Q9Y478,P52907
Q9Y478,P16152
Q9Y478,Q16543
Q9Y478,Q00610
Q9Y478,P35606
Q9Y478,Q14019
Q9Y478,P99999
Q9Y478,Q9UHI6
Q9Y478,Q9NR30
Q9Y478,O00571
Q9Y478,P50570
Q9Y478,P30084
Q9Y478,P29692
Q9Y478,P41091
Q9Y478,Q04637
Q9Y478,Q9HCM4
Q9Y478,P84090
Q9Y478,P13804
Q9Y478,Q01844
Q9Y478,P07954
Q9Y478,Q13642
Q9Y478,Q16658
Q9Y478,P50395
Q9Y478,P49915
Q9Y478,P00505
Q9Y478,Q9HAV7
Q9Y478,Q9BQ67
Q9Y478,P40939
Q9Y478,O15347
Q9Y478,P33176
Q9Y478,P31153
Q9Y478,P33992
Q9Y478,Q9Y3D3
Q9Y478,P58546
Q9Y478,Q9Y266
Q9Y478,Q9UKK9
Q9Y478,Q8N1F7
Q9Y478,Q9UKK6
Q9Y478,P04181
Q9Y478,Q96FW1
Q9Y478,Q9UQ80
Q9Y478,P68402
Q9Y478,P08559
Q9Y478,O00764
Q9Y478,Q9UHV9
Q9Y478,Q01813
Q9Y478,P35080
Q9Y478,P52209
Q9Y478,Q04941
Q9Y478,P48147
Q9Y478,P60900
Q9Y478,O14818
Q9Y478,P49720
Q9Y478,P17980
Q9Y478,Q99460
Q9Y478,O00487
Q9Y478,P46060
Q9Y478,P46778
Q9Y478,P62899
Q9Y478,P18077
Q9Y478,Q9Y3U8
Q9Y478,P46781
Q9Y478,P23921
Q9Y478,Q9NQC3
Q9Y478,Q9Y230
Q9Y478,P61619
Q9Y478,P34897
Q9Y478,Q9UBX3
Q9Y478,Q7KZF4
Q9Y478,P37108
Q9Y478,P51571
Q9Y478,P50502
Q9Y478,Q9Y3F4
Q9Y478,O60506
Q9Y478,P26639
Q9Y478,Q15631
Q9Y478,P61077
Q9Y478,P68036
Q9Y478,P61088
Q9Y478,P45974
Q9Y478,Q15836
Q9Y478,O43709
P10644,P82279
O43586,Q99996
O43586,P15924
O43586,Q15058
O43586,Q9UKX3
O43586,P46779
O43586,Q8IZX4
O75365,Q13733
O43502,Q8IZS8
O14593,Q16650
O43353,Q15058
O43353,Q13469
Q9H6Y7,P61081
Q15287,Q03001
Q15287,Q92614
Q15287,Q9H7D7
Q9NS64,Q86UX6
Q9Y265,Q02413
Q9Y265,Q15075
O00422,P17661
O00422,Q9UPN3
O75940,Q76L83
O75940,Q9BQ39
O75940,Q15811
O75940,Q8N8D1
O75940,Q8TCU6
O75940,Q9Y4A5
Q9NRG4,Q8N157
Q9NRG4,Q99996
Q9NRG4,P12882
Q9NRG4,P13533
P04179,P13535
Q9Y6E0,P07478
Q969Z0,Q9NYA4
Q15170,Q5T3U5
P19532,P56192
P19532,Q96KN7
P19532,P52788
P16035,O95996
O95379,Q14315
Q9UBN6,P46940
Q92956,P50395
Q92956,P61604
Q92956,Q9H008
Q92956,P14174
Q92956,O15055
Q92956,Q8WXF1
Q92956,Q9Y3U8
Q92956,Q9UBX3
Q9UKE5,P24752
Q9UKE5,P07355
Q9UKE5,P51572
Q9UKE5,O43684
Q9UKE5,P99999
Q9UKE5,Q9UBM7
Q9UKE5,P60981
Q9UKE5,P30084
Q9UKE5,Q00688
Q9UKE5,Q16658
Q9UKE5,P17174
Q9UKE5,Q9NX58
Q9UKE5,P28482
Q9UKE5,Q6P1L8
Q9UKE5,Q9Y3D3
Q9UKE5,P11586
Q9UKE5,Q9NR45
Q9UKE5,Q96FW1
Q9UKE5,P22061
Q9UKE5,O43447
Q9UKE5,P30153
Q9UKE5,P25786
Q9UKE5,P62191
Q9UKE5,Q99460
Q9UKE5,P04844
Q9UKE5,P62263
Q9UKE5,P23921
Q9UKE5,Q9Y230
Q9UKE5,P49591
Q9UKE5,P08579
Q9UKE5,P04179
Q9UKE5,Q00796
Q9UKE5,O75347
Q9UKE5,Q99594
Q9UKE5,Q00059
Q9UKE5,P04818
Q9Y4K3,P61221
Q9Y4K3,Q9BWD1
Q9Y4K3,P61160
Q9Y4K3,P61158
Q9Y4K3,P07355
Q9Y4K3,O95782
Q9Y4K3,P27695
Q9Y4K3,O15144
Q9Y4K3,P31939
Q9Y4K3,P24539
Q9Y4K3,P56134
Q9Y4K3,P48047
Q9Y4K3,O95861
Q9Y4K3,O43684
Q9Y4K3,P52907
Q9Y4K3,Q9Y2V2
Q9Y4K3,P16152
Q9Y4K3,P16070
Q9Y4K3,P60033
Q9Y4K3,P60953
Q9Y4K3,P09543
Q9Y4K3,O75390
Q9Y4K3,O15320
Q9Y4K3,Q13616
Q9Y4K3,P99999
Q9Y4K3,Q7Z4W1
Q9Y4K3,Q9NR30
Q9Y4K3,Q9NR28
Q9Y4K3,P30084
Q9Y4K3,P29692
Q9Y4K3,P47813
Q9Y4K3,P41091
Q9Y4K3,P06730
Q9Y4K3,P84090
Q9Y4K3,P62495
Q9Y4K3,P13804
Q9Y4K3,Q01469
Q9Y4K3,O75369
Q9Y4K3,P41250
Q9Y4K3,P00367
Q9Y4K3,P60983
Q9Y4K3,P08754
Q9Y4K3,P62879
Q9Y4K3,P15170
Q9Y4K3,P21266
Q9Y4K3,P78417
Q9Y4K3,P12081
Q9Y4K3,P26583
Q9Y4K3,O15347
Q9Y4K3,P52758
Q9Y4K3,P61604
Q9Y4K3,Q9Y5U9
Q9Y4K3,P11717
Q9Y4K3,Q96CX2
Q9Y4K3,Q92945
Q9Y4K3,Q15691
Q9Y4K3,P29966
Q9Y4K3,P56192
Q9Y4K3,P31153
Q9Y4K3,P25205
Q9Y4K3,P14174
Q9Y4K3,Q9BYD1
Q9Y4K3,P58546
Q9Y4K3,P55209
Q9Y4K3,Q15843
Q9Y4K3,P55786
Q9Y4K3,Q96G61
Q9Y4K3,Q9UKK9
Q9Y4K3,P30954
Q9Y4K3,P68402
Q9Y4K3,Q15365
Q9Y4K3,Q01813
Q9Y4K3,P35080
Q9Y4K3,P52209
Q9Y4K3,O00264
Q9Y4K3,Q9NRX4
Q9Y4K3,Q13526
Q9Y4K3,Q8TCS8
Q9Y4K3,P52434
Q9Y4K3,P23284
Q9Y4K3,O15355
Q9Y4K3,P62714
Q9Y4K3,P30153
Q9Y4K3,P48147
Q9Y4K3,Q6P2Q9
Q9Y4K3,Q14558
Q9Y4K3,P25788
Q9Y4K3,P49720
Q9Y4K3,P28074
Q9Y4K3,P62191
Q9Y4K3,P43686
Q9Y4K3,P62195
Q9Y4K3,O00232
Q9Y4K3,Q9UNM6
Q9Y4K3,O00487
Q9Y4K3,P62491
Q9Y4K3,P51148
Q9Y4K3,P63000
Q9Y4K3,P43487
Q9Y4K3,P46060
Q9Y4K3,P62834
Q9Y4K3,Q14257
Q9Y4K3,Q8IUC4
Q9Y4K3,P46778
Q9Y4K3,P42766
Q9Y4K3,P18077
Q9Y4K3,Q9Y3U8
Q9Y4K3,P63173
Q9Y4K3,P62280
Q9Y4K3,P46781
Q9Y4K3,Q9NQC3
Q9Y4K3,Q9Y265
Q9Y4K3,Q9Y230
Q9Y4K3,P31949
Q9Y4K3,Q9UBE0
Q9Y4K3,P53985
Q9Y4K3,P37802
Q9Y4K3,O75347
Q9Y4K3,Q15369
Q9Y4K3,P02786
Q9Y4K3,Q9Y2W1
Q9Y4K3,P12270
Q9Y4K3,Q15631
Q9Y4K3,P61077
Q9Y4K3,P68036
Q9Y4K3,P61081
Q9Y4K3,Q15819
Q9Y4K3,P09936
Q9Y4K3,Q96QK1
Q9Y4K3,P54577
Q15654,P28749
Q15654,Q15643
O95801,Q13428
P31930,Q15165
P31930,P51531
Q15853,Q9NQA5
P21796,Q8WZ42
P40337,P24666
P40337,O95260
P40337,Q13315
P40337,P27816
P40337,Q9Y3D9
P40337,Q8TBZ2
P40337,P51148
P40337,P06400
P40337,Q02543
P40337,P46783
P40337,Q04724
Q8IV63,Q02413
P61981,Q5VV41
P61981,Q7L576
P61981,P17844
P61981,Q13627
P61981,P56524
P61981,Q07954
P61981,Q9Y2U5
P61981,P55081
P61981,Q9Y2A7
P61981,Q9NZQ3
P61981,Q92597
P61981,Q9BZ23
P61981,Q99570
P61981,Q13427
P61981,P26045
P61981,P46778
P61981,O00422
P61981,O75533
P61981,Q13043
P61981,Q86TI0
P61981,O60343
P61981,Q9Y2W1
P61981,Q9ULK5
P61981,P30291
P61981,Q14966
P63104,P28749
P63104,Q3ZCQ8
