Q9H8Y8,Q9Y3Q8
Q9HCM9,Q9HCM9
Q12933,Q99618
P19012,Q7L590
O60238,Q9P104
P60709,P23528
P25791,Q15555
Q01844,Q9NRG1
Q96AJ1,Q9BW66
Q92997,O75909
Q9H213,Q96BY2
Q15274,Q9BQ66
P08670,Q53TS8
Q8WV24,Q9BQ66
Q15642,Q9Y2W2
P98175,Q9UKA9
Q96HA1,Q9Y5P4
O15162,Q16630
P36406,Q9H4K1
Q9Y6E0,Q9BUL8
P53567,P55198
O14964,Q9UPT5
Q01844,Q9NYG2
P18848,Q13227
Q12933,Q9NVF7
Q9H4K1,Q969Y2
P41743,Q9NPB6
Q01844,O60682
Q93062,Q96SI9
P61981,Q6ZU52
Q93062,Q86UW9
O75791,O15156
Q93062,Q9H0E2
Q9UBF6,Q9NQX7
P32242,Q9BQ66
P51116,O95197
Q9UKI8,Q9UKI8
P21266,P21266
Q93100,Q9GZN8
Q15274,Q9UMX1
Q03426,Q03426
P50995,O15162
Q9BXS5,Q96CG3
Q92934,P31947
P49639,Q99750
Q9H4K1,Q8N6Y0
O15162,Q9Y272
P19012,Q96GM5
O14641,P61457
Q9NRF8,Q9NRF8
Q99750,Q9NRN7
Q13490,P43364
O75909,Q9Y3Q8
P24522,Q13561
P04259,P19012
Q96HA1,O95994
Q8WUB8,Q969R5
P62760,Q86UW9
Q9NRX4,Q9UJW3
O60936,O60936
Q99750,O00144
P36406,P36406
P61457,P61457
Q93062,Q9BRK4
P37198,Q7Z3B4
Q969U6,Q9BQ66
Q8IXK0,Q13643
Q9UH92,P60520
O43663,Q8N6Y0
Q9NRG1,Q9GZT8
P40426,Q6RW13
O75928,Q8IVL1
Q53G59,Q53G59
O14641,P45974
Q16526,O15162
P12236,O15162
O00167,Q96MA1
P15622,Q7Z7J5
P51946,O60232
P19012,Q15154
Q9UNK0,Q9UEU0
P51116,Q8WVF5
P52789,Q9UMX0
P60709,Q9Y281
Q15038,Q15038
P43364,Q8IXB1
O15162,O95336
P51116,Q93062
O15162,Q86UW9
O95985,Q9UKJ5
P56545,Q9UIF8
P43364,Q9BW11
O75340,Q9Y5Z4
Q9UL46,Q9UL46
Q13526,Q12933
P43364,Q92530
P49910,Q8IYF1
P49789,P49789
O14641,Q9UNA4
Q9NR12,Q92530
Q15038,Q5VWP2
Q01844,O00160
Q96G97,Q96HH6
Q9BXS5,P51116
O14639,P08670
P08670,Q9GZT8
P25208,Q14919
P49639,O15162
O95751,Q9UGP5
O60941,P37198
P43364,Q9Y375
P60709,P60709
O43765,P10451
Q9NP50,Q969Y2
P49366,Q9GZT8
O94972,Q8IYF1
Q9P2A4,Q96EV8
Q12933,Q70EK8
O75525,Q9H9D4
P62308,Q96D03
Q03154,Q99614
P35900,Q8IYI6
Q9UNK0,O43889
P63279,Q96B23
Q9H0M0,Q14966
P62324,Q9UFF9
P31269,Q15654
P78362,P26368
O15162,Q9UQ90
Q05397,O14508
Q92609,P60520
Q6ZU52,Q8IYF3
P63010,Q6ZU52
O43597,Q9BSJ1
Q9UNF0,Q9BY11
Q12933,Q9NVZ3
P12236,Q9BQ66
P48380,Q12933
Q13501,P60520
O94972,Q9UBZ4
O43765,Q9Y624
Q9Y6D9,Q8IYF3
Q99598,O95257
P53992,Q15437
Q13526,Q9Y3Q8
Q9UJY4,Q9NZD8
P68402,Q15102
Q99750,Q8TBE0
P08727,O14964
P63261,Q9Y281
O76083,Q13049
O00505,Q9Y247
Q01844,Q5VWX1
Q14847,Q15645
Q99750,O94907
P43378,O95197
Q9H6L4,Q8WZ19
P08727,Q9BY27
Q99750,Q14213
Q14847,O15162
O94993,Q13145
Q9NZN8,O75175
P50402,Q969F0
Q8IYF3,Q5JVL4
P43358,P14927
Q9UBT2,Q9UBE0
P04899,Q99750
Q99259,P46952
O95671,O95671
O95751,Q6ZN18
O60232,Q53TS8
Q99750,Q9BUY5
O75604,Q96ED9
P21964,Q15645
Q06455,Q9P2A4
P08727,A8K8P3
Q9NX63,Q9BQ66
P19012,Q8IYI6
O15162,Q9HB63
P48775,O95671
O75525,Q8TBE0
Q9Y2W2,Q8WWV3
P51668,Q9HCM9
Q05516,O43791
P43364,O14548
Q16630,Q9H0M0
Q8IYF3,Q8WW14
Q14061,Q9BW62
P18206,Q9NYB9
P13798,P13798
Q01844,P49327
Q99750,P19634
Q53G59,Q9H204
Q12933,Q9UBZ4
P43364,Q9GZT8
Q96T60,Q9BQ66
Q99750,Q15475
P23297,P25815
P67775,Q15645
O14964,Q5VSY0
Q16851,O95376
Q13049,Q9UMX0
O14641,Q7Z7J5
Q15038,O75886
P14598,Q9C026
Q01826,P63279
O94972,P51116
P26992,Q92624
P08727,Q9NYB9
P08651,Q8WYQ9
Q15654,Q96HA1
Q99750,Q9UKJ5
Q01844,Q8NEH6
Q13526,Q7Z5J4
P51116,P61289
P04155,Q9UMX0
Q9Y577,Q9HCM9
Q92530,O75525
Q12933,Q05516
O95967,Q9NRQ2
Q01844,O00308
Q969F0,Q96D59
Q99750,Q99750
Q12933,P51116
Q08379,O14639
Q12906,P43364
O75558,Q9Y6J9
Q12933,Q8IYF1
P43686,P62195
P43364,O94818
Q01105,Q9BT49
Q96BY2,Q7Z7J5
Q13191,Q9H8Y8
Q99750,Q5T681
Q15654,Q5VWP2
Q13191,Q16526
Q99816,Q8ND30
Q12933,Q9UM82
Q02080,Q8IYF3
P31947,Q9H8W4
Q9NZQ3,Q96MA1
O96006,Q9GZT8
P43364,Q96AJ1
O95967,Q96EQ0
P36406,P55040
P15622,Q9BQ66
P61457,P51116
Q96CW1,P51116
Q93062,Q00587
P12814,Q13426
P51116,Q9NVV9
Q9NS73,Q9NS73
Q9UI36,P63279
Q15645,Q8WXK3
O75427,Q9NQC3
O60232,Q96JP2
Q15645,Q15645
Q9UPT5,Q8IY31
Q15038,Q9UNA4
Q01844,O75438
O60711,Q9BUY5
P36575,Q14749
P63010,P40692
Q15645,Q15013
O75525,P38159
P14136,O00151
P50542,Q9NTG7
Q08379,P15622
O60238,Q01844
P63279,Q8IVD9
P54652,Q9NZL4
O14764,Q9UMX0
P50479,Q93062
Q13526,Q9UJY4
Q8TBN0,Q8TBN0
P14136,Q6ZU52
Q96T60,Q9NP98
Q9UNF0,Q9UNF0
O75150,Q9BSJ1
Q96ME1,Q9BQ66
P63010,Q9BXS5
Q99877,Q9P287
O15162,Q8WV24
Q01844,Q96CB9
Q96GA7,Q96GA7
Q13490,P14923
P63261,P23528
Q9UMX1,Q8NEA6
P43364,P42330
Q99750,O43167
Q15154,Q8WYH8
Q12933,Q92530
O14964,Q8N6Y0
P43364,Q9H875
O14978,O95967
Q96ED9,Q7L590
P33316,Q9UM82
P04259,P08727
P15407,O95751
P43364,Q6ZU52
O95967,Q8NEC5
Q12933,Q9NZD8
Q9P1W9,Q9NTM9
P26599,P09012
P19012,O95751
P40692,Q14134
Q92530,Q96ED9
Q9Y6C2,Q96QG7
O15162,Q15637
Q9NNW5,Q9H3Q1
Q15427,O75177
Q14088,Q9UI14
P63261,P63261
Q12933,Q8N9N5
P61289,Q8TBK6
Q99750,Q6ZU52
Q86U70,Q9BWG4
Q99816,Q6UWE0
P25791,P42224
Q15645,Q6BCY4
O75344,Q9Y5B8
Q14134,Q9BZW7
P19012,Q8N6Y0
Q9UM19,Q86UW9
Q96CW1,O14641
Q12933,Q9GZT8
P14174,Q9H8Y8
P15531,O00746
P19012,P05783
Q01844,Q9H0M0
O95379,Q9NPJ6
Q14919,Q9NRF9
Q96QU8,P37198
O95751,Q9H9D4
Q9H190,Q96CG3
P18848,O95751
P35900,P35900
O15287,Q8TAK5
Q12933,Q6ZU52
Q8TBE0,Q9BQ66
P26368,Q9UKJ5
Q9GZT8,Q9GZT8
O00161,Q9NYB9
Q12933,O94993
P38936,Q8IYF3
O15162,O95967
Q9UQB8,Q9NZQ3
O60711,Q96BD5
Q8TBN0,P62491
P09914,O14879
O75909,Q8N6Y0
P60709,P60981
Q15645,Q9BSH5
P29972,Q99750
Q07352,Q16539
O14641,Q96EZ8
Q15645,Q86YR5
P43364,Q96EZ8
Q9NPC3,Q9NPC3
P17482,Q9BQ66
Q99750,P55055
P51116,Q5T681
Q01844,P43005
Q9P2Z0,Q9BQ66
Q01844,Q9BPW5
P51116,Q5VSY0
Q14749,Q9H8W4
Q14738,Q13136
Q14653,Q06830
Q12906,Q15654
P0CG48,Q15038
O95751,Q7L190
Q16665,O60224
P14136,Q9NR12
Q9P0T4,Q9BRK4
O75791,Q93062
P43364,Q9Y2X8
P36575,O14641
O00273,Q01844
O43189,Q93062
Q15645,Q9BXL6
Q93062,Q93062
Q99750,Q8IYX0
Q05516,O95751
Q12933,O15015
Q9NWT6,Q96DX5
Q99750,P78381
P10451,Q9NR12
P04899,O15162
Q6RW13,Q6RW13
Q07869,Q96MF2
P08727,Q15154
Q16526,Q99750
P25786,Q9Y3Q8
O14639,Q12933
Q9NQC3,Q9H8W4
Q01844,Q9Y2I8
P36406,Q15637
P38159,Q5VWX1
P48059,Q99708
O75909,O95967
P63279,O43353
O75909,Q8N5I3
P13805,Q96S99
Q9BQ66,Q5T681
Q99961,Q99961
P53365,Q96EV8
P11802,P55273
Q9UI14,Q9NZD8
O43395,Q969Y2
Q9HCM9,Q9HAC8
O15162,Q9H0B3
P60953,Q00587
O43791,Q7Z7J5
Q9BQ66,Q14781
Q6ZU52,Q9P2A4
P35900,Q13057
Q8N5H7,O43281
Q15637,Q92841
Q8IYF3,Q9Y3Q8
Q15645,Q8N720
O75344,O75909
Q01844,P62244
P43364,O14832
Q92841,Q9Y2W2
O75558,O75909
Q8N5I3,Q8N5I3
Q8N6Y0,Q8TES7
Q16526,Q9BQ66
P35520,P51116
Q9UPT5,Q8WWV3
Q14566,Q53TS8
Q15637,O00308
O14964,Q8IYI6
Q14749,Q9GZT8
Q01844,Q16630
P55064,Q99750
Q01844,Q9NQ32
P33993,Q9Y5S9
P36406,Q96HA1
O43889,Q92624
O94972,Q9H4K1
Q9NS73,Q9GZM8
Q15078,Q9Y3Q8
Q96CW1,Q9NPJ6
P31947,O00444
Q96GM5,Q8N6Y0
P09913,O14879
P56545,Q9Y5P3
Q01844,Q9H869
Q15038,Q9P0T4
Q96CN9,Q8N6Y0
P43364,Q96DC9
Q9UK33,Q9Y3Q8
O95985,Q9BQ66
Q8NE01,Q9BQ66
Q01844,Q96D59
P63279,Q9NR12
Q99750,Q96LJ7
Q9NZD8,Q9NRF8
O60941,Q12933
O94972,Q8TCX5
P50552,Q96MA1
O00746,Q15645
O60547,O60547
Q9UQ90,Q9BQ66
Q9BT78,Q8N6Y0
P52306,Q9NS73
Q99750,P84101
Q01844,P56278
O60573,Q9NRA8
Q16718,Q15038
Q92624,Q96S15
Q01844,O00295
P08670,P35900
P54725,Q13501
O43765,O60844
P48552,O95751
P36406,Q9UJY4
O60238,O60238
Q9UKJ5,Q9BQ66
P19012,Q9P2K3
P60880,O75558
Q9UJY1,Q9UBY9
P19012,P35900
P47897,Q12933
Q9BQ66,Q9BQ66
O14641,P26368
P83876,Q8TAI7
Q96AQ6,Q7Z7J5
Q14005,Q8N6Y0
Q01844,Q93062
Q15038,Q9NY61
Q99750,Q9BR84
Q01844,Q9P2K8
P51116,Q9UI14
P15104,Q9H8W4
Q8N6Y0,Q969F0
P49247,P49247
Q01844,P23276
P19012,Q99816
O95751,Q9NVN8
P43364,Q9GZM8
Q12933,Q9NRN7
P49639,Q9UKJ5
Q12906,Q9BQ66
P14136,P08670
Q9Y620,Q9UK33
Q9UJC3,P15622
Q16630,Q9H6L4
Q01844,Q9NPC6
Q9NWT6,Q8TES7
Q9UI36,Q9UJ70
P31947,P27448
O14641,Q96CG3
P18848,Q9BQ50
P56545,Q99594
Q00013,Q9Y2J4
P63279,O15015
P12277,Q96DX5
Q86YR5,Q8N6Y0
Q92871,P20340
O15287,O96006
Q86YM7,Q9P2A4
Q15102,Q15102
Q01844,P17096
O00161,Q9P2A4
Q13895,O94972
Q9BY27,Q8N5I3
Q16828,Q99750
O75909,Q93062
Q12933,Q9BT49
Q13287,O14964
Q8TES7,Q8IY31
P51946,P25786
O75084,Q9UMX0
P0CG47,Q15038
Q93062,Q9P0T4
Q99750,Q14296
Q9UJX2,Q9Y620
Q96QG7,Q96QG7
P43364,Q9Y6M9
P43364,Q9NP98
O60516,O60573
P09327,Q8IYF3
O15162,Q8WWR8
Q9GZT8,Q96CG3
Q13257,Q9Y3Q8
Q13501,Q9H0R8
P49407,Q14749
P51116,P22234
P25786,Q13287
Q15233,Q9Y6D9
O95198,Q53G59
Q9H0L4,Q9UMX0
Q14872,Q9BXS5
Q99961,Q9H788
Q01844,P16860
O75800,Q9Y3Q8
Q8TAK5,Q8TAP4
P61964,Q9NS73
Q9Y5P4,Q9Y5P4
Q9NVV9,Q8N5F7
Q9BUY5,Q9BQ66
P17509,O15162
Q9UJX2,Q93062
P27658,Q53G59
Q01844,Q15011
P49247,Q9GZT8
Q13867,Q8WVZ9
Q15038,Q9H0E2
Q14558,Q14558
Q99750,Q96SK3
Q9NS73,Q9BY27
Q99750,Q9BT49
Q9GZT8,Q8N5Z5
Q99750,P32242
P19012,P08727
Q02218,O15162
P50402,O43889
Q01844,P62899
P09467,P51116
Q03518,Q9BQ66
Q9Y2J4,Q96CN9
P26367,O94829
O94972,Q8N720
P17858,Q9BQ66
O96019,Q01844
Q99750,Q13526
Q12933,O43597
Q9NSU2,Q9H4K1
Q15233,Q9H8W4
P29972,O95967
P78364,Q9UHJ3
Q12933,Q9H8Y8
Q9Y620,Q9H8Y8
Q03014,Q9BQ66
P60520,Q9BXK5
Q9NWT6,Q8WXK3
Q12906,Q99750
O00444,Q5VWP2
P19012,O75604
Q96CN9,Q8TES7
P51668,Q9BV68
P45984,Q15427
P08670,Q6ZU52
Q01844,P54725
Q12933,Q9Y4K3
O95751,Q9NY61
P27482,Q9H0B3
P10276,P48443
P48059,O60711
Q12933,Q9BZY9
O14641,Q8IYF1
Q15645,Q93062
Q9BQ66,Q8NDP4
Q14005,O60232
P08134,Q07960
P56545,O94818
Q14134,Q9BRK4
P25786,Q9Y620
Q9UKW6,Q8N6T7
Q92997,Q53G59
P51116,Q9UIC8
Q9H4K1,Q8IYF3
Q14966,Q9BQ66
Q13418,Q9NVD7
Q6ZU52,Q96ED9
Q969Y2,Q969Y2
P43364,P58340
Q16718,O75438
P49902,Q9Y5B8
P62263,Q16594
O95751,P15622
Q01844,P43364
Q15561,Q9GZV5
Q9UKI2,Q9UKI2
Q15645,Q86UW9
Q9UBZ4,Q96ED9
O15162,Q96ME1
P02794,P51116
O43663,P35900
Q9H190,Q7Z7J5
P63010,Q5SW96
P14923,Q9H4K1
O43639,Q9NYB9
O95197,Q9NQC3
Q9NYB9,P35900
Q9Y2X8,Q9HCM9
Q9NVV9,Q9NVV9
Q01844,Q9UEE9
P19012,Q9P2A4
Q96ED9,P15622
O43765,O95967
Q01844,Q96MA1
P27658,Q9BQ66
Q12933,Q9H4K1
Q14296,Q93062
P31269,Q93062
Q8TBN0,Q96QF0
Q16799,Q9H8W4
P78310,Q01844
P25791,Q9UPY8
P15531,O15160
Q7Z7J5,Q7Z7J5
P08727,Q8IYI6
Q9NZD8,Q96QG7
Q15654,Q8NEC5
Q15645,Q9NRQ2
P31947,O43916
P49366,Q9GZV4
Q13228,Q15645
O43708,O43708
O15162,Q9NVZ3
Q01844,P49910
Q9NVV9,Q9H9D4
Q9UMX0,Q9UMX0
Q01844,P81877
O60260,Q15645
Q01844,Q96AX2
P10451,Q8WYA6
Q15654,O43639
Q9UMX1,Q96D15
P48552,Q8IYF3
O14964,O95751
P51116,Q8N5I3
Q9BQ66,Q8TAU3
P23297,P23297
Q16630,Q53G59
P50552,O60936
Q14566,P25786
P49366,P32969
Q99750,Q8NDP4
P02538,P19012
O14641,Q8WTU0
O15162,Q9NRQ2
P78337,Q93062
P17482,Q99750
P43364,Q05516
P11597,Q01844
Q93045,Q8IYF3
Q99598,Q96AQ6
Q13232,O43765
Q9BXC9,P61289
P84101,P61289
P46108,O15162
Q01844,P49821
P43364,P30048
P60709,P63261
O14641,Q15287
O43707,Q9NPC6
O60573,P35900
O14639,O95751
Q99750,Q969U6
Q92624,Q6PEW1
Q99750,P48378
Q9Y5P4,O95197
O60232,O60232
Q8IXK0,Q8IXK0
P43364,Q9BSJ1
P15531,Q9H8Y8
Q86U70,Q8TAP4
Q14134,Q96CN9
O15160,Q9Y2S0
P78368,Q9Y5P4
Q14566,Q9BWG6
P19474,Q9GZT8
P13805,Q13136
P43355,Q9BZY9
P02538,Q04695
Q12933,Q9UQN3
Q15645,Q8IVS8
P13805,P13805
Q9Y620,Q96JP2
P49368,O60232
P14209,Q9UMX0
Q92624,Q9H1J7
P10276,P28702
P63010,Q9NVV9
Q9NTM9,Q6IA69
Q9UJW9,Q8N6Y0
O43639,Q5T5P2
P84101,Q93062
P08727,Q14966
P63010,Q96HA1
P05783,O95751
P08727,Q8N6Y0
O15162,Q9BQ66
Q16637,Q96PV6
P05783,Q8IYI6
Q9Y580,P38159
P0CG04,Q9UMX0
Q13643,Q00587
P62195,P35398
O15287,Q8N6K7
P30281,Q96EV8
Q12933,Q9UI26
Q96E35,Q8WZ19
Q13485,O15198
P29692,P26641
Q9UBZ4,O95967
P46108,Q7L190
O94972,Q96T60
Q8IXK0,Q8TAP4
Q15154,Q9NYB9
P30279,P38936
Q9HCM9,Q9BRC7
O94855,Q15437
Q9H4K1,O95967
P23434,Q13287
O43488,O95154
Q9NSU2,Q8IY31
Q15637,Q93062
Q9BT49,Q9BQ66
O76083,Q96FC7
Q9UBU8,Q96HT8
Q15154,Q8IYI6
Q99750,Q9H9D4
P30281,O95967
Q9NR21,Q969Y2
O95154,O95154
O43683,P46108
Q9Y295,Q9H446
O96006,Q86YR5
O95273,Q9HCZ1
P49639,Q9BQ66
Q13444,Q15645
Q9Y2X8,Q86UW9
Q99750,A8K8P3
O14978,Q9NZD8
P56279,Q7L7L0
Q9UI14,Q9UNI6
Q15555,Q9GZT8
Q9Y2X8,Q9BV68
Q92569,Q14919
Q12933,O75604
P31947,Q12788
Q03393,Q03393
Q15427,Q13435
Q99750,Q9UQ90
O94972,O43663
Q9UJX2,Q9Y3Q8
P52306,Q9Y4E5
P51116,Q9Y3Q8
O14978,Q8WV44
P19012,Q9BTA9
Q9H204,Q8N6Y0
Q99598,Q96HT8
P14136,Q96HL8
O60936,Q9GZT8
Q99750,P52737
P63010,Q9NVZ3
Q15645,O95865
P25791,Q15038
Q92624,Q15050
P60891,Q9NZD8
O15155,Q8N6Y0
P06731,Q01844
Q9UKF7,Q6RW13
Q15102,Q8WUX9
P43364,Q9BXY8
Q15311,Q96ED9
O75716,P49247
Q5T5P2,Q9NQT4
P37235,Q86UW9
Q12933,Q969F0
Q15102,Q9H190
O14641,Q8TAD8
Q12933,Q8TBE0
P49674,O14641
Q96CW1,Q7Z7J5
O14641,O43395
P24534,P26641
P26641,Q12905
Q01844,P46926
P08670,O00151
Q9Y2J2,Q9NS73
O95197,Q9H8W4
Q9NYL2,Q8N184
O14639,Q9Y3Q8
Q99750,O95336
P50552,O00308
Q96SL4,O43765
P50222,P52198
O00161,O76038
P78364,P63279
O15162,O43597
Q9NR12,O00308
Q96AT9,Q96AT9
Q00587,Q9BQ66
P36575,Q96IT1
Q92630,Q9Y620
Q99750,Q8NEC5
Q9NTM9,Q9NTM9
P49888,O00204
P51116,Q9Y4E5
Q6IA69,Q96JP2
P22234,P22234
O75971,Q16520
P43365,P42229
O43639,Q9NZQ3
Q9UKW6,P62244
Q9BQ66,Q9BXY8
Q9UKI8,Q9Y294
Q15645,Q96JB6
O75716,Q8N5Z5
Q13136,Q9NS73
P19012,Q9BY27
P25786,P08670
P62258,O75791
P13805,Q96E35
P43355,Q9NR46
P63279,Q9H444
P61601,Q86UW9
Q9NRQ2,Q9BQ66
P62195,P13805
P33993,Q9NS73
O94972,Q6ZU52
Q15555,Q15555
P43364,Q96T60
O75886,Q969R5
Q5T2W1,P50542
P54920,Q9NQC3
Q9Y5P3,Q96EQ0
P50222,Q9BQ66
O14641,Q8TBE0
P63010,O75348
P61289,P61289
Q14576,Q01844
P62979,Q15038
O75461,Q14186
P61952,Q9Y2J4
P49674,Q9Y620
Q9BVJ6,O95751
Q13643,Q14847
Q4U2R8,Q92624
P46108,P62333
P26378,Q01844
O14641,P04637
P32929,P32929
Q9UJ70,Q9UJ70
Q01844,Q8N6C8
O60941,Q9NRG1
P62829,Q9P287
P19012,Q6PKC3
Q9NTM9,Q9NZD8
O00506,Q9BUL8
Q96MF2,Q96MF2
Q8N6Y0,Q8N6Y0
P43364,Q8TDX5
Q99750,O15015
Q08379,Q14134
P43355,P14927
Q9Y580,O75525
Q99750,Q9NQX5
Q9UI14,Q9H8W4
Q9BX82,Q9BX82
P17509,P19012
Q8TBK6,Q96MF2
Q86U70,P81877
P33552,Q9Y3Q8
Q16828,Q8IYF3
Q96EZ8,Q9NPJ6
O15162,P50552
Q15645,O95486
O14641,O95817
Q96PP8,Q96PP8
Q00587,Q9BPZ7
P42568,Q92624
Q9Y2J4,P35900
P27658,O95967
P63010,Q7Z3B4
Q99750,Q14781
Q96CW1,Q92609
Q92934,Q01844
Q15645,Q53HV7
Q8IYF3,Q5T5P2
O14978,P57086
Q9NQX5,Q9BQ66
P49760,P49761
Q99750,Q8TAU3
P51116,O95751
P55273,Q9HA65
Q9UKK6,Q9H4D5
Q99750,Q9H1D0
P29972,Q8N5Z5
Q9NYB9,Q8IY31
P33992,Q99750
O14964,Q15038
P50552,Q9C026
P63279,O14964
Q99708,P51116
Q14376,Q14376
Q00796,Q00796
P14136,Q96HA1
Q01844,Q96M83
P63279,Q9Y620
Q01844,Q9Y676
P63279,O96006
Q9UMX1,Q9NPA3
Q14088,O95197
O14639,Q8N6Y0
P63010,Q9NYB0
P51116,P38159
Q15233,Q9P1U0
Q92530,Q9BV68
O14641,Q12933
P04424,P47897
O75830,Q9UMX0
O15162,Q00587
O60573,Q9BQ66
P14923,O00221
Q7L590,Q7Z7J5
Q12983,O60238
Q12933,Q9BRK4
P14136,O75791
O75427,Q99750
Q01844,Q9H467
Q99576,Q9H8W4
Q9UMX0,O95967
P14136,Q9H4K1
P23297,Q9GZT8
O14879,O14879
O43765,Q9BXJ1
P50222,O00295
O00167,Q93062
Q16594,Q14919
Q93062,Q9BRR9
P36406,Q9P0T4
P12814,P43364
Q99750,Q8WXS3
Q9NS73,Q9H8W4
Q01658,Q9NRF9
P49910,Q9BQ66
O94972,Q8TAU3
Q8TBK6,Q7Z7J5
P28702,O43791
Q99750,Q8IYI8
P14317,Q9H788
O15389,Q15645
Q9UI14,Q9NRS6
Q9BT78,Q9NS73
Q99750,Q8TAP4
Q9GZT8,Q96MA1
Q15233,Q15233
P19012,Q9H4K1
Q9UBX3,Q9BQ66
Q16851,Q16851
O14641,O14978
Q9UBP6,P57081
O00204,Q96Q35
Q15645,Q9NZF1
O15162,Q9P0T4
P49902,P49902
P63261,P60981
Q13526,Q93062
P45381,P45381
Q9Y620,Q9H4K1
O75525,Q5VWX1
Q14566,Q8WYH8
P10644,Q9H8W4
O14641,Q93062
Q92997,Q8TBE0
Q13643,Q15654
P51116,Q96EZ8
Q86U70,Q9H0E2
P19012,Q8TCX5
Q92997,Q9H9D4
Q9NZD8,Q9NQC3
P61457,Q9H8Y8
P31269,O15162
P29972,Q9BQ66
O95639,Q6UN15
P60891,P60891
Q01844,O60637
P51116,Q14134
P56545,P48552
P19012,Q7LC44
Q13287,Q9XRX5
O43639,Q15427
P55039,Q9H446
Q96EF0,Q96QG7
P14136,Q5T2W1
P49639,O95967
O94972,Q7L590
Q12933,O43566
Q9UI26,Q9BRC7
P60891,Q9H8Y8
Q16526,Q12933
Q9UI14,Q9GZT8
O15162,Q9UBP5
Q14011,P38159
O95967,Q9BUY5
Q96GM5,O95751
Q13191,O43639
Q9UI14,Q9UI14
P51116,Q9NQC3
Q99750,Q03518
Q5TD97,O96015
Q9UNP9,Q9HCS7
Q92997,Q96L94
P30279,P46527
P14136,Q96JP2
Q9Y5P4,Q13352
Q9H9D4,Q9BQ66
P43364,Q96CB9
Q7L190,Q7Z7J5
P35613,Q9NR12
Q96HA1,Q8IYF3
O43683,O95376
Q13490,Q12933
P49910,P57086
Q01844,O94972
Q15645,Q9GZT8
P51116,Q9Y2J4
O15162,Q9NRY6
O75340,O75340
Q99750,Q9P0T4
Q13526,Q99708
Q96E93,O95214
O43765,Q8TCT8
Q92624,Q12788
Q01844,Q96CW9
P26368,Q7Z7J5
P07902,Q15645
O43924,P54725
Q8N720,Q9BQ66
P61077,Q9HCM9
O15162,Q92734
Q93062,Q53HV7
Q15555,Q9UPY8
O14641,Q9BXS5
O14964,O75886
P26641,O60706
P17482,Q93062
O00161,P51116
O94972,Q96EZ8
P37198,Q9NVV9
O95817,Q9UJY1
Q99750,Q8NE01
Q01844,O95336
O95810,Q9H8W4
Q9H4K1,Q96ED9
P08670,Q9HD26
P43364,Q9H788
Q9Y2J4,Q9Y2J4
Q9Y5P6,Q96IJ6
Q14847,Q99750
O95817,Q15038
Q13287,Q9Y6C2
P49639,O60711
O75791,Q9BQ66
O60232,P48643
P35638,O43791
Q99594,Q9GZV5
Q09161,O75150
Q12906,O15162
Q12933,P48552
P51116,Q9NS73
P25963,Q96HA1
P51116,P49247
P62333,O00233
O15162,Q9NQX5
P42772,P43364
P46527,Q12933
Q16630,O00308
P62495,Q14145
Q8WYH8,Q8IVL1
Q12929,Q15154
P49903,P49903
Q99750,Q9P2T0
Q01844,P60660
O75909,Q9BQ66
Q13572,Q12933
P43364,Q49A88
Q05516,Q9BQ66
P63279,Q14134
P43364,Q8NEG5
Q93062,Q8WWR8
Q15645,Q9NTN9
Q9P0T4,Q9BQ66
Q01844,Q13485
O95391,Q9H2H8
P37235,Q9NP66
Q93062,Q9NQ87
P43364,Q15560
Q8TAK5,Q8NHU6
Q92997,Q7Z7J5
O43765,Q9H2B2
P05783,O14964
P05783,Q9Y5B8
O14978,Q9Y5B8
Q15654,Q96I34
P23497,P63165
Q15645,Q9NRY6
P25786,Q8N5Z5
Q9Y6D9,Q14134
P09467,Q96D59
Q12805,O43765
Q9Y580,Q9NP66
Q01844,O14604
O14978,Q9UMX1
P10644,Q9ULZ3
Q15233,P51116
O43639,Q9Y2W2
O15287,Q8N6Y0
O75909,Q9NP66
Q8N5Z5,Q8N5Z5
O43639,Q16630
Q8TBK6,Q9NVV9
Q9BQ66,Q9BYR7
O95967,Q8TCX5
Q96HC4,Q9HCM9
Q9UPT5,Q8N6Y0
P26599,P26599
P19012,Q14966
Q9GZT8,Q9Y3Q8
Q9Y6D9,Q9Y2J4
Q99750,O43439
P55040,Q9NR12
Q01844,Q9NQA5
P15104,P15104
Q99750,Q8IZC7
P02794,P02792
Q12933,O95201
Q86YM7,Q9BW04
Q92824,Q92624
Q92624,Q9NZZ3
Q92997,P78337
P61457,Q9GZT8
P19012,Q9Y2J4
O14978,Q9H8W4
P49910,Q9NR12
Q01844,Q03426
Q9Y620,Q9Y620
Q08379,Q96HA1
Q12929,Q96ED9
Q14966,O95967
O14639,Q96ED9
P09619,Q9BQ66
Q15306,Q12933
Q8N5Z5,Q8N456
Q93062,Q8NE01
P27987,P61289
O15287,P08727
Q99750,Q9ULA0
Q8WTR7,Q8WV44
Q13287,O75971
Q9NP66,Q9NP66
Q15233,Q13526
P29972,Q15654
Q01844,Q99750
P19012,Q9GZT8
P30281,Q9H063
P43364,Q9UNH6
P16083,Q9H8Y8
P57739,Q9BQ66
P50222,P01282
O43189,Q9NVV9
P17028,P57086
P63010,Q5VWP2
P51116,P49902
Q5T5P2,Q96CN9
Q01844,Q96QG7
O43791,O95197
Q9Y283,Q9NWT6
P19012,Q5T5P2
Q06455,Q9Y2W2
Q01844,O15162
O14641,P15622
Q96HA1,Q93062
Q14005,Q96MA1
P33240,Q9UMX0
Q99576,Q9UM19
O14964,Q9UMX0
P61077,Q9BV68
Q8IXK0,Q96EZ8
Q15654,Q9H0B3
Q01844,O00330
Q99750,Q8WV24
Q12933,Q8TES7
Q8N6Y0,Q8IYI6
Q14558,Q9H8W4
Q01844,Q8N655
P37198,Q9H8Y8
Q8IYF1,Q9BQ66
Q8IUF8,Q8IUF8
Q9GZU7,Q99618
Q14566,P42568
Q15560,Q12933
O60941,Q9NP66
P32242,Q9UKJ5
P36406,P15622
Q9NTM9,Q9GZT8
P45973,Q8IYF1
Q8IYF3,Q53TS8
P19012,P25786
P48730,Q92997
Q13352,P53365
P51116,Q5T5P2
Q15038,Q9H0M0
Q99836,O43791
Q9BYD3,Q9BQ66
P43364,Q15007
P19012,Q9NYB9
Q9BQ66,Q8IYI8
P19012,O14639
P26368,Q9NVV9
Q14088,Q9NQC3
Q01844,P42679
P06753,P0C1Z6
P08670,Q9H4K1
O43186,Q99750
Q01844,Q9Y467
P32242,Q93062
P31947,Q6ZU52
Q9BXS5,O95751
O76083,O76083
P20809,P43364
P51116,Q7Z7J5
P26992,O15162
O94993,O95989
Q15038,Q93062
O95197,O95197
P24666,Q9UHJ3
O94972,Q96KB5
O43707,Q9NP98
P42229,Q9NRG1
P61244,Q9H8W4
P32321,Q9GZT8
Q9BVJ6,Q96ED9
Q9UKJ5,Q8NEC5
P49914,Q9Y3Q8
Q15645,Q9BYR7
P28799,P49639
Q13287,Q9NVZ3
P01019,Q01844
P54725,Q12933
Q9Y297,Q9C026
Q92624,Q9BT88
Q9UJU6,Q9H788
Q01844,Q16558
P62857,Q9BQ66
Q9HCY8,Q96FQ6
O60711,Q96HA1
P43364,Q8N720
P51116,P35900
O15481,Q8IY81
P10398,Q53G59
P13805,P51116
P56545,Q92530
O60941,Q8ND30
Q9BQ66,Q8NEC5
P0CG04,O43765
O00161,P54920
Q96CV9,Q9HA65
O60936,Q9NVF9
Q9H4B4,Q15645
O75558,O75558
Q8IXK0,Q9UHJ3
P19012,Q6ZU52
P63279,Q9Y4E5
Q96EV8,Q9BY27
Q15645,Q969Q4
O15162,Q96LJ7
Q9NVV9,Q96SI9
O00444,O00444
Q8WVF5,Q8WVF5
Q92530,P38159
Q9UKJ5,Q9H8W4
P40692,O94941
Q15038,Q86YR5
Q15654,P18206
O15162,Q15038
O15162,Q14966
O15162,P78381
P51116,O60232
O15162,Q05516
Q01844,Q9H5I1
P00492,Q9NRG1
P49639,Q15654
P26368,Q7Z7F0
P43364,Q9H204
P02792,P02792
Q99750,O95201
P19012,P62195
O14641,P49910
Q03154,Q03154
O95125,Q8WTR7
P78364,Q8IXK0
Q9NS73,Q8TAP4
Q9UNH6,Q8IYF3
P18848,P02766
Q03014,O95967
P43364,Q9Y2S0
Q14005,O95967
P51606,O96006
O43639,P51116
Q9UMX1,Q7Z412
Q6ZU52,Q9H257
P49910,P15622
Q9Y5P4,Q9NQC3
O15162,Q5T681
P19012,P41219
P35900,Q9BUW7
P19012,Q15013
O14641,O14641
O14641,Q9NVV9
O43597,Q9BQ66
P26992,Q9BQ66
Q14134,Q96JP2
Q12982,O43889
O60568,Q7Z7J5
Q96EZ8,Q9Y2W2
O94818,O75971
P23511,Q92624
Q14134,Q8TES7
Q92997,O43395
Q9UPT5,Q9UMS4
P63010,Q9H4K1
Q14966,Q96ED9
O75150,Q9Y4E5
Q16566,Q04206
P12814,P29274
O00167,P04899
O00167,P19086
Q96CW1,Q15311
Q14653,P05120
P04049,P49368
P01730,P02786
P47813,P55010
P10276,Q9NPJ4
P01857,P0CG05
Q16665,Q9UNS2
Q13426,Q7Z2E3
P29372,P54725
P27797,P30101
Q9NYB9,Q9P0K1
Q13126,Q8WY64
P51116,Q96F07
P18848,P19387
O43172,O43447
Q99961,Q96B97
P62136,P06400
Q99933,P50502
P05107,Q9UNS2
O00505,P21980
P10398,Q96KB5
Q16637,Q92882
P78368,P16333
P49407,P12272
P62158,P11234
P01903,P01911
P01912,P04229
P13760,P13761
P20039,Q29974
Q30134,Q30167
Q5Y7A7,Q95IE3
Q9GIY3,Q9TQE0
Q9Y6K9,Q9Y6K9
Q14209,Q8N488
P42574,P62258
P01903,P79483
Q99708,Q9NY61
Q13444,Q9Y5X1
P29372,P54727
Q16890,P31946
P10244,Q969S3
P01308,P01308
Q9UFF9,Q14201
Q13285,Q9NPJ4
P52292,P04637
P19793,Q9NPJ4
P01730,P08195
O43707,P29274
Q9NPB6,Q9NPB6
O75461,Q8N488
Q07812,Q9Y371
P09012,P51003
P06454,Q01105
P42772,O14519
Q99933,P06400
Q13191,P16333
P49768,P62491
P36873,P41236
P23497,P45973
O43683,Q9Y6B7
O60566,Q9Y6B7
O60566,O43684
P62826,P61970
O43683,O00203
O60566,O00203
Q9H2B2,Q9H2B2
Q15759,O15379
P13688,P29353
Q16589,P67775
P0DMV8,O75807
Q13490,P42574
O14933,O75150
P17693,P17693
P09486,P01137
P49682,O14625
Q15633,Q15633
P20809,Q14626
P62942,P25490
Q13547,Q13330
P10809,P01116
O76081,Q93045
P21810,P01137
P23528,Q76I76
Q16526,P56645
P10916,Q99972
P19438,Q12933
P29590,P06400
P52306,Q92845
Q07817,P99999
Q04206,Q9UNL4
Q13164,P04049
P41743,Q13163
P02647,P06576
P53350,O96017
Q07869,P19793
P31785,P42229
P16070,P14780
Q15121,Q13158
P06241,P16885
Q00534,P12004
Q04771,P18075
P62993,P18031
P62191,Q13200
Q13191,P43403
Q92781,P47804
P25942,Q9Y4K3
Q8ND30,Q13136
P12544,P26583
O15211,P61224
O94973,P29353
Q99638,O75943
P15976,P25791
P35398,P35398
Q14061,Q14061
P08476,P08476
P01730,O00220
P25685,Q13217
P24941,O14519
Q9BQQ3,Q9BQQ3
P51813,P12931
Q13569,P63165
P43246,P12004
P14780,P42830
P33993,P51948
P08195,Q9UPY5
P31749,P18031
P60709,P07737
O14976,Q9Y6Q5
P14138,P25101
P61586,O43924
Q06481,O95704
Q13418,Q15118
Q12982,P11362
Q13547,P35232
P12814,Q15942
Q13239,P43405
P27695,P39748
P56545,O00257
P04150,Q96GM5
P23297,Q9HB71
Q16539,Q06413
P35613,P03956
O15431,O15431
P04899,Q02818
P20338,Q9UJ41
P25205,P42224
O15519,O75618
P07305,P52292
P19793,O76064
P46527,P62258
P07711,P19793
P12318,P17931
Q13239,Q13239
P60953,Q9UQB8
Q13162,Q13162
P04083,P31949
P98082,P12931
P48380,Q33E94
P03956,P01033
O15259,Q9Y283
P30307,Q16539
P04637,Q99816
P50552,Q15942
P30281,P10276
Q96FV9,Q96J01
P14859,P19793
P13498,P19878
P60709,P14598
P63000,Q15311
O00255,Q04206
P17275,P84022
Q99909,Q9Y2D8
P05067,O95704
Q9Y4K3,O43353
P05556,Q08380
Q07812,Q16548
P04150,P20962
P40855,O96011
P61956,P61956
P09471,P49802
P16333,O60496
P42574,Q08209
P12314,P08631
P19793,Q13772
P62140,Q05397
P07355,P07858
P10276,Q15650
P08637,P29353
Q92934,Q16548
P60953,Q8TEW0
P42574,P20700
P01116,P48736
Q15418,P31946
P11142,P49368
O75030,P63165
P04637,Q13330
P62253,Q05086
P60604,Q05086
P11802,Q9UIV1
O95292,O95292
Q04206,Q15650
P17028,Q15697
P68133,Q01995
P53350,P20618
P11171,Q01081
Q13191,P15498
Q9Y263,Q9UBN7
P05067,P29353
Q16665,O15534
P25445,P06239
P09619,Q13596
Q07817,P55211
P02652,P05090
Q99759,P62258
Q06124,P35590
P29590,P63165
Q03135,P35354
P62993,P29350
P55259,P55259
P63096,O43566
P04271,Q9HB71
P07858,P60903
P06400,Q99708
Q15366,P26599
P19784,P05230
O95716,Q96QF0
P14784,P42224
P23763,Q9P0L0
O60566,P30260
P51116,P51116
P05783,O75190
Q14209,Q14186
Q13596,Q13596
O15335,P02458
O15379,P48643
P35998,P43686
O15503,Q12770
P16220,Q03060
P26583,P09086
Q07869,Q04206
P46527,P09936
P15927,P40763
Q12933,Q8N5C8
P18074,Q13501
P01100,P06400
O75688,Q9Y6K9
P49768,Q96BI3
P00750,P00750
P25490,Q8N488
P10515,Q15119
P00451,P04070
P12004,P35249
P63241,P46777
P62993,Q13330
P67936,Q15654
P20936,O60496
Q05513,Q9NPB6
Q13547,Q03181
P12644,P36894
P06400,Q9UBU8
P27824,P27701
P31269,P40425
P50995,P30626
Q13485,Q92905
Q5TD97,Q5TD97
P20151,P29622
P25116,P51161
Q13547,Q15047
O75390,P40926
Q9Y4Y9,Q9Y333
P01374,P01374
P61981,P26651
P37231,O60869
Q13951,O43439
P01303,P20382
Q16288,Q13501
Q04206,P40763
Q12933,Q96CG3
P00374,Q15388
P48556,Q9Y5K5
P07949,P12931
O43602,O43602
P84077,Q8N6T3
Q99836,Q13158
Q01844,Q15637
P26678,P26678
P01730,P28907
Q13363,P48552
P06241,Q8N3X1
Q8WZA2,P62070
P62993,Q13444
O60566,O76070
Q16637,Q9H840
P61769,P15813
P0DMV8,P04637
P42574,O00273
Q13895,Q12815
P01903,P27701
P05386,Q53EL6
P48730,O15534
P41271,Q9UMX0
Q16666,P04637
P01730,Q05397
Q13363,Q13547
P33993,P28749
P30307,P06239
P01137,P04004
P27695,P63279
P20138,Q06124
P51397,P19438
P22736,P29590
O75381,O75381
P31930,P99999
Q96EY1,Q969K3
Q99576,P04049
P41743,Q13501
P30542,P09471
P53350,P25789
P51636,Q14254
P15976,Q05516
P16070,Q05707
Q13158,O15519
P12004,Q99638
Q04771,Q99717
P43403,Q9UJU6
P60880,Q86SS6
P25942,Q12933
Q13616,Q8NFZ0
P12544,Q01105
P62834,P52306
Q13191,P29353
Q99638,Q99615
P01889,P03989
P10319,P18463
P18464,P18465
P30460,P30461
P30462,P30464
P30466,P30475
P30479,P30480
P30481,P30483
P30484,P30485
P30486,P30487
P30488,P30490
P30491,P30492
P30493,P30495
P30498,P30685
Q04826,Q29718
Q29836,Q29940
Q31610,Q31612
Q95365,Q13241
P37231,P48443
O94768,O94768
P05111,P08476
P62826,Q9UI26
P24941,Q13309
Q9HD26,Q9HD26
P12931,Q13444
Q13569,P10827
P09237,P14780
O15379,Q9NWT6
Q16637,P04637
Q92535,Q9BRB3
P31749,O15530
P00918,Q2Y0W8
P60709,P62760
P15153,Q13616
P61586,Q9UI14
P50402,Q9ULX6
O00213,P51693
Q13418,Q7Z4I7
Q03135,F7VJQ1
P04156,P12814,P11216
Q13094,P43405
P27695,P12004
P15036,P04150
P13861,O43572
Q16539,O60271
P30530,P06239
Q13304,Q14344
P04899,Q9Y272
P20338,Q9UI14
P62158,O60869
P50591,O00220
P19793,Q15466
P50395,P62491
P07711,P29508
O75506,O75506
P12318,O43561
P62314,Q9UHI6
P60953,Q07912
Q9NR50,P49770
P11142,P16949
Q07960,P12931
P36896,Q8WUH2
P03956,P09237
Q9H9E3,P83436
P30307,Q9H4B4
P04637,O95967
P50552,P50552
Q00535,O14976
Q96NY9,Q96AY2
P06748,Q9UH65
P13498,P14598
P60709,Q99572
P63000,Q9H4E7
Q9Y6C2,Q9Y6C2
P50395,P61006
Q9NPJ8,Q9H4D5
P01011,P05067
Q9Y4K3,Q99558
P05556,O14713
P16234,Q06124
Q07817,Q9NQC3
P04150,Q04206
P29350,P30874
P40855,O43808
Q14005,Q9BZL4
P09471,P49798
P20336,Q96C24
P16333,P63000
Q08209,P00441
P31483,Q14296
P52657,Q00613
P19793,P61201
Q05397,O43639
P07858,O76096
O15273,Q9NP98
P24593,P10451
P13501,P18827
P98082,Q13526
P60953,P19878
Q9Y3F4,Q9Y3F4
P50402,P02545
P07332,Q9BPU6
P31946,Q9Y2J2
P02452,Q15582
O75928,Q9UHL9
P15531,Q13232
P52198,Q9H0H5
P51668,Q05086
P11802,O75832
Q9P0L0,Q9P0L0
P04004,P04004
P68133,P63000
Q92748,Q92748
P62304,P62304
P15498,Q15942
Q9UBN7,Q8IXJ6
P04746,P55259
O15534,P56645
P25445,O75340
Q07817,P49810
P02652,P55058
O00161,O43752
Q06124,P19438
P29590,Q04206
P62993,Q9NZQ3
P51668,Q9UNE7
P63096,Q9NPG2
P62330,P53365
P08133,P04271
O60264,Q9NRG0
P06400,O00257
Q06413,Q14135
P16870,P20382
Q99417,Q96A23
P30511,Q8NHL6
P63010,O60566
Q12834,P30260
P61981,Q9Y2J2
P05783,P61981
Q12800,Q12800
Q13596,Q96QK1
P02458,Q15582
P35998,Q16401
Q99933,P10276
P02511,P25788
P26583,P14859
P25963,Q9UN86
P22695,Q9NQC3
P07949,P40763
Q12933,Q8TEL6
P18074,P18074
Q05516,Q05516
P01100,Q96GM5
Q9UJV3,Q9UJV3
P35221,P49768
Q16394,Q93063
P05121,P00750
P01011,P20151
P10515,Q15118
P06241,Q13444
P53350,P25788
P35249,P40937
P52333,P42229
P62993,Q07912
P08631,P20936
Q02363,P15884
Q14773,Q02094
Q12983,Q12983
P42575,P55210
P27824,Q01453
P04035,O15503
P49810,P30626
Q13485,Q8TAD8
P62258,Q92974
P06870,P29622
P25116,Q13596
P11229,P04899
Q9Y4Z0,Q9Y333
P06239,Q13501
P23528,P60174
P37231,P48552
Q03135,P17302
Q13643,Q13643
P01303,Q9UBU3
P55210,P19438
P40763,Q9Y6X2
Q12933,Q9H2K8
P07585,P01137
O75525,O75525
Q14451,P07949
P31150,P15153
P84077,O14617
Q99836,P58753
P06730,O60516
P36871,P23297
P10398,Q9UNS2
P28907,P08637
O94972,Q9BUZ4
Q13671,P62070
P62993,P18433
O43502,O43542
P53567,P53567
Q16637,Q9Y4Z0
Q00597,P0DMV8
P42574,Q14203
O00194,Q9BV36
P28068,P01903
P54725,P04843
P48730,Q8N6T3
Q13043,Q13043
P18084,O96013
P01730,O43561
Q13547,P48552
P84022,P28749
P19544,Q15007
P06239,Q06124
P21860,P21860
P42224,P63279
P25189,Q01453
Q99961,Q8WUM4
P21796,P99999
P09619,P04049
O43837,P51553
P00813,P04150
P53350,Q9BQQ3
P15036,P23771
P21810,Q16586
P16070,Q92888
Q14493,Q8WTR7
P54764,P06241
P12004,O95257
P12814,Q15078
P62330,P49407
P00505,P40926
P24666,P43403
P60880,P61764
P25942,O00463
Q99717,P50616
Q03113,P62873
O43924,P62834
P42701,Q14765
P62158,O43526
O60921,Q99615
P26641,P12081
P28702,P10827
P38936,P25788
O75716,O75716
P20591,P20591
P62826,Q9H6Z4
P24941,P39748
P12931,Q9UI08
P10244,Q7KZF4
P14780,P35625
O15379,O15379
P08571,O60603
Q15833,O00161
P49589,P26641
P32321,P32321
P31749,Q13418
P22033,P22033
P60709,Q96QU8
O95466,P63000
P05230,Q14512
P61586,Q9Y3L3
Q9NYB9,Q96B97
P02743,P12314
P62826,P46060
O43707,P05556
O95466,P07737
P12814,Q9Y2D8
P43405,Q9Y4K3
Q13363,P56545
P04150,P19338
P49841,P18031
P27797,P04222
P10321,P30499
P30501,P30504
P30505,P30508
P30510,Q07000
Q29865,Q29960
Q29963,Q95604
Q9TNN7,Q9Y6Q5,O43493
O95467,P63092
P84996,Q5JWF2
P41220,P50395,P20338
P43235,P29508
P04632,P31785
Q9BXS5,Q9Y6Q5
P21860,Q02297
P19793,O75469
P25774,P29508
O75791,O95273
P12314,O43561
P62316,Q8WXD5
Q7Z7G0,Q9P2A4
P01730,P09382
P12931,Q92845
P36894,P36894
P02461,P21781
Q9UKB1,Q9UKB1
P04637,P49459
Q92731,Q15466
Q00535,P61764
Q9UI10,Q9NR50
P19338,P31949
P00748,P07359
P60709,P06753
Q06587,Q9BQ52
P29692,Q5ST30
P61006,Q96C24
P05067,Q14031
Q9Y4K3,Q9NWZ3
P21926,P08648
P16234,O95219
Q07817,Q16799
P27695,Q16665
P29350,Q8WV28
Q02535,Q02535
P62993,P12931
O60603,Q9H0E2
P09471,O43566
P20336,Q9UI14
Q08209,Q14318
Q9Y297,Q9UKB1
P19793,Q05516
P51959,Q15257
P35221,P18206
Q99962,Q13444
P14784,P40933
P63027,O75558
Q03135,Q12933
P49427,P10244
P37198,P37198
P02788,P61626
P18848,P13984
P31946,O43896
P02452,P01127
P15531,P35398
Q99697,Q99697
Q13352,Q13352
Q15653,Q04206
Q01543,P15976
P68133,P11532
P63165,Q9UBT2
P62304,P62308
O43463,P45973
P15514,P30281
P55854,Q9UBT2
P25445,Q13158
P00749,Q03405
Q07817,O15519
P05549,Q5SW96
O00161,Q15836
P04150,Q99816
Q06124,P42229
P29590,P04637
P16885,Q8WV28
P62993,P10644
P63096,O43924
Q05513,Q9NR12
P31947,Q14258
Q03113,P16473
P06400,Q01892
Q02078,P10827
P23141,P08236
Q99829,Q99417
P50454,P21926
P10909,P10909
P30260,Q9NYD6
Q86U70,Q9GZU7
P42574,P05783
P10644,O43572
P52564,P52564
P02458,P21781
Q9Y6F1,Q9UH65
P35269,P35998
Q99933,O75807
O43491,P26885
P09429,P00750
P25963,Q15418
P07332,P40763
Q12933,Q9NYA1
P35638,P61247
P62140,Q9BZL4
P01100,P17861
Q16385,Q9Y2D8
Q8IUQ4,P51668
P43005,O75915
P14923,Q9Y297
Q92834,Q96KN7
P01011,P17538
Q99759,Q13163
Q04771,Q15797
P52333,O75886
Q16548,P62993
Q09028,Q13330
Q02363,Q02363
Q14773,P05556
Q99747,Q9UNK0
P0DMV8,P50502
P06400,O15379
P17693,Q13241
P05026,P58549
P62258,Q13671
P05362,P05107
P06729,O95400
Q13547,Q96BD5
P42574,P10809
Q9Y4Z0,O15116
P06239,P04216
O00629,P21980
P49238,P78423
P17302,P23297
O00622,P18084
P25791,Q02575
P19438,Q8TEL6
P04150,P40763
Q14031,P07585
Q96KP4,Q96KP4
P04049,P61981
P51813,Q03135
P84077,O14579
Q14005,Q99712
P06730,Q13542
Q07869,Q13133
P16070,P06241
Q13158,Q9HAV4
P06241,Q13291
P04062,P07602
P62993,O43597
O43557,Q92956
Q16637,Q9Y4Y9
Q12905,Q12906
P0DMV8,O95817
P25815,Q9HB71
Q13619,Q9UBF6
P28068,P13765
P23921,P31350
P49674,O15534
Q9UI14,Q9UL26
P18084,P41231
P01730,Q9Y297
Q13547,P28749
P54252,P54725
P06239,P29350
P02746,P00736
P63279,P19544
P35354,P04637
P55210,Q9UBF6
P45880,P99999
P04049,P62258
P00813,P30542
Q01826,O60264
P23771,P25791
P12955,P12955
P22557,Q9P2R7
P09525,P55259
O00203,P59780
P07954,P40926
P01920,P01308
P12814,P35221
P02647,Q8WTV0
P49407,O14641
P04150,Q13228
P29322,P48736
Q15154,Q8TAM2
P84022,Q6ZNA4
P20339,Q9UI14
P42224,P42224
Q05682,P62158
P24534,P12081
P28702,O75469
Q15369,Q8TEY7
P38936,Q01105
Q99558,Q99558
P62826,Q9HAV4
P24941,P06454
P29401,P29401
P07355,O75608
P98172,P12931
P10244,P0CG47
P08253,O95832
Q04206,O15379
P04637,Q86Z02
Q13490,P55211
P30281,P12004
Q13561,P49006
P14921,P01100
Q15119,O00330
P60709,P09493
P63000,Q9NPB6
P61586,Q9BST9
Q8WV28,Q96B97
P02743,P08637
P05556,O43493
P35080,P50552
Q13418,P05107
Q08379,Q9H8Y8
Q02790,P04150
P18031,P29597
Q16539,Q02078
P27797,P04150
P61981,O43896
P16333,Q07912
P07355,P06703
O43747,Q9Y6Q5
P08631,Q13444
P19793,Q96F24
P49810,Q9UMX0
P01730,P07339
P12314,P43405
O75340,Q96A23
P60953,Q8NF50
P08865,P45973
P12931,Q9Y3L3
O43924,Q15382
P02452,P14780
O60869,Q13133
O75030,P19484
Q13526,P04637
Q15797,Q92886
Q92731,Q9HBH9
P30279,Q00535
Q9UKT4,Q9UM11
P19338,Q9UH65
P07359,Q9NPF4
P62736,P23528
Q06587,O00257
P14868,P68104
P15498,Q8WV28
Q92934,Q9P1W9
P05067,Q03135
Q00722,P46734
P02679,P04004
P09619,O43639
P30838,P30838
Q07817,Q9BZR8
P27695,P0DMV8
P29350,P43405
P29590,P10276
Q02535,P15884
P62993,Q96D71
P63096,P30874
P11177,O00330
P18848,Q16236
P04632,P20810
Q00613,Q96D71
P19793,P48552
P19484,O14948
O96017,Q96NY9
P14784,P42229
P63027,Q9P0L0
Q8WTV0,Q5T2W1
P30304,P62258
Q96CW5,Q9NRH3
P02788,Q8TAX7
P35269,Q9GZU7
Q13164,P31946
P02452,P21781
P10276,Q13133
Q9Y4K3,Q13501
Q9Y6W8,Q9Y6W8
Q13547,Q04206
P50552,P18206
P68133,P53814
Q15306,Q01892
P21918,P19086
Q9Y6K9,Q92844
P49768,P49768
P25445,Q9BWQ8
P05120,P00749
P17181,P29597
O00161,O15126
P14136,P04271
Q06124,Q8WU20
Q03014,P29590
P49327,P49327
P19086,P49802
Q05513,Q13501
Q14209,Q14188
Q00534,Q9UIV1
P06400,Q15643
Q13485,Q02078
P07384,Q96PE3
Q99829,Q99829
P21926,O14817
Q13285,P48552
Q96CW1,O14976
P49736,P35244
O60936,P0C1Z6
P05787,P00750
Q13547,P06454
Q13547,Q99638
P02458,Q96JB6
P62312,Q9Y4Y9
P40926,P40926
P35548,O75928
P25963,P04637
Q15637,P26368
P24522,P19793
O43827,O43827
Q14247,O75056
P47813,O60841
P12235,Q07812
P19447,Q13888
P35237,P00749
P60891,Q14558
P21854,Q8WV28
O15492,Q14344
P06241,Q07912
Q14442,Q9BRB3
P62993,Q9ULV8
Q9H4B4,O96017
P16333,P20936
P13688,P29350
O15400,P54920
Q00613,P0DMV8
P06400,Q06587
P27824,Q14703
Q15697,Q15697
P17693,Q03519
P52294,P09132
O43615,O43615
P01583,Q99584
Q00688,Q13547
Q13547,O75381
P00918,P10809
P06729,P06239
P41146,Q13519
P17302,P36382
P49759,O43172
P21741,P18827
P11142,P19438
P40763,P16473
Q92888,Q92888
Q96CG3,Q96CG3
Q99933,P04049
P51813,P42574
P84077,P53365
P53350,P25786
Q06455,Q05516
Q07869,O95257
P31785,P52333
P16070,P02452
Q13158,O14763
P29322,P06241
P12004,P06454
Q04771,P36896
P62993,Q8WV28
P28799,P52790
Q16637,P62312
O60671,O75943
P0DMV8,P50542
P11234,Q15311
P52952,Q86Z02
P49841,O00429
P04222,P10321
P30499,P30501
P30504,P30505
P30508,P30510
Q07000,Q29865
Q29960,Q29963
Q95604,Q9TNN7
P43628,P25791,P25791
P41220,P35606
Q15572,Q15573
P01344,P48745
P01730,Q14005
P48736,Q8WYR1
P28749,O75884
O15126,O15126
P11279,Q9BXS5
P21860,Q9UQ80
P40692,Q9UQ84
O00167,Q15475
P33993,Q05086
P04637,O43474
P55210,Q9BQQ3
P55211,P10144
P04049,P06400
P98172,P49796
P35611,Q02363
Q99612,O43474
P05305,P25101
Q06141,P05451
P01019,P30556
Q13867,P62913
P21462,P04899
P01308,Q96C24
P12814,P50461
P43405,O43561
Q99459,Q12972
P04150,P63165
Q16539,P46734
P06729,P09326
P84022,P50616
P04899,P49798
P42224,Q6UWB1
P62158,Q13562
P42677,P42677
P30101,P01891
P01892,P04439
P05534,P10314
P10316,P13746
P16188,P16189
P16190,P18462
P30443,P30447
P30450,P30453
P30455,P30456
P30457,P30459
P30512,Q09160
P28702,Q15466
Q15370,Q8TEY7
P38936,P04183
P10276,Q15466
P49789,P63279
Q96HJ5,P24941
P07355,P00750
P12931,P42224
P08253,Q99727
Q99417,Q8TBZ2
P30307,P04637
P45984,P04637
P30281,P29373
P09086,P09086
P04839,P19878
P60709,P35080
P63000,Q9UQB8
P17813,P01137
P08134,Q9BST9
O94972,O00463
P05556,P27701
P06132,P06132
P05107,Q9NQ30
P48059,O43639
P04150,P48552
P18031,P62070
P40855,P56589
O95639,Q9BXP2
P30679,P41220
Q08379,P62820
P51636,P16333
P50995,P06703
O43747,P56377
P19793,Q13352
Q05397,O43294
P08311,P02775
P51843,P61201
P08637,P06239
Q8WUM4,O75340
P60953,Q9NQU5
P12931,P43405
P31946,P31946
P21810,P02452
P11142,O15379
O75030,O14948
P04637,Q9BVP2
P51959,O14976
P55036,P54727
P11802,P40305
P61204,Q9UJY4
Q00597,O15287
P62736,P48643
O14832,O14832
P68104,Q5ST30
P15498,P43403
P02679,P05362
P16234,P09619
P00352,P00352
Q07817,Q12983
P27695,P04637
P31994,P29350
P84022,P29590
P38432,Q14978
P62993,P53778
P55285,Q9H159
Q08722,P63096
P09237,Q96GW7
P42574,Q16236
Q92934,P60903
Q01105,Q15078
Q00613,P25685
P06400,P78396
P19784,P01100
P14784,P29353
P63027,O00161
O15530,Q16512
P30304,P31946
O00762,Q9UJX6
P05783,P31946
Q13214,Q13214
P02458,O00220
Q13485,P61244
P16220,Q5TD97
Q04206,Q9Y297
Q16512,P08670
P51813,P40763
Q92783,O95630
P21918,Q03113
Q9Y6K9,O43353
P49768,Q9NZ42
Q8IUQ4,P49757
P14324,P11362
P05154,P00750
Q14739,Q8N3X1
P17181,P29350
P23769,P10276
Q6GTX8,Q06124
Q16539,P29590
Q12929,P29353
Q14203,P62993
O00422,Q9UMX1
P20936,P43403
Q05513,P31946
O60683,P50542
P18075,P17813
O43557,O95407
P06400,Q92569
Q06323,Q9UL46
P07384,P49810
O15389,O15389
P13747,Q13241
Q15067,P22307
Q13485,Q8WUH2
Q13895,P05787
P06454,P62826
Q13547,Q01826
P02458,P51888
Q9Y4Y9,Q9Y4Z0
P17931,Q9UMX1
P51911,P06753
P37231,Q13772
P56178,P35548
O75943,P35249
P17275,Q14494
P25963,Q9Y297
Q01081,Q9UBU9
P40763,Q969D9
Q12933,Q92844
P61457,Q9Y463
Q96JC1,Q96JC1
P46108,Q9Y4K4
P47813,P62826
P84085,Q99755
P49796,P62258
P51946,P19447
P04054,Q9Y263
P37287,Q92535
P21926,P13987
P48552,Q92956
P06241,P09619
Q08499,Q5VU43
P62993,O75832
Q16659,Q16659
P22736,P48443
P33240,Q12996
P13688,P13688
P54920,O95249
P0DMV8,Q9UNE7
Q92781,P12271
P42574,O15519
Q92844,Q9UHD2
P28221,P28221
P49682,O43927
Q15633,Q96PK6
P62942,Q02790
Q15910,Q13547
P55212,P10809
P11142,Q9UNE7
P52333,P06239
Q06828,P01137
P23528,Q8TE77
Q03135,P29033
P21741,O75056
P19438,O43353
P29590,P61956
Q15388,Q9NS69
P11511,O15287
O15400,Q9P253
P35232,P04049
P51813,P42224
P53350,P60900
Q06455,Q06455
Q07869,P48552
P31785,P42224
P16070,P10451
Q13158,O00220
P06241,P29597
Q13547,P12004
Q04771,P49354
P07355,P62993
P43686,O75832
P13807,O15488
Q13239,P43403
P31151,Q92905
O60671,Q99638
P0DMV8,Q96EY1
O43924,P61225
P29353,O75791
O60237,P62140
P01889,P03989
P10319,P18463
P18464,P18465
P30460,P30461
P30462,P30464
P30466,P30475
P30479,P30480
P30481,P30483
P30484,P30485
P30486,P30487
P30488,P30490
P30491,P30492
P30493,P30495
P30498,P30685
Q04826,Q29718
Q29836,Q29940
Q31610,Q31612
Q95365,P43629
P61371,P25791
O95237,O95237
P49682,P02778
P01730,Q9NZD8
Q15475,Q15475
P24941,P24723
O75379,O43752
P21860,P27701
P43246,O96017
O95782,Q9BQG1
P51946,P33993
Q92994,P04637
O00628,O75381
P10144,P50453
P15036,Q15326
P41208,A8K8P3
P35611,Q92598
O14976,P11142
P25101,P04899
P61586,Q92974
P01019,Q9ULA0
Q13418,P48059
P11362,Q8WU20
P35232,P06400
P12814,Q9UGI8
P42229,P43405
P29972,P29972
P56545,Q9BQ52
P04150,P18510
P78552,P29597
Q16539,Q16644
P09326,P06241
P20339,Q96AX2
P52294,P42224
P62158,P15884
P48378,P48380
P43354,P19793
P38936,Q99816
P25685,Q9UNE7
Q13239,O43561
P60953,Q7Z6B7
Q9BY11,Q9BY11
P04083,P21980
Q12929,P12931
P48380,P48380
P08253,P35625
Q14032,Q9UPY5
P30307,P12004
P51959,P04637
P30281,P46527
O15259,O15259
P51948,P14859
P14598,P19878
P60709,P61601
P63000,Q92974
P84022,O00255
P17275,P17275
O60220,Q92783
O00213,P05067
P05556,O14817
P15151,Q9Y6Q5
Q07812,P21796
P04150,O43294
Q13094,P29350
O75381,P40855
P16615,P23297
P61956,P63279
P29992,P49796
P62820,Q9UI14
P16333,Q8WV28
O43747,P61966
Q14451,Q05397
P08311,P07359
P61201,Q9GZT8
P08637,P43403
Q16548,P55957
P60953,P31150
P55212,P20700
P01116,P52306
Q92934,P31946
P02452,P08648
P11142,Q92598
P01100,O75030
Q13043,P04637
Q15910,O43189
P30154,Q13362
P11802,P06454
O75915,Q9H0F7
P14859,Q04206
Q14117,Q9BPU6
P68133,Q16658
O15525,P26367
P11171,P52292
P29597,P15498
Q05516,Q9UBN7
P05067,P49757
P15884,O60682
P07148,Q07869
P01127,P09619
Q07817,P21796
P02654,P02654
O60260,O14933
P00451,P07225
P29590,Q13569
Q02818,P35354
Q05682,P62993
P55285,Q13634
P63096,O43665
P29034,P29034
Q12983,Q09161
P07355,P60903
O43353,O15519
Q66K89,P06400
P17096,Q9UMX1
Q9NSE2,P14784
P23763,O00161
Q12983,Q08722
P30304,P24941
Q9Y6N9,Q9H251
P05783,P62258
Q14186,P04637
Q13596,O14964
P02458,Q14050
P61244,P50539
Q92731,P42229
P16220,P13984
P26583,Q01105
Q05513,Q04206
P05154,P00749
P12931,P40763
Q12933,O43353
P18074,Q13888
P01100,P13984
Q9Y6K9,Q99558
P49768,Q15011
Q8IUQ4,O75525
P00750,P05452
P25490,O15379
P00918,P19634
P10515,Q15120
P23769,O15379
P05154,P04070
P01100,P29590
Q04724,Q04725
P30530,P62993
O75461,Q9BYE7
Q07960,P20936
O15530,Q05513
Q03181,O95257
P12644,P12644
Q16665,Q9NWT6
P06400,O43463
P42575,O60936
P27824,P05556
O76064,Q969T4
P31269,Q13485
P22307,P42765
Q13485,Q9Y297
P61163,P61163
P20151,P05154
P25116,Q03113
Q13547,Q9NWT6
P02511,O75390
P62312,P62310
P01374,Q92956
P31947,P26651
P37231,Q15466
P35269,P35548
P15169,P15169
P52333,P61073
Q06124,P40763
Q12933,O15519
P00374,P62942
P05783,Q8IUC4
P07949,O60496
Q13895,Q12816
P54764,Q8N5V2
P19447,P04637
P26678,O00631
P13987,P12931
P48552,Q13133
P06241,P04216
Q9H2B2,O60506
P62993,Q13702
Q16637,P62310
P13688,Q06124
P0DMV8,Q9NZL4
P15927,P13051
P42574,O75618
P11142,O95817
P01903,Q30154
P09486,P21980
Q16799,Q16739
P07237,Q9UMX0
P05231,P12272
P62942,O43294
Q13547,O60921
Q99708,P28749
O15360,Q9Y5X3
P06239,P43403
P01137,P62258
P23528,Q01518
Q16526,P49674
P10916,Q9BZL4
P19438,Q9Y6K9
P29590,P40763
Q13232,Q13232
P46108,Q9ULV8
P04049,O15519
O15530,P41743
P30542,P04899
P53350,Q99436
P27105,P27105
P00451,O14832
Q13158,O95243
P06241,P04049
P12004,Q9Y253
Q04771,O15198
P62191,Q16401
P60880,Q9C026
P25942,O43353
Q13616,Q99618
P12544,P19338
P62834,O43566
P29353,Q8NEM2
Q99638,O96017
P01889,P03989
P10319,P18463
P18464,P18465
P30460,P30461
P30462,P30464
P30466,P30475
P30479,P30480
P30481,P30483
P30484,P30485
P30486,P30487
P30488,P30490
P30491,P30492
P30493,P30495
P30498,P30685
Q04826,Q29718
Q29836,Q29940
Q31610,Q31612
Q95365,P43355
Q08722,Q02094
O14948,O14948
P36896,P08476
P24941,P28749
P49759,Q9BZL1
P12931,Q15654
P54727,Q13569
P43246,Q9NSU2
P56177,Q13485
P33993,P06400
P04637,O75569
O00180,O00180
P31749,P04049
P17900,P06865
P60709,Q96A23
P24390,Q8N6T3
P61586,P21980
Q92870,Q06481
P49841,Q13418
P05556,P15531
F7VJQ1,P04156
P31948,P43405,Q8WV28
P27695,P26583
P13861,Q8TBZ2
P30530,P12931
P63279,O00257
P04899,O43566
P62158,P51911
O14763,O15519
P19367,P21796
P19793,O60869
P46527,Q13309
P07711,O76096
P12318,P29353
P60953,Q9NPB6
Q96EZ8,Q96BK5
P06734,P20702
P12931,P31946
P14317,P61160
P03956,Q96GW7
Q96F44,Q96F44
P30307,Q13526
P04637,Q15572
P50552,Q96QU8
P30279,Q00534
Q9UI10,Q9UI10
P23511,P14859
P13498,P04839
P63000,Q8NF50
O00255,P15927
Q14031,P13725
Q9UBU9,Q9NPJ8
P05067,Q13867
O94972,Q9Y4K3
P05556,Q05397
P01127,P16234
Q16611,Q07812
P04150,P42229
P29350,P29597
P40855,O75192
P11362,P62993
Q14005,Q14005
P09471,Q9NPG2
P20336,Q8TBN0
Q08209,Q9NPC6
P51946,Q13330
O75506,Q00613
P19793,Q15650
P49841,Q05397
P01040,P07858
Q13191,Q8WV28
P24593,P05121
Q16548,Q13323
P60953,O96013
P53803,P53803
P02545,Q9UHQ1
P01127,Q13442
P55851,P31946
P02452,P07585
O15379,O75928
P21810,P55001
P23258,Q96CW5
O60260,P62253
P61077,Q05086
P11802,P46527
Q04206,Q9Y6X2
Q16611,P45880
P68133,P48643
P55957,P55957
P62304,Q8WXD5
P29350,P15498
Q9UBN7,Q96DB2
P05067,P21810
Q16526,O15534
P25445,Q8TES7
P09619,Q05397
Q07817,Q9H6X2
P02652,P02654
Q99759,O60271
Q05397,Q06124
P06730,P29590
Q13363,P41970
P62993,P07949
Q99598,Q13901
P63096,P49802
P04271,Q92597
P62330,Q99755
P08133,P23297
O43765,O43765
O15143,P61160
P13598,P05107
P23763,O95292
O95782,P53680
P30260,Q9UJX4
P50914,Q8WV24
P05783,O75618
Q99496,Q12800
P36896,Q13596
P02458,P09486
P35998,Q13200
P16220,Q16539
P26583,P04637
P09936,Q92905
P06239,P40763
Q12933,Q9NP84
P18074,P28715
Q9NYL2,Q9NYL2
P01100,Q16520
Q9Y6K9,Q9UNS2
Q07817,P49768
Q93063,Q93063
P00750,P09486
Q14209,P25490
P01011,P07288
Q15118,Q15119
P06241,Q9UI08
P04070,Q9UNN8
P11802,P35249
P49366,P63241
P62993,Q8WU20
Q15654,P50479
O43924,P20936
Q05513,Q9Y4K3
P33316,Q03181
P11836,P06241
P06400,O14682
P42575,P78560
P27824,P14314
P49639,P55347
P20073,P30626
Q13485,Q8N1F8
Q9HBH9,Q9HBH9
P06870,P05154
P25116,Q14344
Q13547,Q9UJW3
P17538,P01009
P62312,Q9Y333
P13796,P28676
P31946,P26651
P37231,Q9H0E9
P17302,Q13164
O15264,Q16644
P01303,P25929
P40126,P40126
P30101,P40763
O94972,Q12933
O95782,P35659
Q14582,Q8TDR4
P56159,P07949
P31150,Q9UI14
P84077,Q96JA3
Q99836,Q9NWZ3
P06730,O43432
P36871,P04271
P10398,O43615
P28907,P06239
O43597,Q9ULV8
P06241,Q13432
Q9UI14,P62070
P62993,P43405
P31689,P11142
Q16637,O60506
P0DMV8,Q9Y6K9
P42574,P14317
O00194,Q96C24
P20036,P04440
P62277,Q53EL6
P48730,P56645
P14316,Q04206
P06729,P01730
Q13547,Q9UBP5
P35232,P28749
P06239,P04049
P21860,P29353
Q13309,Q13616
P14921,P63279
P20138,P29350
P16104,Q9H6U8
P16278,Q99519
P04049,P31946
P30542,P19086
P53350,Q9Y266
Q03135,Q14254
P08034,Q16625
O43683,O43684
P06241,Q06124
P12004,Q9UGP5
P12814,P09467
P62330,P32121
O43508,Q9NP84
P00505,P11142
P60880,Q8NFX7
Q13616,Q9UBF6
P62873,O60262
P62834,Q9UI14
O95782,P29353
O60921,Q99638
P01889,P03989
P10319,P18463
P18464,P18465
P30460,P30461
P30462,P30464
P30466,P30475
P30479,P30480
P30481,P30483
P30484,P30485
P30486,P30487
P30488,P30490
P30491,P30492
P30493,P30495
P30498,P30685
Q04826,Q29718
Q29836,Q29940
Q31610,Q31612
Q95365,Q8NHL6
P28702,P48552
Q92466,Q13547
P61024,Q13309
P24941,P78396
O43752,Q9HD26
P10244,P78396
Q14031,P14780
P34932,O15379
P08571,P05107
Q15831,P04637
Q13562,P78337
Q66PJ3,Q9H0F7
P60709,P50402
P15153,Q9H4E7
P08758,P18084
P61586,Q16512
P50402,O75531
P02743,O43852
Q13418,O43639
Q13418,P05556
P07737,Q96QU8
P12814,Q9NPC6
Q05397,P43405
Q13363,Q99708
P31947,P04150
Q16539,P35236
Q16539,P60983
P27797,P00750
O60568,O60568
O95467,P63092
P84996,Q5JWF2
P62873,Q13526,P20338
P52657,P62380
P62158,P20337
P62308,Q9UHI6
P52790,P22692
P49810,Q96BI3
P01040,P07711
Q99661,Q99661
P15814,P15814
P62316,Q9UHI6
P60953,P15153
Q9UI10,P49770
P06729,P09382
P12931,O95297
P36894,Q8WUH2
P07585,Q05707
Q14746,Q9H9E3
P27816,Q96L34
P04637,Q05086
P50452,Q01518
Q00535,Q01105
Q96D42,Q9H3S1
P19338,P06748
P13498,P63000
P60709,P63000
P29692,P29692
P61006,Q96CV9
Q9NPJ8,Q9GZY0
P05067,Q92624
P08648,P10451
Q03135,P16234
Q07817,Q13323
P27695,P15531
P29350,P19438
O60683,P40855
P62993,P20936
Q14005,O60237
P20336,P20336
P16333,P49770
Q08209,Q05513
Q13291,Q13291
Q00613,P42224
P19793,Q9H0E9
Q05397,Q15654
P35221,P14923
Q99962,Q8WUM4
P14784,P52333
P63027,O14810
P49427,Q13309
P11047,Q14112
P13984,P13984
P31946,Q13671
P02452,P08253
Q15459,Q12874
P15531,Q01105
P53350,P23258
Q13094,O43561
P11802,P42772
Q04206,Q13352
Q04206,Q96BH1
P49418,P04004
P68133,P23528
P52565,P63000
P62304,Q9UHI6
Q13239,P15498
Q09028,O43463
P15514,P14780
O15392,P55211
P25445,P63279
P09619,Q96B97
Q92934,Q07817
P05549,P35659
O00161,O15127
Q03135,Q06124
Q13191,P16885
P62993,P09619
Q99576,Q99576
P63096,P49798
P04271,P04637
P62330,O14617
P16473,Q14344
P42685,P06400
Q06413,Q13164
P16870,P01275
P30511,Q03518
P63010,Q9Y6Q5
P30260,Q13257
Q92624,Q92624
Q16539,P05783
O00213,Q12800
P33316,P37231
P02458,P07585
Q14512,Q14512
P62191,P35998
Q99933,Q9UNE7
P17540,P17540
P09429,Q04206
P25963,Q969T4
P31930,Q9NQC3
P63000,P40763
Q12933,Q9Y4K4
Q16539,P35638
Q99576,P01100
P14136,P49768
Q8IUQ4,Q9HB71
Q16394,Q16394
P05121,P04004
O43924,Q92834
P01011,P08311
P06241,Q03405
Q13547,P35249
P52333,Q92783
P62993,Q14451
P20936,Q96EY1
Q02363,O60682
Q14773,P05107
O15400,O43752
P06400,O75884
P42575,Q14203
P27824,P46098
P01730,P20036
P30626,P28676
Q13485,Q9Y6X2
P62258,Q9GZM8
P20592,P20592
Q13547,Q9Y6X2
P02647,P11597
Q9Y4Y9,O15116
P06239,Q13432
P42574,P21980
Q01658,Q16649
P17302,P12931
P56545,Q13643
Q02575,P50461
P17706,P40763
P45984,Q12933
P07585,P14555
Q96KN2,Q96KN2
P04049,P12931
Q15669,P31150
P84077,P24390
O75461,Q14188
P06730,Q9NRA8
P05187,Q92643
P10398,Q12805
P16070,P09237
Q13158,Q8N488
P06241,P43403
P07288,P05154
Q14247,P62993
Q92956,O15379
Q16637,O15116
Q12906,Q9HAV4
P0DMV8,P06454
Q08380,Q08380
Q13617,Q9UBF6
P28068,P27701
P23921,P23921
P49674,P56645
P18084,Q13352
P01730,Q13432
P98082,Q92997
Q92994,P28749
P54252,P54727
P06239,P43405
P21860,Q14451
P02746,P59665
P19438,P63279
P33993,Q9NSU2
Q9H4B4,P04637
O15392,P55210
P55211,P99999
P04049,P15498
P00813,P62993
P53350,P28070
P14921,P23771
P30101,Q03518
P36575,O00203
P16070,P06239
P06241,P18433
O60921,P12004
P12814,Q16512
P02647,P04180
P04150,P84022
P29353,P43403
Q96RK4,Q15154
P84022,Q9Y6X2
P62873,P50151
P20340,Q9UI14
Q14765,O75928
P62158,Q92731
P12081,P46777
P43354,P28702
Q15369,Q9H765
P38936,O95257
Q96EB6,Q9UBP5
P62826,Q08945
P24941,Q9UIV1
Q01892,Q01892
P07355,P12004
P42679,P12931
P10244,P10244
P35070,P14780
P08571,Q08380
P49674,P04637
Q13490,O43353
P23284,P42229
P15289,P15289
P31749,Q05513
P10515,O00330
P60709,Q9Y696
P63000,Q7L576
P05230,Q99584
P61586,Q7Z6B7
O75340,Q96B97
P02743,P31994
P46060,P61956
P05556,P31946
P07737,P50552
P63261,P08758
P05107,Q05397
Q15517,Q15517
P14921,P04150
Q13526,P18031
Q16539,P52564
P27797,P15813
Q9BXS5,O43493
O95467,P63092
P84996,Q5JWF2
Q9UF11,Q16611,Q16548
P07384,P04632
O75379,Q9BXS5
P12318,P08631
P19793,P10827
P49810,Q9NZ42
P25774,P48594
O75791,O95630
P24071,P12314
Q99829,O75340
P60953,P15498
O75886,O95630
P09382,Q08380
P36575,P12931
P36894,Q15797
P02461,P09486
Q9NSC5,Q86YM7
O75030,P26367
P48730,P04637
P51959,Q00535
O75817,P78345
P19338,P04637
P07359,P07359
P60709,O60925
Q06587,Q06587
P01308,P48745
P05067,P55084
Q16533,Q92966
P08648,P18084
Q07817,Q14318
Q03135,P29350
P29590,P10827
P20336,Q96QF0
P07384,P20810
Q9Y297,Q9UMX1
Q00613,P11142
P19793,O95257
Q16589,Q15257
P07498,P19784
Q13200,Q16401
P14784,P06239
Q15833,P63027
Q03135,P51636
P49427,Q03060
P08571,P02788
P13984,O43719
P55916,P31946
P02452,P51888
P10276,Q05516
P61244,Q14582
P23258,Q9H0H5
O14967,Q99965
Q15797,P50616
Q03060,Q5TD97
Q9Y6N9,Q9Y6N9
P52292,Q04206
P18206,Q9UQ03
P68133,P07737
Q16643,Q9NSB8
Q15910,P15498
P05067,P49768
P55854,P63279
P25445,P06241
Q03405,P04004
O75558,O00161
P14136,P12931
Q06124,O95297
P29590,O95405
P16885,O43561
P62993,P14784
P19086,O43665
Q05513,Q13163
Q14258,O14933
P06400,O75569
Q02078,Q13164
P55957,P07384
P21926,Q99965
Q13285,O60869
Q96CW1,P98082
P30260,P84022
Q99988,Q99988
P42574,P05787
P06454,P37198
Q00722,P52564
P02458,P01137
Q96BI3,Q9NZ42
P40926,P28331
Q99933,Q8IUQ4
P12277,P06732
P30542,O43491
P09429,P06400
P19544,P26368
P14784,P40763
Q07011,Q12933
P24522,Q07869
Q9ULD2,Q9ULD2
Q14247,P43405
Q16385,Q96QF0
P12235,P04150
P28715,P12004
P35237,P04070
P10515,P08559
P21854,P62993
P49798,P35606
Q92535,Q14442
Q16539,P62993
Q09028,O15379
P07332,P20936
P55055,Q15466
P23276,P51811
P54920,Q9UNK0
P0DMV8,P08729
P51948,P06400
P42574,Q9BQQ3
P27824,P00451
Q9UI10,P20042
P17693,Q8NHL6
P05026,O00168
P62258,Q9GZV5
P05362,P31785
P06729,O43586
Q13547,Q92841
P00374,P10809
Q9NRF9,Q9NRG0
P06239,Q13444
P48730,P17302
P21741,P19338
Q13200,P19438
P42224,P40763
Q92888,Q14344
P40123,Q01518
Q05513,P04049
P51813,Q05397
O43747,P84077
O15457,O43196
P06730,Q13541
P33316,Q07869
P31785,P29353
P01730,P16070
Q06830,Q13162
Q04771,P17813
P62993,Q5JS13
P54619,Q9UGJ0
P28799,O95985
Q92934,P62258
P0DMV8,Q9UBS4
P25815,P25815
Q9UBF6,Q9UBF6
P04222,P10321
P30499,P30501
P30504,P30505
P30508,P30510
Q07000,Q29865
Q29960,Q29963
Q95604,Q9TNN7
Q8NHL6,P31350,P04637
O75175,Q9UFF9
P01730,P12273
P98082,P84022
Q13485,P28749
Q9H840,Q8WXD5
P06239,O60496
P21860,P49798
P40692,P54277
P04150,P63279
P04637,P19544
P55210,Q14203
P11142,P99999
P04049,Q15382
P98172,O43639
P00813,P29274
Q01826,Q01826
P25101,P43250
P62495,Q8IYD1
P30556,P20339
Q13867,P63279
P04083,P21462
P12814,Q9NP98
P02647,O14791
O43924,P51153
P04150,Q05516
P29597,P29597
Q16539,Q9Y463
P11836,P25942
P84022,Q9Y3F4
P04899,Q9NPG2
P50395,P20339
Q05397,P42224
P62158,O14829
Q14653,Q13568
P12081,P26639
P28702,P55055
P38936,P24522
O43707,O00151
P24941,Q13112
Q9NPB6,Q8TEW0
P07355,P35232
P12931,Q9Y4K3
P10244,Q13309
P08253,Q96GW7
P49642,Q14181
P62191,P51665
Q66K89,P04637
Q13490,P55210
P42575,P30281
P14921,P15036
P19878,P15153
P60709,P15153
P63000,Q9Y3L3
P17813,P08476
P61586,Q9H4E7
Q13191,Q96B97
P05067,P30519
O00463,O43353
P05556,O00214
P35080,Q9UI08
P05107,P27701
Q08379,Q9BQQ3
Q99933,P04150
Q16288,P18031
P40855,Q9Y5Y5
P27797,P00451
P62258,O43896
P25116,P30679
P16333,Q9UHD2
P08631,Q03405
P19793,P55055
Q05397,O43281
P07339,P07602
Q9UIB8,Q9UIB8
P01730,P08637
P50995,O75340
P60953,Q9H4E7
P20700,P41219
P12931,P62258
Q15569,P31946
P02452,P09486
P11142,Q96EY1
O75030,P63279
P04637,Q15573
Q15797,Q8TAD8
Q99972,Q96PB7
Q12834,Q9UKT4
P19338,Q05513
O15360,Q00597
P62736,P05976
Q06587,Q8N488
P68104,Q9HAV4
P15498,Q9H0H5
P50395,P51151
P05067,P27797
P02679,P05154
Q99933,P09619
P05091,P10809
Q07817,O60238
P27695,Q14203
Q6GTX8,P29350
P29590,O15379
Q16637,P38432
P62993,F7VJQ1
P04156,O14733,Q9NYL2
P63096,Q9Y272
P10515,P11177
Q16236,P37231
P20073,P60903
Q15653,Q9Y297
Q00613,P45984
Q13363,P06400
Q16539,P19784
P14784,P31785
P63027,Q9UI14
P30304,P78396
O15270,O15269
P51452,P21781
P32519,P25208
Q13214,O60462
P02452,P07237
P10276,Q96F24
P61244,O60271
P49767,P49767
P16220,P04150
O60262,O14775
Q04206,O95571
P08670,Q14134
P38936,P40763
Q02790,Q15306
P21918,Q14344
Q9Y6K9,Q8TEL6
Q15831,Q8N1F8
P49354,P01137
Q99574,P00750
Q14739,P45973
P17181,Q06124
O75928,Q99497
P14136,P23297
Q06124,P29353
Q13547,P29590
Q12929,Q9UQB8
P62993,P13501
P19086,O76081
Q05513,Q13158
O00628,P50542
P18075,P36894
Q00534,O75688
P32519,P06400
Q02078,Q02078
P07384,P25963
Q99829,Q96A23
P21926,P60033
Q13285,P78337
Q13485,P50616
P49736,P49736
P04083,P05787
P52292,P06454
Q13547,O00422
P08758,P02458
P62312,Q9Y4Z0
P14174,Q92905
P37231,O95257
P35548,P35548
O75943,P40937
P09429,Q04724
P25963,Q9UKB1
P52333,P40763
Q12933,Q92956
P24522,O95257
P01857,Q9UH65
P46108,P16234
P61204,P53365
Q14005,P78508
P19447,P62195
P37287,Q14442
P21854,P29350
Q92734,Q92734
P06241,P15498
P46527,P62993
O15551,O95832
P31749,P22736
P33240,Q92499
P07355,P13688
P54920,O14653
P06400,P21980
O15392,P42574
Q05682,P29353
Q92844,Q9Y4K4
P17693,Q03518
P50336,P50336
Q99595,O43615
P01583,O00221
Q00688,P25490
Q16611,P10809
P62877,Q8NFZ0
P01730,P06239
P26012,P01137
P23528,Q92598
P08034,P29033
P21741,P42224
P42224,P19438
P17181,P40763
P21796,Q15388
Q9P253,Q9P253
P04049,P62070
P51813,P42229
P84077,Q99755
P53350,P49720
Q06455,P52294
Q07869,Q96F24
P31785,P40933
P16070,P35240
Q13158,O75618
P06241,P43405
Q04771,P08476
P98082,P62993
O00213,Q9UI08
P28799,P80370
Q16637,Q9Y333
O60671,Q99615
P0DMV8,P25685
P11234,Q96D71
Q05397,P29353
Q5T2W1,O43572
P04222,P10321
P30499,P30501
P30504,P30505
P30508,P30510
Q07000,Q29865
Q29960,Q29963
Q95604,Q9TNN7
Q03519,Q01105,Q15573
P01344,P04004
P01730,P27701
Q15366,Q15366
P10244,P28749
O15126,O15127
Q96CW1,P11279
P21860,Q05397
P43246,Q9UQ84
O00712,P08651
P18847,P04637
O00628,O14832
P41208,P54727
P35611,P62158
O14976,Q9BXS5
P25101,P29992
P61586,P52306
P01019,P13727
P11362,P29353
P35232,P04637
P12814,O00151
P56545,P56545
P04150,P09086
P29597,O75886
Q16539,Q13115
P09326,P06239
P18847,P84022
P25116,P04899
P20339,Q13671
P33992,P42224
P62158,P62258
P46777,Q53EL6
P48378,Q33E94
Q15653,P19793
Q15370,Q9H765
P38936,P46527
Q15466,Q13133
P49763,O60462
P60953,Q15642
Q14749,Q14749
P07355,P12931
P12931,P42229
P08253,P01137
O15379,Q9UHL9
P30307,P53350
P55010,P20042
Q9H3S1,Q9H3S1
P51948,P09086
P14598,Q9BUZ4
P60709,Q99829
P63000,P52306
P14136,O00255
P08151,Q9UMX1
P05067,P00748
Q9Y4K3,Q96CG3
P05556,P08195
Q08722,P41231
P04150,P04049
Q03135,P18031
Q01453,P40855
P16615,P26678
O43292,Q92643
P62820,Q9H8Y8
P16333,P20042
P06703,Q9HB71
P61966,Q9Y6Q5
P08631,Q13432
P19793,Q15642
Q08722,Q05397
P08311,P18827
P10827,P61201
P12314,P08637
Q12982,P60953
Q14739,P20700
P12931,P61981
P02452,Q8IU80
P11142,Q9NZL4
O75030,Q9Y6X2
P51948,P04637
Q13332,Q13136
P55036,P54725
O15392,P11802
Q08830,Q08830
P09172,P09172
P68133,P05976
Q02790,O14832
P43405,P15498
Q92870,P05067
P15884,P15884
P07148,P37231
P09619,Q13442
Q99933,Q07817
P27695,Q01105
P41146,O95837
P29350,P43403
P23769,P29590
P38432,P38432
P62993,Q16586
P55285,P55285
Q14031,P07093
P60903,Q9H1D0
Q15078,Q15078
Q00613,Q15545
P06400,Q96FV9
P19784,Q13526
O14579,Q9UBF2
P63027,O95292
P30304,P04049
P62491,Q5JSH3
P31947,P05783
P17096,P23511
Q13214,O14786
P02458,P02458
Q9H939,Q9H939
P84022,P61244
P42229,Q969D9
P16220,O60869
P05114,P05204
P60510,Q04206
Q14203,P08670
P40763,P43405
Q92783,O14964
P18074,P04637
P49768,Q9UMX0
Q8IUQ4,Q8IUQ4
P00488,P02679
P00750,P00749
Q14739,Q9ULX6
P10515,Q16654
P23769,Q05516
P04070,P07225
P29590,Q05516
Q12929,Q12929
P62993,P19438
P20936,P12931
Q05513,P12931
O75381,P50542
P22003,P36894
O15392,Q9NR28
Q9UQ80,P06400
P55957,P42575
P27824,P15813
Q02978,Q02978
P17509,P55347
Q03135,P22307
P36896,Q13485
P49736,P15927
P20151,P35237
P04216,P04216
Q13547,O15379
P09496,P11142
Q9Y4Z0,P62310
P17931,Q08380
P06753,P06753
P37231,O15379
P13984,P35548
O60921,O75943
P29350,P61073
Q16288,P29353
Q12933,Q99558
P36957,Q02218
Q14134,Q14134
P46108,Q9Y3L3
P01891,P01892
P04439,P05534
P10314,P10316
P13746,P16188
P16189,P16190
P18462,P30443
P30447,P30450
P30453,P30455
P30456,P30457
P30459,P30512
Q09160,P43358
P84085,P53365
P54764,O94989
P19447,P51948
P26678,P23297
P37287,Q9BRB3
P06729,P13987
P10276,P48552
P06241,O75056
P62136,Q12972
P45984,O60239
Q01658,Q14919
P02545,P06400
P05108,P84022
Q16621,Q16236
Q16890,Q16890
P06400,Q16533
P05230,P11362
P61244,P43246
P18848,Q14494
P49736,Q14566
Q04724,Q04724
Q9Y3B2,Q9NPD3
P46060,P46060
P42229,Q13287
P30101,P18206
P63241,Q9H0D6
P10144,P10144
Q03060,Q16649
Q9H0D6,P62310
O43889,O43889
P52565,P15153
Q9H0D6,Q8WVM8
P25205,P33992
Q03060,Q96BA8
P60174,P60174
Q9Y4Y9,P62310
Q9UBX3,Q9UPY8
P62993,P15498
P35520,P35520
P35638,O15525
P17275,P15407
P04049,P62834
Q99942,P61077
P35269,P13984
P00488,P00488
P30281,Q00534
O95405,Q8IXI1
O95467,P63092
P84996,Q5JWF2
Q99614,Q93088,Q93088
Q07812,Q07817
P35638,P15407
P12004,P40937
P37837,P37837
P53567,O43889
Q9H0M0,Q9Y3C5
Q99717,Q7LFL8
P67775,P04637
P43235,P43235
P62136,Q13454
P01100,Q04206
P09132,P61011
O43570,O43570
P18206,P18206
P04637,P04637
P09619,P29353
P49736,P25205
P23297,P04271
P49763,O14786
P49407,P25963
O15162,Q9BUZ4
P08631,P08631
P13500,P13500
Q13257,O15205
Q07817,P04637
P06703,P06703
P02786,P02786
P09601,P09601
P00492,P00492
Q00534,P38936
Q13547,Q05516
P49407,Q08499
P12644,O95405
Q9H9D4,Q9H9D4
P18206,Q9Y224
P04424,P04424
O15198,Q96Q27
Q12805,Q13485
P50542,P50542
P40425,P37198
Q12933,Q12933
O75955,Q9NPG2
P18206,Q9NZT1
Q00535,Q15078
P35638,P35638
Q08499,Q08499
Q16890,Q969L2
P62310,Q9Y333
P13051,O15297
P40126,P18206
P02008,P02008
P40692,O15457
P20701,P20701
P60903,P60903
Q06455,O15379
P35638,Q16520
Q9Y3C5,Q9NRR5
P61769,P04222
P10321,P30499
P30501,P30504
P30505,P30508
P30510,Q07000
Q29865,Q29960
Q29963,Q95604
Q9TNN7,O15360,O15360
P04637,Q8WYH8
P35240,Q15633
P27338,P27338
P28288,P28288
O43294,Q9BUZ4
P28702,P28702
Q00534,Q00534
P12931,P12931
P40425,Q7L5N1
P25311,P25311
P26440,P26440
P20933,P20933
O95405,Q15038
P01857,P01857
Q15475,Q04724
O15198,O00625
P35638,Q10587
O60260,P18206
P27824,P16473
P05362,P05362
P31749,P12268
O95782,O15198
O15198,Q9Y5J3
P63279,O75928
P19878,P63000
Q15797,Q13485
Q03013,Q03013
P63165,P63165
Q99459,P25205
P78423,P78423
P09619,P12931
P16333,P09619
P36404,O43924
P02647,P02647
P49005,Q9BY77
P84022,Q9Y5J3
P49736,P33992
P06734,P06241
Q13164,Q13163
P17861,P18850
Q13309,Q9UBK9
P49418,Q15078
Q13485,Q9NPI6
Q9NUW8,Q9NUW8
P06703,P04271
Q13547,P06400
P49759,Q13427
Q8IXJ6,Q8IXJ6
P07602,P07602
P04179,P04179
P18206,Q2VYF4
P29373,P29373
P33992,P33993
P43405,P43405
P35638,P15408
P08865,P18206
Q04760,Q04760
P25205,P33993
P14780,P14780
P61769,P13747
P42574,P54252
P07998,P07998
Q92731,Q13257
O15198,Q14134
P05108,O15198
P84022,Q9NRA8
P06400,Q9NY61
P01730,P01730
P04181,P04181
P62312,O15116
Q12834,Q13257
Q13094,P16885
P01127,P01127
P04271,P04271
Q96CV9,Q9Y3C5
P11766,P11766
P46926,P46926
P31749,Q15121
O15198,Q8N988
Q15797,Q99717
P13747,P13747
Q16649,O43889
P15153,P53365
P19438,P19438
P15408,Q10587
P10746,P10746
Q8WUM4,Q96CF2
Q9H0D6,O95396
Q13191,P62993
P05067,P17538
P18847,P18848
P27797,P16473
P30260,Q13526
P30281,Q7L590
Q99942,Q969T4
P04118,P16233
P62993,Q06124
P34096,P34096
P62316,P62312
P52701,P12004
P84022,Q14213
P02766,P02766
P60660,P18206
P49736,P33993
Q8N2W9,Q8TAD8
P43405,P0CG47
Q01081,P26368
P40855,P28288
P63316,P45379
P04637,P63165
P39748,P18206
P61769,P01889
P03989,P10319
P18463,P18464
P18465,P30460
P30461,P30462
P30464,P30466
P30475,P30479
P30480,P30481
P30483,P30484
P30485,P30486
P30487,P30488
P30490,P30491
P30492,P30493
P30495,P30498
P30685,Q04826
Q29718,Q29836
Q29940,Q31610
Q31612,Q95365
O15198,Q99615
P40425,Q96EZ8
O15116,P62310
Q13485,O15264
P51948,Q13330
P35240,O14964
P10809,F7VJQ1
P04156,P62136,Q9UPR0
P0DML2,Q13485
P13501,P13501
Q8WUM4,Q9BY43
Q14145,Q96IP4
Q99717,Q9H0M0
P09619,Q92569
Q15233,P12004
P08236,P08236
P38936,Q7L590
P07949,Q8WU20
Q16222,Q16222
P50454,P18206
Q16534,Q16534
Q9UGI8,Q8N8S7
P14555,P14555
O15198,Q9BRR9
O15525,O15525
P46108,P43403
Q9Y6K9,Q8N5C8
P05120,P06400
P14174,P14174
P61586,P61586
P04637,Q96EB6
Q13485,Q14956
Q13287,Q9Y4Z0
P06729,P06241
P06400,Q09028
Q15233,P18206
P06241,P06241
P40425,P36578
Q15797,O60381
P03956,P03956
P07686,P07686
Q9UNA4,Q9Y3C5
O75791,O43561
P01891,P01892
P04439,P05534
P10314,P10316
P13746,P16188
P16189,P16190
P18462,P30443
P30447,P30450
P30453,P30455
P30456,P30457
P30459,P30512
Q09160,Q8NHL6
P17275,Q13485
P42574,P49768
P68104,P18206
P09429,P04637
P62942,P62942
P50613,P10827
Q16611,P04637
P01583,O00165
Q16621,Q16621
P01100,P17275
P0CG47,Q9Y6K9
O94766,O94766
P49841,P04637
P15927,P35244
P29353,P12931
O94973,Q15797
Q96SZ6,Q9NQT4
Q12982,Q12982
Q05086,O14933
Q14566,O75496
Q13547,Q09028
Q9Y3C5,Q9H201
Q96PU5,Q9Y3C5
P62136,Q7Z3T8
P35638,Q16649
P14550,Q9NPD3
P84022,P30153
P68871,P68871
P61586,Q07960
P07355,P18206
P23497,Q8TAD8
P50479,Q9H9D4
Q03060,Q03060
P47897,Q9Y3C5
Q15024,Q9Y3B2
P11532,P11532
P78345,O95707
O15198,Q96T21
Q13094,P16333
Q8IUQ4,P63279
Q14209,P06400
Q06455,Q13547
P08253,P08253
P18206,Q8WVM8
P02778,P02778
Q07869,Q07869
P01215,P01215
Q9NQT5,Q96SZ6
Q05397,P12931
P55327,Q16890
Q9H0D6,Q13148
P01374,P19438
Q9Y6D9,Q9Y6D9
P61024,P61024
Q15025,Q9Y3C5
P62304,P62310
P40692,O95243
P12004,Q9UBZ4
P06729,P19256
O15198,Q9NRR5
Q07817,P55957
P09382,P18206
P35638,P01100
P25445,P63165
Q16611,Q07817
P05121,P05121
Q13227,Q13227
P40425,O75935
P16220,P25490
Q9Y3B2,Q9NQT4
P61006,Q96QF0
P18847,P17275
Q07812,Q96BY2
P31749,P56278
P09012,P09012
P15259,P18206
P84022,Q9Y692
O00255,P08670
P62310,Q969L4
Q05397,Q05397
P04035,P04035
P06729,Q96B97
P07949,P29353
Q13485,P63279
P84022,P21980
P68104,Q13485
P49841,O95863
Q06124,Q13291
P33316,P33316
Q15369,Q15370
P40763,Q13287
P09486,P09486
Q9UJY4,Q9UJY4
O94973,P63010
P08559,P08559
Q14242,O60507
P18848,Q16520
O15198,Q9UMX0
P15531,P15531
P24941,P24941
Q9Y3C5,Q9Y2X8
P18847,P53567
P84022,Q7LFL8
P14859,P14859
P84022,Q9NQ87
P61244,P61244
Q16637,O75817
P01344,P24593
Q01844,Q15797
P53567,Q16534
Q9UI95,Q9UI95
Q9UBU9,Q9UBU9
Q96T66,Q96T66
P32121,Q08499
P42574,P28331
Q13485,Q9HAV4
O15198,Q9BTW9
O15116,Q9Y333
P62304,Q9Y4Z0
P61011,P61011
P19793,P19793
O15198,P47897
Q9H190,Q9H190
Q9UIF7,P12004
Q9Y6K9,Q9Y3C5
P04070,P04070
P20618,P18206
Q96PE3,Q15797
Q96EZ8,P62312
Q99459,Q7L590
Q9BSI4,Q96AP0
P55084,P18206
P84022,Q13485
P21964,Q9H0D6
P63220,P18206
P62847,P18206
P62942,P63098
P55210,P49768
P18206,O15375
Q7L523,Q9HB90
P84022,Q9UEE9
P68104,Q9NPD3
P19438,P63165
Q9Y692,Q9Y692
Q96BY2,Q96BY2
P01040,P09668
Q07817,Q9HB09
P62314,P62316
O00308,Q9Y3C5
P38936,P49005
Q9Y4E5,Q8TAD8
O15198,P26572
P02679,P02679
Q15047,Q8TAD8
P33764,P33764
P31689,Q9Y333
P14921,P23497
P18206,Q53TS8
P49354,P49356
P25205,Q14566
P05546,P05546
P53567,Q16520
P50613,P10276
P52565,P52565
Q15797,Q9BRB3
Q13191,Q9Y3C5
Q99717,P09012
P52565,P60953
P61970,P61970
P11142,P18206
Q13485,P57738
P08670,P08670
Q13485,Q969H4
P45984,P06400
P05067,P05067
P62304,Q9Y333
P14923,Q9NSA3
Q9Y3C5,Q9UJ41
Q13619,P62877
P07737,P18206
P12004,Q13428
P31151,P31151
P35080,P35080
Q96IP4,Q9P287
P37231,P19793
O15198,Q9H173
P18206,P99999
P42575,P42575
P62308,P18206
P18848,P53567
P18848,P01100
O15198,Q7LFL8
Q13094,P15498
P05230,P05230
P63000,P53365
Q15477,O75083
P12319,P12319
Q92499,P18206
O15525,Q16236
P09341,P09341
P52895,P52895
O15116,Q9H270
P09619,P20936
Q13309,Q13309
Q99578,P18206
Q08380,P18206
P62136,O95405
Q06455,O43439
Q14765,Q13287
P06730,P18206
Q13485,P46779
P62140,O95405
P19875,P19875
Q99814,P84022
O43776,O15116
Q8WUM4,Q9Y3C5
P36873,O95405
P09619,Q06124
O15198,Q9UJ70
Q8WUA4,P06400
P49841,P49841
P98179,P18206
P46108,P09619
P84022,Q13445
Q01543,O15198
P07195,P07195
P24522,P12004
Q9Y333,Q9H9D4
O15198,Q96EY1
P20827,P54764
O15198,Q969K4
P61769,P18206
Q01518,Q01518
P35244,P35244
O15392,O15392
P14174,P18206
Q9UBU9,Q9UKK6
P02786,P18206
P06239,P06239
P63279,P63165
P0DML2,O15198
P42224,Q13287
Q06323,Q06323
P62136,Q9HCH5
Q16665,P04637
P84022,P05388
Q10587,Q10587
Q07817,Q96BY2
P11177,P11177
P15151,P04004
O75469,O75469
P53567,Q96BA8
Q13191,P43405
Q05086,Q05086
P13987,Q13485
P68871,P02008
Q99816,Q99816
P60033,P60033
P23526,P23526
P62136,Q92783
P46060,P63165
Q02790,Q02790
O15198,Q96FW1
P05549,P04637
P01040,P01040
Q969H4,Q8TCX5
P06576,P18206
Q07108,Q07108
P01730,P01920
Q99717,Q8WUA2
P61586,Q969H4
P18206,Q8N5D0
P62937,P62937
Q10587,Q16520
Q00534,P55273
P18847,P35638
P50552,Q9UGI8
P07711,P07711
P78310,P78310
O95405,Q9Y3C5
O75886,Q9Y3C5
P12004,Q9UQ84
Q13485,Q9NP66
P62942,Q08209
P43358,O75832
O15198,Q03181
P84022,Q9UM13
P62993,O43561
Q96BA8,Q96BA8
P63165,O75928
P25686,Q13485
P52888,Q99547
P00736,P00736
Q9H0D6,Q9H0E2
O95405,O75694
P49448,P49448
O60260,P0CG47
Q04828,Q04828
P31949,P31949
P78345,Q99575
P27658,P18206
O15287,O15287
P55327,P55327
P09467,P09467
P53567,P01100
O15198,P60981
P62136,Q9NQ87
Q9Y224,Q9Y224
P09012,P18206
P30281,P38936
P61586,P52565
Q9Y4K3,P0CG47
P84022,Q08174
P84077,P84077
Q99816,Q9UK41
P24941,P06400
P02545,P20700
O43508,Q8N302
P40425,Q9H7B4
O95707,Q99575
P84022,O95405
Q01469,P31151
P63279,Q8TAD8
Q92820,Q92820
P11310,P11310
O15198,Q96SQ5
O00746,O00746
P18206,P26368
P61769,P17693
P06400,Q92966
Q13227,P04637
P42081,P42081
P26447,P26447
P84022,Q9H0E3
Q13867,Q13867
O95405,Q96IP4
P37231,P37231
P62136,P04637
O15525,Q16621
Q9NQT5,Q9NQT4
P40425,Q8NB16
P39019,P18206
Q15633,Q9BUZ4
Q13616,Q13616
P15121,Q15797
P62304,P18206
Q13257,Q13257
P00749,P00749
P62993,Q96B97
P55055,P55055
P00441,P00441
Q15797,Q8N2W9
P11413,P11413
P04637,P63279
Q7Z3T8,Q9Y3C5
P35240,P35240
Q66K89,O15198
Q15797,P28070
P16083,P16083
P11802,P06400
P62937,P63098
P53007,P18206
P29218,P29218
Q00534,P49736
P54687,Q99717
Q9Y692,Q8TAD8
Q13485,Q99717
P25205,Q7L590
P11802,P49736
Q15797,Q15797
Q16649,Q16520
P04150,P04637
Q99497,Q99497
P84022,Q9UKN5
Q9NQT5,Q9NPD3
P18206,Q14781
P30281,P11802
P27695,Q9UIF7
P18848,Q16534
O95707,O95707
P10398,P36507
P15309,P15309
P49005,P62312
Q7L523,Q9NQL2
Q15797,Q14671
Q15797,Q9UPZ9
P11802,P84022
Q14566,Q14566
P06454,Q99623
O15198,Q05086
O95297,Q9NPD3
P29590,P62913
P33993,Q7L590
P12004,Q8WZ19
P53567,Q10587
P0CG48,Q9Y3C5
P07737,P07737
Q08209,P63098
O95707,Q969H6
P01911,P01912
P04229,P13760
P13761,P20039
Q29974,Q30134
Q30167,Q5Y7A7
Q95IE3,Q9GIY3
Q9TQE0,P01911
P01912,P04229
P13760,P13761
P20039,Q29974
Q30134,Q30167
Q5Y7A7,Q95IE3
Q9GIY3,Q9TQE0
P53365,P53365
P05362,P20701
Q14011,P18206
P46527,P78396
Q16854,Q16854
P09488,P09488
Q16534,Q10587
P05091,P05091
Q13526,P53350
Q04206,Q04724
Q9Y4K3,Q8N5C8
Q00534,Q7L590
P62937,Q08209
P39748,P12004
P23141,P23141
Q15797,Q9Y692
Q13426,Q13426
P60709,O15198
P12004,P13051
P12004,P49005
P18510,P18510
P38936,O75496
Q99717,P26368
Q09161,P52298
P38936,P78396
P49916,Q96FI4
P18206,Q7L014
P50591,O14763
Q9NPD3,Q9NPD3
P17275,O15525
P49005,Q8WZ19
P61916,Q86SQ9
P62316,Q9Y333
Q16649,Q96BA8
P04637,Q9UNL4
P68104,Q9H0D6
P33552,P33552
P01344,P22692
O15198,Q9NQ87
O15198,P48556
P18850,P18850
P25791,Q99708
P35638,O43889
P63261,P18206
P50591,P50591
Q99816,O14964
P31749,P14598
P31949,P04271
O15360,O15287
Q9BWF3,P78396
P17275,Q16520
P09211,P09211
P0CG05,P0CG05
P14174,Q9H9D4
O15198,Q9UBL3
Q9NUX5,Q96AP0
P78396,Q8NCQ7
O95059,P86397
Q969H6,Q16534,Q16520
P10276,P19793
P62937,P06400
P53567,P15407
P28676,P28676
Q16621,Q96BA8
P23297,P26447
P02545,P02545
P01100,P15408
P61769,Q8NHL6
Q8WUM4,Q9H444
Q99459,P38936
P62304,Q9Y4Y9
P63279,Q9BUZ4
Q03181,Q03181
P40425,Q9UQB8
P16444,P16444
Q9UBK9,O15116
Q14566,P78396
Q13094,O75791
Q13257,Q15013
P21980,P21980
P08133,P20936
O43747,O43747
Q99459,P33992
P14923,O95405
P0DML3,P84022
Q99547,Q9NY61
P37268,P37268
Q9NR28,Q9NR28
P35579,P18206
P49736,Q7L590
Q9UGI8,Q9UGI8
O75531,O75531
P62136,O75807
P30626,P30626
Q8TAD8,Q86Z02
P30530,P29353
P28799,O15198
P14598,P14598
P12004,Q9Y2S7
P63010,P53680
P0CG48,P18206
Q13227,P78396
P45974,Q9Y3C5
O75928,Q8TAD8
P24941,P25205
Q9Y615,Q9UGI8
P24941,P38936
P02743,P02743
P55327,Q969L2
P61769,P06126
P15408,P17275
Q99933,P11142
P36222,P36222
P62993,P62993
O43278,Q96IP4
Q96IP4,Q96KS0
P04155,P04155
P00374,P00374
P11802,P38936
P53350,O00562
P15036,O95405
P62993,Q05397
P06400,P06400
O15198,O94907
P53567,P15408
P25788,Q9H0D6
P24941,P84022
P55210,P55210
Q15024,Q9NPD3
Q16649,Q16649
P42574,P42574
P60953,Q9UKI2
Q99575,Q99575
Q07960,Q12982
P02792,O15198
P04150,P04150
Q03135,P62136
O43889,Q96BA8
Q16557,Q96IP4
P49763,P49763
P12004,P28340
Q14566,Q7L590
P30279,P11802
P02792,Q99547
Q13094,P29353
P36507,P04049
Q07960,P60953
P31749,P56279
P49005,Q9Y2S7
P17861,P17861
Q06413,Q06413
Q9BUZ4,O14874
Q00535,Q00535
Q99717,Q9BWF3
P20827,Q15375
Q13257,Q9Y6D9
O75608,O75608
Q9UHL9,Q9NPD3
Q15477,Q9NPD3
O15525,Q14494
P0CG47,Q9Y3C5
O95985,Q9H9D4
P15260,P15260
P24941,P46527
P18848,P35638
P61586,O00562
Q13616,P62877
P33993,P33993
P84022,Q05516
P46060,P63279
Q16637,Q16637
Q99717,Q96T60
O15217,O15217
Q9UJY1,Q9UJY1
P24071,P24071
Q15797,Q9NYG2
O00762,O00762
P30153,O95405
P11362,P11362
P30679,Q99614
P53567,Q16649
Q01081,P18206
P01137,P01137
P05067,P01137
O14519,O75956
Q99584,P18206
P62158,P17677
Q13951,Q13951
P12004,P12004
P60953,P60953
Q07960,Q07960
Q02080,Q02080
P52758,P52758
P12814,P12814
Q15717,Q15717
P11142,P25685
P02652,P02652
P05109,P05109
Q13485,Q13485
P07339,P07339
O95405,Q8NBJ7
Q06455,P15884
P35638,Q16534
O15198,Q96AD5
Q9Y4Y9,Q9NQT4
Q13309,Q9UM11
P55211,P55211
P61769,P01891
P01892,P04439
P05534,P10314
P10316,P13746
P16188,P16189
P16190,P18462
P30443,P30447
P30450,P30453
P30455,P30456
P30457,P30459
P30512,Q09160
P53567,P35638
P63010,Q96CW1
O00571,P18206
O15198,P07602
P38936,P12004
P24941,P61024
Q99547,Q9Y5X1
P18206,O60506
P18206,P08670
P08559,P11177
P02775,P02775
P62979,Q9Y3C5
Q14565,Q9Y620
Q9HAN9,Q9HAN9
O15382,O15382
P30153,Q9Y5P8
P84022,P84022
Q07817,Q99638
O14641,P35813
P10276,P61201
P51813,Q96T51
