O00418,136429
O00418,162648
O00418,56160532
O00418,mgtagzh
O00418,O00418
O00418,O00571
O00418,O14745
O00418,O14757
O00418,O14965
O00418,O43175
O00418,O43390
O00418,O95831
O00418,P00738
O00418,P05141
O00418,P06748
O00418,P07437
O00418,P08107
O00418,P08670
O00418,P08708
O00418,P09651
O00418,P09874
O00418,P10599
O00418,P11021
O00418,P11142
O00418,P12236
O00418,P12277
O00418,P13639
O00418,P14136
O00418,P15880
O00418,P17987
O00418,P18621
O00418,P20929
O00418,P22234
O00418,P22626
O00418,P23396
O00418,P24534
O00418,P25205
O00418,P26641
O00418,P27348
O00418,P30153
O00418,P31942
O00418,P31943
O00418,P32119
O00418,P34931
O00418,P34932
O00418,P35268
O00418,P35579
O00418,P35637
O00418,P36542
O00418,P37108
O00418,P38646
O00418,P39019
O00418,P42766
O00418,P46777
O00418,P46782
O00418,P46783
O00418,P47914
O00418,P48643
O00418,P49327
O00418,P49411
O00418,P49458
O00418,P49674
O00418,P50991
O00418,P51991
O00418,P60660
O00418,P60866
O00418,P61247
O00418,P61513
O00418,P61978
O00418,P62249
O00418,P62258
O00418,P62263
O00418,P62266
O00418,P62269
O00418,P62273
O00418,P62280
O00418,P62701
O00418,P62750
O00418,P62753
O00418,P62829
O00418,P62847
O00418,P62851
O00418,P62857
O00418,P62861
O00418,P62899
O00418,P62910
O00418,P62913
O00418,P62979
O00418,P63104
O00418,P63151
O00418,P63208
O00418,P69905
O00418,P78371
O00418,P78406
O00418,P78527
O00418,P83881
O00418,Q01844
O00418,Q06830
O00418,Q08493
O00418,Q13085
O00418,Q13155
O00418,Q13424
O00418,Q14103
O00418,Q15366
O00418,Q16650
O00418,Q6YN16
O00418,Q8IZQ1
O00418,Q8NC51
O00418,Q8WWM7
O00418,Q92598
O00418,Q92734
O00418,Q96PK6
O00418,Q96RQ3
O00418,Q99729
O00418,Q9HCC0
O00418,Q9NQX4
O00418,Q9NR30
O00418,Q9UKB1
O00418,Q9ULV4
O00418,Q9UM22
O00418,Q9Y230
O00418,Q9Y297
O00506,136429
O00506,162648
O00506,56160532
O00506,mgtagzh
O00506,O00231
O00506,O00232
O00506,O00487
O00506,O00506
O00506,O00763
O00506,O14654
O00506,O14745
O00506,O14818
O00506,O15020
O00506,O43242
O00506,O43815
O00506,O95757
O00506,O95816
O00506,O95831
O00506,P02768
O00506,P05109
O00506,P05141
O00506,P06702
O00506,P07437
O00506,P07900
O00506,P08107
O00506,P08238
O00506,P08670
O00506,P09543
O00506,P10809
O00506,P11021
O00506,P11142
O00506,P12036
O00506,P12236
O00506,P14136
O00506,P14618
O00506,P15880
O00506,P16401
O00506,P16403
O00506,P16615
O00506,P17980
O00506,P17987
O00506,P20618
O00506,P22626
O00506,P23396
O00506,P25705
O00506,P27708
O00506,P28066
O00506,P28072
O00506,P28074
O00506,P30153
O00506,P30154
O00506,P31151
O00506,P31942
O00506,P34931
O00506,P34932
O00506,P35030
O00506,P35268
O00506,P35579
O00506,P35637
O00506,P35998
O00506,P38646
O00506,P40227
O00506,P42677
O00506,P42766
O00506,P43686
O00506,P46779
O00506,P48643
O00506,P49327
O00506,P49368
O00506,P49411
O00506,P49721
O00506,P50990
O00506,P50991
O00506,P51665
O00506,P52757
O00506,P54652
O00506,P55036
O00506,P60660
O00506,P60900
O00506,P61247
O00506,P61513
O00506,P62158
O00506,P62191
O00506,P62195
O00506,P62258
O00506,P62263
O00506,P62266
O00506,P62269
O00506,P62273
O00506,P62280
O00506,P62333
O00506,P62701
O00506,P62714
O00506,P62750
O00506,P62753
O00506,P62826
O00506,P62829
O00506,P62847
O00506,P62851
O00506,P62861
O00506,P62899
O00506,P62979
O00506,P63151
O00506,P63167
O00506,P63173
O00506,P67775
O00506,P68371
O00506,P69905
O00506,P78371
O00506,P78527
O00506,P81605
O00506,P83731
O00506,P84098
O00506,Q00325
O00506,Q00839
O00506,Q01518
O00506,Q01844
O00506,Q06830
O00506,Q07021
O00506,Q08379
O00506,Q13033
O00506,Q13085
O00506,Q13200
O00506,Q14257
O00506,Q14657
O00506,Q14BN4
O00506,Q15008
O00506,Q16543
O00506,Q3ZCQ8
O00506,Q562R1
O00506,Q71UM5
O00506,Q7L7X3
O00506,Q86YZ3
O00506,Q8WZ74
O00506,Q92522
O00506,Q92598
O00506,Q96DC9
O00506,Q96HS1
O00506,Q96RQ3
O00506,Q99460
O00506,Q99832
O00506,Q9BRV8
O00506,Q9BUL8
O00506,Q9BVA1
O00506,Q9H3G5
O00506,Q9HCC0
O00506,Q9NRL3
O00506,Q9NVI7
O00506,Q9NVK5
O00506,Q9P289
O00506,Q9P2B4
O00506,Q9ULQ0
O00506,Q9UNM6
O00506,Q9Y230
O00506,Q9Y265
O00506,Q9Y2X3
O00506,Q9Y3A3
O00506,Q9Y3C4
O00506,STREP_3xHA
O95747,136429
O95747,162648
O95747,56160532
O95747,A6NHL2
O95747,mgtagzh
O95747,O14654
O95747,O14818
O95747,O43242
O95747,O60884
O95747,O95747
O95747,O95757
O95747,O95816
O95747,O95831
O95747,P00738
O95747,P05141
O95747,P06702
O95747,P07437
O95747,P07900
O95747,P08107
O95747,P08238
O95747,P08670
O95747,P08708
O95747,P10599
O95747,P10644
O95747,P11021
O95747,P11142
O95747,P12236
O95747,P13639
O95747,P13674
O95747,P14136
O95747,P15880
O95747,P16402
O95747,P16403
O95747,P16615
O95747,P18621
O95747,P22087
O95747,P22694
O95747,P23396
O95747,P25705
O95747,P25786
O95747,P26373
O95747,P27635
O95747,P27708
O95747,P28066
O95747,P28072
O95747,P28074
O95747,P31689
O95747,P31942
O95747,P34931
O95747,P34932
O95747,P35030
O95747,P35268
O95747,P35579
O95747,P35580
O95747,P35998
O95747,P36578
O95747,P38646
O95747,P42677
O95747,P42766
O95747,P46776
O95747,P46778
O95747,P46779
O95747,P47914
O95747,P49207
O95747,P49411
O95747,P50402
O95747,P54652
O95747,P60660
O95747,P60900
O95747,P61247
O95747,P61513
O95747,P62158
O95747,P62195
O95747,P62241
O95747,P62249
O95747,P62258
O95747,P62263
O95747,P62266
O95747,P62269
O95747,P62273
O95747,P62277
O95747,P62280
O95747,P62333
O95747,P62701
O95747,P62750
O95747,P62753
O95747,P62805
O95747,P62826
O95747,P62829
O95747,P62841
O95747,P62851
O95747,P62861
O95747,P62899
O95747,P62979
O95747,P63104
O95747,P63173
O95747,P67809
O95747,P67870
O95747,P68371
O95747,P69905
O95747,P78527
O95747,P81605
O95747,P83731
O95747,P83881
O95747,P84098
O95747,Q00325
O95747,Q07021
O95747,Q08380
O95747,Q13085
O95747,Q13200
O95747,Q13257
O95747,Q13347
O95747,Q13501
O95747,Q16576
O95747,Q3MHD2
O95747,Q3ZCQ8
O95747,Q71UM5
O95747,Q8N4Q1
O95747,Q8WVM8
O95747,Q8WWM7
O95747,Q92598
O95747,Q96DC9
O95747,Q96HS1
O95747,Q96RQ3
O95747,Q9BQE3
O95747,Q9BUF5
O95747,Q9BVA1
O95747,Q9HCC0
O95747,Q9NVI7
O95747,Q9NWW5
O95747,Q9NZL4
O95747,Q9Y230
O95747,Q9Y265
O95747,Q9Y3U8
P11802,136429
P11802,162648
P11802,mgtagzh
P11802,O75385
P11802,O95816
P11802,P04406
P11802,P07437
P11802,P07477
P11802,P07900
P11802,P08107
P11802,P08238
P11802,P08708
P11802,P11021
P11802,P11142
P11802,P11802
P11802,P12036
P11802,P14136
P11802,P16403
P11802,P17987
P11802,P28482
P11802,P31943
P11802,P36507
P11802,P38646
P11802,P40227
P11802,P42766
P11802,P42771
P11802,P42772
P11802,P42773
P11802,P46527
P11802,P48643
P11802,P49368
P11802,P50990
P11802,P50991
P11802,P55273
P11802,P61513
P11802,P62266
P11802,P62269
P11802,P62280
P11802,P62701
P11802,P62750
P11802,P62829
P11802,P62851
P11802,P62861
P11802,P62899
P11802,P63173
P11802,P68371
P11802,P68400
P11802,P78371
P11802,P81605
P11802,Q00534
P11802,Q01844
P11802,Q06830
P11802,Q12931
P11802,Q13085
P11802,Q13188
P11802,Q16543
P11802,Q58FG0
P11802,Q86W33
P11802,Q99832
P11802,STREP_3xHA
P15735,136429
P15735,162648
P15735,56160532
P15735,mgtagzh
P15735,O00165
P15735,O00231
P15735,O00232
P15735,O00483
P15735,O00571
P15735,O00763
P15735,O14545
P15735,O14654
P15735,O14745
P15735,O14925
P15735,O14980
P15735,O15027
P15735,O43242
P15735,O43390
P15735,O43592
P15735,O43809
P15735,O43819
P15735,O43823
P15735,O43852
P15735,O60762
P15735,O60884
P15735,O75190
P15735,O95071
P15735,O95714
P15735,O95757
P15735,O95816
P15735,O95831
P15735,P00367
P15735,P04350
P15735,P04406
P15735,P04843
P15735,P05023
P15735,P05141
P15735,P05387
P15735,P06576
P15735,P06748
P15735,P07437
P15735,P07814
P15735,P07900
P15735,P08107
P15735,P08238
P15735,P08670
P15735,P08708
P15735,P09622
P15735,P09651
P15735,P10809
P15735,P11021
P15735,P11142
P15735,P11498
P15735,P12036
P15735,P12236
P15735,P13639
P15735,P14136
P15735,P15735
P15735,P15880
P15735,P16403
P15735,P16615
P15735,P17844
P15735,P17980
P15735,P17987
P15735,P18621
P15735,P19338
P15735,P20020
P15735,P20618
P15735,P22087
P15735,P22626
P15735,P23396
P15735,P25705
P15735,P25787
P15735,P26373
P15735,P27348
P15735,P27708
P15735,P28066
P15735,P28072
P15735,P28074
P15735,P30153
P15735,P31689
P15735,P31942
P15735,P31943
P15735,P32969
P15735,P34931
P15735,P34932
P15735,P35232
P15735,P35268
P15735,P35579
P15735,P35637
P15735,P35998
P15735,P36542
P15735,P36578
P15735,P37108
P15735,P38646
P15735,P39019
P15735,P40227
P15735,P40616
P15735,P42677
P15735,P42704
P15735,P42766
P15735,P43003
P15735,P43307
P15735,P43686
P15735,P45880
P15735,P46019
P15735,P46020
P15735,P46776
P15735,P46779
P15735,P46781
P15735,P46782
P15735,P46783
P15735,P47914
P15735,P48643
P15735,P48740
P15735,P49327
P15735,P49368
P15735,P49411
P15735,P49458
P15735,P50402
P15735,P50990
P15735,P50991
P15735,P51571
P15735,P51784
P15735,P52272
P15735,P52597
P15735,P53007
P15735,P53985
P15735,P54136
P15735,P55060
P15735,P55786
P15735,P56192
P15735,P57678
P15735,P60660
P15735,P60866
P15735,P60900
P15735,P61247
P15735,P61254
P15735,P61513
P15735,P61978
P15735,P62081
P15735,P62158
P15735,P62191
P15735,P62195
P15735,P62241
P15735,P62244
P15735,P62249
P15735,P62258
P15735,P62263
P15735,P62266
P15735,P62269
P15735,P62273
P15735,P62277
P15735,P62280
P15735,P62333
P15735,P62701
P15735,P62750
P15735,P62753
P15735,P62826
P15735,P62829
P15735,P62847
P15735,P62851
P15735,P62854
P15735,P62861
P15735,P62899
P15735,P62910
P15735,P62913
P15735,P63104
P15735,P63151
P15735,P63173
P15735,P67809
P15735,P68371
P15735,P69905
P15735,P78371
P15735,P78527
P15735,P81605
P15735,P83731
P15735,P83881
P15735,P84098
P15735,Q00325
P15735,Q00839
P15735,Q01844
P15735,Q02978
P15735,Q05397
P15735,Q05639
P15735,Q06830
P15735,Q07021
P15735,Q07065
P15735,Q08380
P15735,Q13015
P15735,Q13085
P15735,Q13153
P15735,Q13200
P15735,Q13263
P15735,Q13885
P15735,Q14257
P15735,Q14974
P15735,Q15293
P15735,Q15366
P15735,Q16637
P15735,Q16650
P15735,Q16718
P15735,Q3MHD2
P15735,Q3ZCQ8
P15735,Q5D862
P15735,Q5T2N8
P15735,Q5T4S7
P15735,Q6P2Q9
P15735,Q71UM5
P15735,Q7Z417
P15735,Q86VP6
P15735,Q8IXI1
P15735,Q8N163
P15735,Q8NC51
P15735,Q8WU90
P15735,Q8WWM7
P15735,Q92504
P15735,Q92598
P15735,Q92616
P15735,Q92973
P15735,Q96EY1
P15735,Q96HS1
P15735,Q96IX5
P15735,Q96RQ3
P15735,Q96T76
P15735,Q96TA2
P15735,Q99623
P15735,Q99832
P15735,Q9BQE3
P15735,Q9BSD7
P15735,Q9BSJ2
P15735,Q9BUF5
P15735,Q9BVA1
P15735,Q9BXW9
P15735,Q9GZT3
P15735,Q9H0W5
P15735,Q9HAV4
P15735,Q9NR30
P15735,Q9NVI7
P15735,Q9P035
P15735,Q9P289
P15735,Q9UJS0
P15735,Q9ULL1
P15735,Q9ULV4
P15735,Q9ULX6
P15735,Q9UNE7
P15735,Q9UQE7
P15735,Q9Y230
P15735,Q9Y265
P15735,Q9Y295
P15735,Q9Y2X3
P15735,Q9Y6E2
P17612,136429
P17612,56160532
P17612,A6NHL2
P17612,mgtagzh
P17612,O14654
P17612,O14745
P17612,O95292
P17612,O95831
P17612,P05141
P17612,P07437
P17612,P07900
P17612,P08107
P17612,P08238
P17612,P08708
P17612,P10644
P17612,P10809
P17612,P11021
P17612,P11142
P17612,P12236
P17612,P13861
P17612,P14625
P17612,P15880
P17612,P16403
P17612,P17612
P17612,P17987
P17612,P22612
P17612,P22694
P17612,P23396
P17612,P24588
P17612,P27635
P17612,P31321
P17612,P31323
P17612,P38646
P17612,P40227
P17612,P42677
P17612,P42766
P17612,P46782
P17612,P48643
P17612,P49368
P17612,P49411
P17612,P50990
P17612,P55084
P17612,P61247
P17612,P61513
P17612,P61962
P17612,P62158
P17612,P62249
P17612,P62258
P17612,P62263
P17612,P62266
P17612,P62269
P17612,P62273
P17612,P62280
P17612,P62701
P17612,P62750
P17612,P62753
P17612,P62805
P17612,P62829
P17612,P62851
P17612,P62854
P17612,P62861
P17612,P62899
P17612,P62913
P17612,P63167
P17612,P63173
P17612,P68371
P17612,P69905
P17612,P78371
P17612,P81605
P17612,P83731
P17612,P83881
P17612,Q00325
P17612,Q07021
P17612,Q13085
P17612,Q13263
P17612,Q13627
P17612,Q14257
P17612,Q15691
P17612,Q16543
P17612,Q3ZCQ8
P17612,Q5VU43
P17612,Q6UWF7
P17612,Q8N6U8
P17612,Q92522
P17612,Q92667
P17612,Q96HS1
P17612,Q96SN8
P17612,Q99996
P17612,Q9BSF0
P17612,Q9NVI7
P17612,Q9P0L0
P17612,Q9P0M2
P17612,Q9UBD9
P17612,Q9UKA4
P17612,Q9Y2D5
P19525,136429
P19525,162648
P19525,mgtagzh
P19525,O00425
P19525,O00567
P19525,O14745
P19525,O43390
P19525,O75569
P19525,O76021
P19525,O95793
P19525,P00738
P19525,P05386
P19525,P05387
P19525,P05388
P19525,P07305
P19525,P07437
P19525,P07900
P19525,P07910
P19525,P08107
P19525,P08238
P19525,P08670
P19525,P08708
P19525,P10412
P19525,P11021
P19525,P11142
P19525,P11387
P19525,P11940
P19525,P12036
P19525,P14136
P19525,P14866
P19525,P15880
P19525,P16402
P19525,P16403
P19525,P16989
P19525,P18077
P19525,P18124
P19525,P18621
P19525,P19338
P19525,P19525
P19525,P22087
P19525,P23396
P19525,P25398
P19525,P26373
P19525,P27635
P19525,P30048
P19525,P30050
P19525,P31942
P19525,P31943
P19525,P32969
P19525,P35268
P19525,P36578
P19525,P37108
P19525,P38159
P19525,P38646
P19525,P39019
P19525,P39023
P19525,P40429
P19525,P42677
P19525,P42766
P19525,P43243
P19525,P46087
P19525,P46776
P19525,P46777
P19525,P46778
P19525,P46779
P19525,P46781
P19525,P46783
P19525,P47914
P19525,P49207
P19525,P50914
P19525,P52272
P19525,P52597
P19525,P55265
P19525,P60660
P19525,P60866
P19525,P61247
P19525,P61313
P19525,P61353
P19525,P61513
P19525,P61927
P19525,P61978
P19525,P62241
P19525,P62244
P19525,P62249
P19525,P62263
P19525,P62266
P19525,P62269
P19525,P62273
P19525,P62277
P19525,P62280
P19525,P62424
P19525,P62701
P19525,P62750
P19525,P62753
P19525,P62805
P19525,P62829
P19525,P62841
P19525,P62847
P19525,P62851
P19525,P62854
P19525,P62861
P19525,P62888
P19525,P62899
P19525,P62906
P19525,P62910
P19525,P62913
P19525,P62917
P19525,P62979
P19525,P63173
P19525,P67809
P19525,P68371
P19525,P69905
P19525,P81605
P19525,P83731
P19525,P83881
P19525,P84098
P19525,Q00839
P19525,Q02543
P19525,Q02878
P19525,Q06830
P19525,Q07020
P19525,Q08211
P19525,Q08380
P19525,Q12905
P19525,Q12906
P19525,Q13043
P19525,Q13085
P19525,Q13310
P19525,Q15717
P19525,Q16543
P19525,Q562R1
P19525,Q71UM5
P19525,Q7L2E3
P19525,Q86U86
P19525,Q8TDN6
P19525,Q8TF72
P19525,Q8WTT2
P19525,Q8WWM7
P19525,Q92522
P19525,Q92734
P19525,Q92900
P19525,Q969Q0
P19525,Q96HS1
P19525,Q99848
P19525,Q9BQG0
P19525,Q9BRT6
P19525,Q9BUJ2
P19525,Q9BVP2
P19525,Q9HAN9
P19525,Q9HCE1
P19525,Q9NQT4
P19525,Q9NR30
P19525,Q9NVP1
P19525,Q9NW13
P19525,Q9NX24
P19525,Q9NZI8
P19525,Q9UKM9
P19525,Q9UPY3
P19525,Q9Y3U8
P19525,Q9Y6M1
P19525,STREP_3xHA
P19784,136429
P19784,162648
P19784,56160532
P19784,mgtagzh
P19784,O00422
P19784,O00468
P19784,O00471
P19784,O00567
P19784,O14654
P19784,O14786
P19784,O15360
P19784,O15372
P19784,O43660
P19784,O75071
P19784,O75487
P19784,O75593
P19784,O75822
P19784,O75909
P19784,O75934
P19784,O95470
P19784,O95816
P19784,P04637
P19784,P05387
P19784,P07437
P19784,P07900
P19784,P08107
P19784,P08238
P19784,P08670
P19784,P08708
P19784,P11021
P19784,P11047
P19784,P11142
P19784,P11274
P19784,P12036
P19784,P14136
P19784,P15880
P19784,P18621
P19784,P19784
P19784,P21127
P19784,P22087
P19784,P23396
P19784,P25440
P19784,P26373
P19784,P28074
P19784,P30414
P19784,P34741
P19784,P35268
P19784,P35659
P19784,P36578
P19784,P37108
P19784,P38432
P19784,P38646
P19784,P40939
P19784,P42677
P19784,P42766
P19784,P46776
P19784,P46779
P19784,P46781
P19784,P47914
P19784,P48426
P19784,P48643
P19784,P49458
P19784,P50990
P19784,P51965
P19784,P53999
P19784,P55084
P19784,P55769
P19784,P55884
P19784,P61247
P19784,P61254
P19784,P61353
P19784,P61513
P19784,P61927
P19784,P61962
P19784,P61964
P19784,P62241
P19784,P62249
P19784,P62263
P19784,P62266
P19784,P62269
P19784,P62273
P19784,P62277
P19784,P62280
P19784,P62701
P19784,P62750
P19784,P62753
P19784,P62805
P19784,P62829
P19784,P62841
P19784,P62847
P19784,P62851
P19784,P62854
P19784,P62857
P19784,P62861
P19784,P62899
P19784,P62910
P19784,P62913
P19784,P62917
P19784,P62937
P19784,P62979
P19784,P62987
P19784,P63173
P19784,P67809
P19784,P67870
P19784,P68371
P19784,P68400
P19784,P69905
P19784,P78356
P19784,P83731
P19784,P83881
P19784,P84090
P19784,P84098
P19784,Q00839
P19784,Q02543
P19784,Q03164
P19784,Q06587
P19784,Q12789
P19784,Q12986
P19784,Q13085
P19784,Q13206
P19784,Q13263
P19784,Q13347
P19784,Q13428
P19784,Q13501
P19784,Q14684
P19784,Q14978
P19784,Q15287
P19784,Q15291
P19784,Q16543
P19784,Q3KNV8
P19784,Q3ZCX4
P19784,Q562R1
P19784,Q68DK2
P19784,Q6NZI2
P19784,Q6PII5
P19784,Q6UXN9
P19784,Q6ZNA4
P19784,Q6ZUT1
P19784,Q71UM5
P19784,Q7L2H7
P19784,Q7Z4V5
P19784,Q86SE9
P19784,Q86VM9
P19784,Q8IWU5
P19784,Q8IY57
P19784,Q8IYB3
P19784,Q8N1G0
P19784,Q8N488
P19784,Q8N5F7
P19784,Q8N8C0
P19784,Q8TBX8
P19784,Q8TDD1
P19784,Q8WXX7
P19784,Q92610
P19784,Q92613
P19784,Q92769
P19784,Q969Q0
P19784,Q96B23
P19784,Q96HS1
P19784,Q96S59
P19784,Q96S94
P19784,Q99459
P19784,Q99496
P19784,Q99613
P19784,Q99873
P19784,Q9BV38
P19784,Q9BW71
P19784,Q9BYG3
P19784,Q9BZE4
P19784,Q9BZF1
P19784,Q9GZR7
P19784,Q9H0U9
P19784,Q9H2G4
P19784,Q9H307
P19784,Q9H6F5
P19784,Q9H7D7
P19784,Q9HAF1
P19784,Q9HAH7
P19784,Q9HCM7
P19784,Q9NVU7
P19784,Q9NW75
P19784,Q9NZM5
P19784,Q9P031
P19784,Q9P1Y6
P19784,Q9P2B7
P19784,Q9UBL3
P19784,Q9UHR5
P19784,Q9UJV9
P19784,Q9UK58
P19784,Q9ULW3
P19784,Q9UMS4
P19784,Q9UNX3
P19784,Q9UQ35
P19784,Q9UQ88
P19784,Q9Y230
P19784,Q9Y265
P19784,Q9Y2W1
P19784,Q9Y2X3
P19784,Q9Y520
P22694,136429
P22694,56160532
P22694,A6NHL2
P22694,mgtagzh
P22694,O00411
P22694,O14654
P22694,O43852
P22694,O95292
P22694,O95816
P22694,P05141
P22694,P07437
P22694,P07900
P22694,P08107
P22694,P08238
P22694,P08670
P22694,P08708
P22694,P10644
P22694,P11021
P22694,P11142
P22694,P12036
P22694,P13861
P22694,P14136
P22694,P14625
P22694,P15880
P22694,P16403
P22694,P17612
P22694,P17987
P22694,P18621
P22694,P21246
P22694,P22087
P22694,P22694
P22694,P23396
P22694,P24588
P22694,P26373
P22694,P27708
P22694,P31321
P22694,P31323
P22694,P31689
P22694,P35268
P22694,P36542
P22694,P36578
P22694,P38646
P22694,P39019
P22694,P40227
P22694,P42677
P22694,P42766
P22694,P46776
P22694,P46778
P22694,P46779
P22694,P48643
P22694,P49368
P22694,P50990
P22694,P50991
P22694,P54652
P22694,P61962
P22694,P61981
P22694,P62158
P22694,P62249
P22694,P62263
P22694,P62266
P22694,P62269
P22694,P62273
P22694,P62277
P22694,P62280
P22694,P62701
P22694,P62750
P22694,P62753
P22694,P62829
P22694,P62841
P22694,P62847
P22694,P62851
P22694,P62854
P22694,P62861
P22694,P63167
P22694,P63173
P22694,P68371
P22694,P78371
P22694,P78527
P22694,P81605
P22694,P83731
P22694,P83881
P22694,P84098
P22694,Q00325
P22694,Q07021
P22694,Q12931
P22694,Q13085
P22694,Q13627
P22694,Q14257
P22694,Q15691
P22694,Q16543
P22694,Q3KQU3
P22694,Q5JPF3
P22694,Q5SW79
P22694,Q5VU43
P22694,Q6NZI2
P22694,Q71UM5
P22694,Q86YZ3
P22694,Q8IZF0
P22694,Q8N6U8
P22694,Q8WWM7
P22694,Q92667
P22694,Q96HS1
P22694,Q96SN8
P22694,Q99832
P22694,Q99959
P22694,Q99996
P22694,Q9BQE3
P22694,Q9BSF0
P22694,Q9NVI7
P22694,Q9NXS3
P22694,Q9P0L0
P22694,Q9P0M2
P22694,Q9UKA4
P24941,136429
P24941,162648
P24941,56160532
P24941,mgtagzh
P24941,O00264
P24941,O14654
P24941,O14745
P24941,O43175
P24941,O43809
P24941,O43852
P24941,O75496
P24941,O75822
P24941,O94905
P24941,O95067
P24941,O95816
P24941,O95831
P24941,O96020
P24941,P00738
P24941,P04843
P24941,P05023
P24941,P07437
P24941,P07900
P24941,P08107
P24941,P08238
P24941,P08708
P24941,P10809
P24941,P11021
P24941,P11142
P24941,P11387
P24941,P12036
P24941,P12268
P24941,P14136
P24941,P14618
P24941,P14635
P24941,P16615
P24941,P17987
P24941,P18074
P24941,P19784
P24941,P20248
P24941,P23396
P24941,P24385
P24941,P24864
P24941,P24941
P24941,P25705
P24941,P27708
P24941,P27824
P24941,P28749
P24941,P30041
P24941,P30048
P24941,P30279
P24941,P30281
P24941,P31942
P24941,P33552
P24941,P34931
P24941,P35030
P24941,P35268
P24941,P35613
P24941,P35637
P24941,P38646
P24941,P38936
P24941,P39019
P24941,P40227
P24941,P42677
P24941,P42766
P24941,P46527
P24941,P47914
P24941,P48643
P24941,P49368
P24941,P49411
P24941,P49918
P24941,P50613
P24941,P50990
P24941,P50991
P24941,P51572
P24941,P51946
P24941,P51948
P24941,P53985
P24941,P53999
P24941,P61024
P24941,P61247
P24941,P61513
P24941,P61962
P24941,P62263
P24941,P62266
P24941,P62269
P24941,P62273
P24941,P62280
P24941,P62316
P24941,P62701
P24941,P62750
P24941,P62753
P24941,P62805
P24941,P62826
P24941,P62829
P24941,P62851
P24941,P62861
P24941,P62899
P24941,P62979
P24941,P63173
P24941,P63208
P24941,P67870
P24941,P68371
P24941,P68400
P24941,P69905
P24941,P78371
P24941,P78527
P24941,P81605
P24941,P83731
P24941,P83881
P24941,P84098
P24941,Q00325
P24941,Q00526
P24941,Q01844
P24941,Q06830
P24941,Q08379
P24941,Q08380
P24941,Q08999
P24941,Q09472
P24941,Q12834
P24941,Q13085
P24941,Q13309
P24941,Q13428
P24941,Q13616
P24941,Q16543
P24941,Q562R1
P24941,Q5D862
P24941,Q5T5M9
P24941,Q86YZ3
P24941,Q8NCM8
P24941,Q8TD08
P24941,Q92522
P24941,Q92572
P24941,Q92734
P24941,Q92793
P24941,Q96HS1
P24941,Q96RQ3
P24941,Q99623
P24941,Q99832
P24941,Q9BPW8
P24941,Q9BQQ3
P24941,Q9H211
P24941,Q9HCC0
P24941,Q9NVI7
P24941,Q9NZT1
P24941,Q9Y230
P24941,Q9Y265
P24941,Q9Y3Z3
P25098,136429
P25098,162648
P25098,56160532
P25098,A8MUQ0
P25098,mgtagzh
P25098,O00763
P25098,O14654
P25098,O14745
P25098,O43242
P25098,O60506
P25098,O60884
P25098,O95816
P25098,O95831
P25098,P00738
P25098,P05141
P25098,P05204
P25098,P05386
P25098,P06748
P25098,P07437
P25098,P07900
P25098,P08107
P25098,P08238
P25098,P08708
P25098,P10809
P25098,P11021
P25098,P11142
P25098,P12036
P25098,P12236
P25098,P14136
P25098,P14625
P25098,P15735
P25098,P15880
P25098,P16401
P25098,P16403
P25098,P18621
P25098,P19338
P25098,P22087
P25098,P23396
P25098,P25098
P25098,P25705
P25098,P26196
P25098,P27708
P25098,P31689
P25098,P32969
P25098,P34931
P25098,P35030
P25098,P35268
P25098,P35626
P25098,P35998
P25098,P38646
P25098,P39019
P25098,P42677
P25098,P42766
P25098,P43686
P25098,P46776
P25098,P46777
P25098,P46782
P25098,P46783
P25098,P47914
P25098,P48740
P25098,P49327
P25098,P49411
P25098,P51784
P25098,P61247
P25098,P61254
P25098,P61513
P25098,P62081
P25098,P62191
P25098,P62195
P25098,P62241
P25098,P62249
P25098,P62263
P25098,P62266
P25098,P62269
P25098,P62273
P25098,P62277
P25098,P62280
P25098,P62333
P25098,P62701
P25098,P62750
P25098,P62753
P25098,P62805
P25098,P62829
P25098,P62841
P25098,P62847
P25098,P62851
P25098,P62861
P25098,P62899
P25098,P62910
P25098,P62913
P25098,P62987
P25098,P63173
P25098,P68371
P25098,P69905
P25098,P81605
P25098,P83731
P25098,P83881
P25098,P84098
P25098,Q00325
P25098,Q00839
P25098,Q13085
P25098,Q14318
P25098,Q14498
P25098,Q16543
P25098,Q3MHD2
P25098,Q3ZCQ8
P25098,Q562R1
P25098,Q5TZA2
P25098,Q71UM5
P25098,Q7Z417
P25098,Q86W42
P25098,Q86YZ3
P25098,Q8IWZ3
P25098,Q8NC51
P25098,Q8TF72
P25098,Q8WWM7
P25098,Q92522
P25098,Q92598
P25098,Q96HS1
P25098,Q96J01
P25098,Q96RQ3
P25098,Q96TA2
P25098,Q9H2D6
P25098,Q9HCC0
P25098,Q9NR30
P25098,Q9NVI7
P25098,Q9P035
P25098,Q9P2J5
P25098,Q9ULV4
P25098,Q9Y2X7
P25098,Q9Y6K8
P41240,136429
P41240,162648
P41240,56160532
P41240,mgtagzh
P41240,O14654
P41240,O15498
P41240,O95816
P41240,P05166
P41240,P06702
P41240,P07437
P41240,P07900
P41240,P08107
P41240,P08238
P41240,P08670
P41240,P08708
P41240,P11021
P41240,P11142
P41240,P11182
P41240,P12036
P41240,P14136
P41240,P15880
P41240,P16403
P41240,P26196
P41240,P35030
P41240,P35268
P41240,P38646
P41240,P41240
P41240,P42677
P41240,P42685
P41240,P42766
P41240,P48643
P41240,P50990
P41240,P61247
P41240,P61513
P41240,P61927
P41240,P62266
P41240,P62269
P41240,P62273
P41240,P62277
P41240,P62701
P41240,P62750
P41240,P62805
P41240,P62826
P41240,P62829
P41240,P62847
P41240,P62851
P41240,P62861
P41240,P62899
P41240,P68371
P41240,P69905
P41240,P81605
P41240,P83881
P41240,Q12931
P41240,Q13085
P41240,Q15366
P41240,Q16543
P41240,Q63HR2
P41240,Q68CZ2
P41240,Q8TCN5
P41240,Q8WWM7
P41240,Q9HCC0
P41240,STREP_3xHA
P48729,136429
P48729,162648
P48729,56160532
P48729,A6ND36
P48729,B1AJZ1
P48729,mgtagzh
P48729,O00763
P48729,O14654
P48729,O14745
P48729,O14867
P48729,O15020
P48729,O15027
P48729,O43242
P48729,O43390
P48729,O43809
P48729,O60506
P48729,O60884
P48729,O75330
P48729,O76021
P48729,O95487
P48729,O95816
P48729,O95831
P48729,P05141
P48729,P05204
P48729,P05386
P48729,P05387
P48729,P06748
P48729,P07437
P48729,P07814
P48729,P07900
P48729,P08107
P48729,P08238
P48729,P08670
P48729,P08708
P48729,P10809
P48729,P11021
P48729,P11142
P48729,P11182
P48729,P11498
P48729,P11940
P48729,P12036
P48729,P12236
P48729,P14136
P48729,P14868
P48729,P15880
P48729,P16615
P48729,P17844
P48729,P17987
P48729,P18124
P48729,P18621
P48729,P19338
P48729,P22626
P48729,P23258
P48729,P23396
P48729,P24534
P48729,P25705
P48729,P26196
P48729,P26373
P48729,P26583
P48729,P26641
P48729,P27348
P48729,P27708
P48729,P31689
P48729,P31946
P48729,P32969
P48729,P35268
P48729,P35579
P48729,P35637
P48729,P37108
P48729,P38646
P48729,P39019
P48729,P41252
P48729,P42677
P48729,P42766
P48729,P43243
P48729,P46776
P48729,P46777
P48729,P46778
P48729,P46781
P48729,P46782
P48729,P46783
P48729,P47914
P48729,P48643
P48729,P48729
P48729,P48730
P48729,P49411
P48729,P49458
P48729,P49674
P48729,P49721
P48729,P50914
P48729,P50990
P48729,P52597
P48729,P54136
P48729,P55735
P48729,P56192
P48729,P60660
P48729,P60866
P48729,P61247
P48729,P61254
P48729,P61353
P48729,P61513
P48729,P61927
P48729,P61962
P48729,P61978
P48729,P61981
P48729,P62081
P48729,P62241
P48729,P62244
P48729,P62249
P48729,P62258
P48729,P62263
P48729,P62266
P48729,P62269
P48729,P62273
P48729,P62277
P48729,P62280
P48729,P62318
P48729,P62424
P48729,P62701
P48729,P62750
P48729,P62753
P48729,P62826
P48729,P62829
P48729,P62847
P48729,P62851
P48729,P62854
P48729,P62857
P48729,P62861
P48729,P62899
P48729,P62910
P48729,P62913
P48729,P62917
P48729,P62987
P48729,P63104
P48729,P63167
P48729,P63173
P48729,P67809
P48729,P68371
P48729,P69905
P48729,P78371
P48729,P78527
P48729,P81605
P48729,P83731
P48729,P83881
P48729,P84098
P48729,Q00839
P48729,Q01844
P48729,Q02543
P48729,Q04637
P48729,Q04917
P48729,Q06830
P48729,Q07020
P48729,Q08380
P48729,Q08AG7
P48729,Q12968
P48729,Q13085
P48729,Q13153
P48729,Q13177
P48729,Q13283
P48729,Q13310
P48729,Q13435
P48729,Q13765
P48729,Q14257
P48729,Q14498
P48729,Q15393
P48729,Q15437
P48729,Q3MHD2
P48729,Q3ZCQ8
P48729,Q5SW79
P48729,Q5T0W9
P48729,Q5T7W0
P48729,Q6NZ67
P48729,Q6P582
P48729,Q6ZRV2
P48729,Q70CQ2
P48729,Q71UM5
P48729,Q7L775
P48729,Q7Z417
P48729,Q86V81
P48729,Q8NC51
P48729,Q8TBC5
P48729,Q8WWM7
P48729,Q92522
P48729,Q96AG4
P48729,Q96CW5
P48729,Q96FJ2
P48729,Q96HS1
P48729,Q96L94
P48729,Q96RQ3
P48729,Q96RT7
P48729,Q96RT8
P48729,Q9BSJ2
P48729,Q9BVA1
P48729,Q9BVS4
P48729,Q9H3U1
P48729,Q9H4H8
P48729,Q9HCC0
P48729,Q9HCK1
P48729,Q9NR30
P48729,Q9NVI7
P48729,Q9UGJ1
P48729,Q9UJF2
P48729,Q9UK59
P48729,Q9ULV4
P48729,Q9ULX6
P48729,Q9UMS4
P48729,Q9Y265
P48729,Q9Y343
P49674,136429
P49674,162648
P49674,56160532
P49674,A7E2V4
P49674,mgtagzh
P49674,O00507
P49674,O00571
P49674,O14641
P49674,O14654
P49674,O14744
P49674,O14745
P49674,O14818
P49674,O15027
P49674,O15371
P49674,O15534
P49674,O43242
P49674,O43390
P49674,O43823
P49674,O43865
P49674,O60506
P49674,O60884
P49674,O75330
P49674,O94776
P49674,O94887
P49674,O95071
P49674,O95816
P49674,O95831
P49674,P04406
P49674,P04637
P49674,P05141
P49674,P05387
P49674,P06748
P49674,P07437
P49674,P07814
P49674,P07900
P49674,P08107
P49674,P08238
P49674,P08670
P49674,P08708
P49674,P09874
P49674,P10809
P49674,P11021
P49674,P11142
P49674,P11274
P49674,P11940
P49674,P12036
P49674,P12236
P49674,P13639
P49674,P14136
P49674,P14618
P49674,P14866
P49674,P15880
P49674,P16615
P49674,P17812
P49674,P17844
P49674,P17980
P49674,P17987
P49674,P18621
P49674,P19338
P49674,P20618
P49674,P23246
P49674,P23396
P49674,P23508
P49674,P24534
P49674,P25205
P49674,P26196
P49674,P26373
P49674,P26641
P49674,P27348
P49674,P27708
P49674,P28074
P49674,P30048
P49674,P30050
P49674,P30153
P49674,P30622
P49674,P31151
P49674,P31689
P49674,P31943
P49674,P31946
P49674,P32119
P49674,P32969
P49674,P35268
P49674,P35556
P49674,P35579
P49674,P35637
P49674,P35998
P49674,P37108
P49674,P38646
P49674,P39019
P49674,P40227
P49674,P42677
P49674,P42766
P49674,P46776
P49674,P46777
P49674,P46778
P49674,P46781
P49674,P46782
P49674,P46783
P49674,P47914
P49674,P48643
P49674,P48730
P49674,P48740
P49674,P49327
P49674,P49368
P49674,P49411
P49674,P49674
P49674,P49959
P49674,P50402
P49674,P50914
P49674,P50990
P49674,P50991
P49674,P51784
P49674,P52272
P49674,P52597
P49674,P53007
P49674,P55735
P49674,P55884
P49674,P60660
P49674,P60866
P49674,P61247
P49674,P61254
P49674,P61353
P49674,P61513
P49674,P61962
P49674,P61964
P49674,P61978
P49674,P61981
P49674,P62081
P49674,P62158
P49674,P62241
P49674,P62244
P49674,P62249
P49674,P62258
P49674,P62263
P49674,P62266
P49674,P62269
P49674,P62273
P49674,P62277
P49674,P62280
P49674,P62701
P49674,P62750
P49674,P62753
P49674,P62805
P49674,P62829
P49674,P62847
P49674,P62851
P49674,P62854
P49674,P62861
P49674,P62899
P49674,P62910
P49674,P62913
P49674,P63104
P49674,P63151
P49674,P63167
P49674,P63173
P49674,P63208
P49674,P67809
P49674,P68371
P49674,P69905
P49674,P78371
P49674,P78527
P49674,P81605
P49674,P83731
P49674,P84098
P49674,Q00325
P49674,Q00839
P49674,Q01844
P49674,Q02543
P49674,Q04917
P49674,Q06830
P49674,Q07020
P49674,Q07021
P49674,Q07666
P49674,Q08380
P49674,Q08554
P49674,Q13085
P49674,Q13151
P49674,Q13155
P49674,Q13162
P49674,Q13188
P49674,Q13200
P49674,Q13263
P49674,Q13310
P49674,Q13617
P49674,Q13765
P49674,Q14103
P49674,Q14152
P49674,Q14257
P49674,Q14315
P49674,Q14498
P49674,Q15154
P49674,Q15291
P49674,Q15366
P49674,Q15369
P49674,Q15370
P49674,Q15393
P49674,Q15418
P49674,Q16526
P49674,Q16531
P49674,Q16543
P49674,Q1W6H9
P49674,Q3MHD2
P49674,Q3ZCQ8
P49674,Q49AN0
P49674,Q53GT1
P49674,Q53H96
P49674,Q5D862
P49674,Q5H9R7
P49674,Q5T0W9
P49674,Q5T4S7
P49674,Q6PEV8
P49674,Q6Q0C0
P49674,Q6ZRV2
P49674,Q70CQ2
P49674,Q7Z417
P49674,Q7Z7G8
P49674,Q86TG7
P49674,Q8IXB1
P49674,Q8N163
P49674,Q8NB46
P49674,Q8NC51
P49674,Q8NF91
P49674,Q8TC76
P49674,Q8WWM7
P49674,Q92522
P49674,Q92598
P49674,Q92878
P49674,Q93008
P49674,Q93009
P49674,Q96AG4
P49674,Q96C92
P49674,Q96HN2
P49674,Q96HS1
P49674,Q96L94
P49674,Q96RQ3
P49674,Q96RT1
P49674,Q96S59
P49674,Q99832
P49674,Q9BQ89
P49674,Q9BQ90
P49674,Q9BQA1
P49674,Q9BQE3
P49674,Q9BVA1
P49674,Q9H3U1
P49674,Q9H4B6
P49674,Q9H4H8
P49674,Q9H6R7
P49674,Q9HCC0
P49674,Q9NNW5
P49674,Q9NR30
P49674,Q9NVI7
P49674,Q9NXF7
P49674,Q9NZI8
P49674,Q9P0K1
P49674,Q9P2F5
P49674,Q9UET6
P49674,Q9UHI6
P49674,Q9UJF2
P49674,Q9ULV4
P49674,Q9UN30
P49674,Q9Y265
P49674,Q9Y343
P49841,136429
P49841,162648
P49841,56160532
P49841,mgtagzh
P49841,O15169
P49841,O60264
P49841,O60343
P49841,O75122
P49841,O75474
P49841,P00738
P49841,P07437
P49841,P07900
P49841,P08107
P49841,P08238
P49841,P08670
P49841,P08708
P49841,P10412
P49841,P10644
P49841,P11021
P49841,P11142
P49841,P16403
P49841,P26373
P49841,P35030
P49841,P35579
P49841,P36873
P49841,P38646
P49841,P39019
P49841,P41236
P49841,P42766
P49841,P46776
P49841,P47914
P49841,P49841
P49841,P54105
P49841,P61513
P49841,P61927
P49841,P62136
P49841,P62249
P49841,P62263
P49841,P62266
P49841,P62269
P49841,P62273
P49841,P62280
P49841,P62701
P49841,P62750
P49841,P62753
P49841,P62829
P49841,P62847
P49841,P62851
P49841,P62861
P49841,P62899
P49841,P62917
P49841,P62979
P49841,P63167
P49841,P69905
P49841,P78559
P49841,P81605
P49841,P83881
P49841,P84098
P49841,Q06830
P49841,Q12931
P49841,Q13085
P49841,Q14678
P49841,Q16543
P49841,Q562R1
P49841,Q63HK3
P49841,Q86TP1
P49841,Q86YZ3
P49841,Q8TF72
P49841,Q92522
P49841,Q92837
P49841,Q92889
P49841,Q9H4B7
P49841,Q9HCC0
P49841,Q9P0R6
P49841,Q9UKA4
P49841,Q9Y2J2
P49841,Q9Y2T1
P49841,STREP_3xHA
P50750,136429
P50750,162648
P50750,mgtagzh
P50750,O00170
P50750,O14654
P50750,O14745
P50750,O43242
P50750,O60563
P50750,O60583
P50750,O60884
P50750,O75385
P50750,O94992
P50750,O95816
P50750,O95831
P50750,P05023
P50750,P05109
P50750,P05141
P50750,P05165
P50750,P05166
P50750,P05387
P50750,P07339
P50750,P07437
P50750,P07900
P50750,P08107
P50750,P08238
P50750,P08670
P50750,P10809
P50750,P11021
P50750,P11142
P50750,P11498
P50750,P12036
P50750,P14136
P50750,P15880
P50750,P16615
P50750,P17987
P50750,P21802
P50750,P22087
P50750,P22455
P50750,P22626
P50750,P23396
P50750,P25705
P50750,P27708
P50750,P31689
P50750,P31942
P50750,P35030
P50750,P35268
P50750,P35637
P50750,P36578
P50750,P38646
P50750,P40227
P50750,P41240
P50750,P42568
P50750,P42677
P50750,P42766
P50750,P48643
P50750,P48741
P50750,P49368
P50750,P49411
P50750,P50750
P50750,P50990
P50750,P50991
P50750,P51825
P50750,P51826
P50750,P61247
P50750,P61513
P50750,P62263
P50750,P62266
P50750,P62269
P50750,P62277
P50750,P62280
P50750,P62701
P50750,P62750
P50750,P62805
P50750,P62829
P50750,P62847
P50750,P62851
P50750,P62854
P50750,P68371
P50750,P78371
P50750,P78527
P50750,P81605
P50750,P83731
P50750,P83881
P50750,Q00325
P50750,Q01844
P50750,Q03111
P50750,Q05639
P50750,Q07021
P50750,Q08380
P50750,Q12931
P50750,Q13085
P50750,Q13263
P50750,Q13451
P50750,Q14012
P50750,Q14257
P50750,Q16543
P50750,Q4G0J3
P50750,Q58FF6
P50750,Q58FG0
P50750,Q58FG1
P50750,Q71UM5
P50750,Q7L2J0
P50750,Q86YZ3
P50750,Q8TF72
P50750,Q92734
P50750,Q96JC9
P50750,Q96MH2
P50750,Q96Q40
P50750,Q96RQ3
P50750,Q99832
P50750,Q9BQE3
P50750,Q9BXX3
P50750,Q9HCC0
P50750,Q9NVI7
P50750,Q9NYV4
P50750,Q9UHB7
P50750,Q9Y2X3
Q00535,136429
Q00535,162648
Q00535,56160532
Q00535,mgtagzh
Q00535,O14654
Q00535,O15027
Q00535,O43427
Q00535,O43852
Q00535,O60884
Q00535,O95816
Q00535,O95831
Q00535,P00367
Q00535,P05109
Q00535,P06702
Q00535,P07437
Q00535,P07900
Q00535,P08107
Q00535,P08238
Q00535,P08670
Q00535,P08708
Q00535,P10412
Q00535,P10599
Q00535,P10644
Q00535,P10809
Q00535,P11021
Q00535,P11142
Q00535,P12036
Q00535,P12236
Q00535,P14635
Q00535,P16403
Q00535,P17987
Q00535,P18621
Q00535,P20248
Q00535,P21802
Q00535,P22694
Q00535,P23396
Q00535,P24385
Q00535,P24864
Q00535,P26373
Q00535,P27708
Q00535,P30279
Q00535,P30281
Q00535,P31689
Q00535,P31942
Q00535,P35268
Q00535,P38646
Q00535,P38936
Q00535,P39019
Q00535,P40227
Q00535,P41240
Q00535,P42677
Q00535,P42766
Q00535,P46527
Q00535,P48643
Q00535,P49368
Q00535,P50990
Q00535,P50991
Q00535,P53350
Q00535,P61247
Q00535,P61513
Q00535,P61758
Q00535,P62249
Q00535,P62263
Q00535,P62266
Q00535,P62269
Q00535,P62273
Q00535,P62277
Q00535,P62280
Q00535,P62701
Q00535,P62750
Q00535,P62753
Q00535,P62805
Q00535,P62829
Q00535,P62841
Q00535,P62851
Q00535,P62861
Q00535,P63173
Q00535,P68371
Q00535,P69905
Q00535,P78371
Q00535,P83731
Q00535,P83881
Q00535,Q00325
Q00535,Q00526
Q00535,Q00535
Q00535,Q06830
Q00535,Q07002
Q00535,Q12767
Q00535,Q12931
Q00535,Q13085
Q00535,Q13162
Q00535,Q14094
Q00535,Q15078
Q00535,Q16543
Q00535,Q3ZCQ8
Q00535,Q5D862
Q00535,Q86W42
Q00535,Q86YS7
Q00535,Q8N7A1
Q00535,Q8NBS9
Q00535,Q8TDN4
Q00535,Q8WWM7
Q00535,Q96DC9
Q00535,Q96HS1
Q00535,Q99832
Q00535,Q9BQE3
Q00535,Q9BTV7
Q00535,Q9C098
Q00535,Q9HCC0
Q00535,Q9UQ35
Q00535,Q9Y230
Q00535,Q9Y265
Q05655,136429
Q05655,mgtagzh
Q05655,O14654
Q05655,O95831
Q05655,P05771
Q05655,P07305
Q05655,P07437
Q05655,P07477
Q05655,P07900
Q05655,P08107
Q05655,P08238
Q05655,P08240
Q05655,P10412
Q05655,P11021
Q05655,P11142
Q05655,P14618
Q05655,P16402
Q05655,P16403
Q05655,P23396
Q05655,P26373
Q05655,P35268
Q05655,P35579
Q05655,P38646
Q05655,P39019
Q05655,P41240
Q05655,P42677
Q05655,P42766
Q05655,P47914
Q05655,P54652
Q05655,P61513
Q05655,P62266
Q05655,P62269
Q05655,P62273
Q05655,P62280
Q05655,P62701
Q05655,P62750
Q05655,P62829
Q05655,P62851
Q05655,P62861
Q05655,P62917
Q05655,P68371
Q05655,P69905
Q05655,P83881
Q05655,Q04759
Q05655,Q05655
Q05655,Q12931
Q05655,Q13085
Q05655,Q16543
Q05655,Q6RW13
Q05655,Q86YZ3
Q05655,Q8TF72
Q05655,Q8WWM7
Q05655,Q96HS1
Q05655,Q9H987
Q05655,Q9NVI7
Q13043,136429
Q13043,162648
Q13043,56160532
Q13043,P62258
Q13043,Q8NAA4
Q13043,Q13085
Q13043,Q96PN6
Q13043,P05141
Q13043,P12236
Q13043,O95831
Q13043,P25098
Q13043,Q9NWB6
Q13043,P16615
Q13043,Q9NVI7
Q13043,P25705
Q13043,O95816
Q13043,Q8TD16
Q13043,Q07021
Q13043,O43852
Q13043,Q16543
Q13043,Q00526
Q13043,P50750
Q13043,P10809
Q13043,O43809
Q13043,P41240
Q13043,P81605
Q13043,Q9UBS4
Q13043,Q8IXB1
Q13043,P31689
Q13043,O60884
Q13043,P49411
Q13043,P14625
Q13043,P22087
Q13043,Q13642
Q13043,Q5D862
Q13043,P21333
Q13043,P35637
Q13043,P04406
Q13043,P14136
Q13043,P38646
Q13043,P11021
Q13043,P16403
Q13043,P16401
Q13043,P62805
Q13043,P31942
Q13043,Q86YZ3
Q13043,P34931
Q13043,P07900
Q13043,P08238
Q13043,P08107
Q13043,P11142
Q13043,A1L0T0
Q13043,O14654
Q13043,Q08380
Q13043,P02545
Q13043,P46821
Q13043,Q66K74
Q13043,Q96RQ3
Q13043,Q9HCC0
Q13043,mgtagzh
Q13043,Q9BU76
Q13043,P35580
Q13043,P35579
Q13043,P60660
Q13043,P12036
Q13043,O14745
Q13043,Q15366
Q13043,P05165
Q13043,P05166
Q13043,P25787
Q13043,P60900
Q13043,P28072
Q13043,Q13200
Q13043,O43242
Q13043,P11498
Q13043,P27708
Q13043,P62826
Q13043,Q9NS23
Q13043,P50749
Q13043,Q86WH2
Q13043,Q9H2L5
Q13043,Q8WWW0
Q13043,Q8IUD2
Q13043,Q14257
Q13043,P62913
Q13043,P30050
Q13043,P46778
Q13043,P62829
Q13043,P62750
Q13043,P46776
Q13043,P46779
Q13043,P47914
Q13043,P62910
Q13043,P42766
Q13043,P83881
Q13043,P61513
Q13043,P63173
Q13043,P36578
Q13043,P05387
Q13043,P22626
Q13043,P62280
Q13043,P62277
Q13043,P62263
Q13043,P62841
Q13043,P62249
Q13043,P08708
Q13043,P62269
Q13043,P15880
Q13043,P62266
Q13043,P62851
Q13043,P62854
Q13043,P42677
Q13043,P62979
Q13043,Q71UM5
Q13043,P23396
Q13043,P61247
Q13043,P62701
Q13043,P62753
Q13043,Q9Y265
Q13043,P06702
Q13043,Q9H4B6
Q13043,Q99470
Q13043,O43175
Q13043,Q13188
Q13043,Q13043
Q13043,A6NHL2
Q13043,P68371
Q13043,P07437
Q13043,Q13428
Q13043,P17987
Q13043,P78371
Q13043,P50991
Q13043,P48643
Q13043,P49368
Q13043,Q99832
Q13043,P50990
Q13043,P40227
Q13043,Q92734
Q13043,Q3ZCQ8
Q13043,P35030
Q13043,Q01081
Q13043,P26368
Q13043,P08670
Q13131,136429
Q13131,162648
Q13131,56160532
Q13131,mgtagzh
Q13131,O00763
Q13131,O14654
Q13131,O14745
Q13131,O43390
Q13131,O43741
Q13131,O43819
Q13131,O60506
Q13131,O60762
Q13131,O60884
Q13131,O95816
Q13131,O95831
Q13131,P02768
Q13131,P04350
Q13131,P05023
Q13131,P05109
Q13131,P05141
Q13131,P05165
Q13131,P05166
Q13131,P05204
Q13131,P05386
Q13131,P05387
Q13131,P06702
Q13131,P06748
Q13131,P07437
Q13131,P07900
Q13131,P08107
Q13131,P08238
Q13131,P08670
Q13131,P08708
Q13131,P10809
Q13131,P11021
Q13131,P11142
Q13131,P11182
Q13131,P11498
Q13131,P11940
Q13131,P12036
Q13131,P12236
Q13131,P14136
Q13131,P15880
Q13131,P16401
Q13131,P16615
Q13131,P17844
Q13131,P17987
Q13131,P18621
Q13131,P19338
Q13131,P22087
Q13131,P23396
Q13131,P25705
Q13131,P26196
Q13131,P26373
Q13131,P27708
Q13131,P30050
Q13131,P31689
Q13131,P31943
Q13131,P32969
Q13131,P35030
Q13131,P35268
Q13131,P36542
Q13131,P36578
Q13131,P38646
Q13131,P39019
Q13131,P40227
Q13131,P41240
Q13131,P42677
Q13131,P42766
Q13131,P43003
Q13131,P43243
Q13131,P43307
Q13131,P46776
Q13131,P46777
Q13131,P46778
Q13131,P46779
Q13131,P46782
Q13131,P46783
Q13131,P47914
Q13131,P48643
Q13131,P49368
Q13131,P49411
Q13131,P50402
Q13131,P50990
Q13131,P50991
Q13131,P51991
Q13131,P52597
Q13131,P53007
Q13131,P53985
Q13131,P54619
Q13131,P60866
Q13131,P61247
Q13131,P61513
Q13131,P61978
Q13131,P62081
Q13131,P62241
Q13131,P62244
Q13131,P62249
Q13131,P62258
Q13131,P62263
Q13131,P62266
Q13131,P62269
Q13131,P62273
Q13131,P62277
Q13131,P62280
Q13131,P62701
Q13131,P62750
Q13131,P62753
Q13131,P62805
Q13131,P62829
Q13131,P62847
Q13131,P62851
Q13131,P62854
Q13131,P62861
Q13131,P62899
Q13131,P62910
Q13131,P62913
Q13131,P63173
Q13131,P68371
Q13131,P68871
Q13131,P69905
Q13131,P78371
Q13131,P78527
Q13131,P81605
Q13131,P83731
Q13131,P83881
Q13131,P84098
Q13131,Q00325
Q13131,Q00839
Q13131,Q02978
Q13131,Q06830
Q13131,Q08380
Q13131,Q12905
Q13131,Q13043
Q13131,Q13085
Q13131,Q13131
Q13131,Q13263
Q13131,Q13451
Q13131,Q13885
Q13131,Q14157
Q13131,Q14257
Q13131,Q14318
Q13131,Q16543
Q13131,Q3MHD2
Q13131,Q3ZCQ8
Q13131,Q562R1
Q13131,Q5TZA2
Q13131,Q71UM5
Q13131,Q7Z406
Q13131,Q7Z417
Q13131,Q86YZ3
Q13131,Q8N163
Q13131,Q8N7S6
Q13131,Q8NC51
Q13131,Q8WWM7
Q13131,Q92522
Q13131,Q96RQ3
Q13131,Q99832
Q13131,Q9BQE3
Q13131,Q9BSD7
Q13131,Q9BUF5
Q13131,Q9BVA1
Q13131,Q9HCC0
Q13131,Q9NNW5
Q13131,Q9NR30
Q13131,Q9NVI7
Q13131,Q9P035
Q13131,Q9UGJ0
Q13131,Q9UJS0
Q13131,Q9ULV4
Q13131,Q9UM73
Q13131,Q9Y230
Q13131,Q9Y478
Q13153,136429
Q13153,mgtagzh
Q13153,O14654
Q13153,O15258
Q13153,O43639
Q13153,P07437
Q13153,P08107
Q13153,P08708
Q13153,P10412
Q13153,P11021
Q13153,P11142
Q13153,P14136
Q13153,P16403
Q13153,P38646
Q13153,P42766
Q13153,P46734
Q13153,P60953
Q13153,P61513
Q13153,P62258
Q13153,P62263
Q13153,P62266
Q13153,P62269
Q13153,P62280
Q13153,P62701
Q13153,P62750
Q13153,P62829
Q13153,P62851
Q13153,P62861
Q13153,P62899
Q13153,P63208
Q13153,P81605
Q13153,Q13153
Q13153,Q13177
Q13153,Q14155
Q13153,Q15052
Q13153,Q38SD2
Q13153,Q8TD19
Q13153,Q9NVF7
Q13153,Q9Y2X7
Q13188,136429
Q13188,56160532
Q13188,mgtagzh
Q13188,O00231
Q13188,O14654
Q13188,O14745
Q13188,O14965
Q13188,P05090
Q13188,P05109
Q13188,P05141
Q13188,P06702
Q13188,P07437
Q13188,P07900
Q13188,P08107
Q13188,P08238
Q13188,P08708
Q13188,P10644
Q13188,P10909
Q13188,P11021
Q13188,P11142
Q13188,P11802
Q13188,P12036
Q13188,P13639
Q13188,P14136
Q13188,P15822
Q13188,P15880
Q13188,P16403
Q13188,P17987
Q13188,P20929
Q13188,P23396
Q13188,P27708
Q13188,P28066
Q13188,P31151
Q13188,P35030
Q13188,P37108
Q13188,P38646
Q13188,P46782
Q13188,P46783
Q13188,P46821
Q13188,P48643
Q13188,P49721
Q13188,P50749
Q13188,P62249
Q13188,P62258
Q13188,P62263
Q13188,P62266
Q13188,P62269
Q13188,P62701
Q13188,P62750
Q13188,P62829
Q13188,P62847
Q13188,P62851
Q13188,P62861
Q13188,P62899
Q13188,P68371
Q13188,P69905
Q13188,P78371
Q13188,P81605
Q13188,Q00526
Q13188,Q03001
Q13188,Q06830
Q13188,Q13043
Q13188,Q13085
Q13188,Q13188
Q13188,Q15366
Q13188,Q15543
Q13188,Q16543
Q13188,Q66K74
Q13188,Q6ZTQ3
Q13188,Q86WH2
Q13188,Q8NF91
Q13188,Q8TDM6
Q13188,Q8WWW0
Q13188,Q96RQ3
Q13188,Q9BRQ6
Q13188,Q9H254
Q13188,Q9H2L5
Q13188,Q9H4B6
Q13188,Q9H772
Q13188,Q9NS23
Q13188,Q9NVI7
Q13188,Q9P0L0
Q13188,Q9UKB1
Q13418,136429
Q13418,162648
Q13418,56160532
Q13418,A0FGR8
Q13418,A1L0T0
Q13418,A6NHL2
Q13418,mgtagzh
Q13418,O00165
Q13418,O00170
Q13418,O00418
Q13418,O00483
Q13418,O00567
Q13418,O00767
Q13418,O14545
Q13418,O14654
Q13418,O14735
Q13418,O14745
Q13418,O15027
Q13418,O15269
Q13418,O15360
Q13418,O43175
Q13418,O43242
Q13418,O43251
Q13418,O43592
Q13418,O43819
Q13418,O43823
Q13418,O43852
Q13418,O60762
Q13418,O60831
Q13418,O60884
Q13418,O75489
Q13418,O94927
Q13418,O95573
Q13418,O95757
Q13418,O95793
Q13418,O95816
Q13418,O95831
Q13418,P00367
Q13418,P04049
Q13418,P04350
Q13418,P04843
Q13418,P05023
Q13418,P05109
Q13418,P05141
Q13418,P05386
Q13418,P06576
Q13418,P06702
Q13418,P06748
Q13418,P07237
Q13418,P07437
Q13418,P07900
Q13418,P08047
Q13418,P08107
Q13418,P08238
Q13418,P08670
Q13418,P08708
Q13418,P10398
Q13418,P10599
Q13418,P10809
Q13418,P11021
Q13418,P11142
Q13418,P12236
Q13418,P13637
Q13418,P13639
Q13418,P14373
Q13418,P15880
Q13418,P16615
Q13418,P17844
Q13418,P17858
Q13418,P17987
Q13418,P18085
Q13418,P18621
Q13418,P19338
Q13418,P22087
Q13418,P22102
Q13418,P22695
Q13418,P23396
Q13418,P24311
Q13418,P24928
Q13418,P25490
Q13418,P25705
Q13418,P26373
Q13418,P26641
Q13418,P27348
Q13418,P27544
Q13418,P27635
Q13418,P27708
Q13418,P28074
Q13418,P30153
Q13418,P30876
Q13418,P31689
Q13418,P31943
Q13418,P31946
Q13418,P31948
Q13418,P33993
Q13418,P34931
Q13418,P34932
Q13418,P35268
Q13418,P35998
Q13418,P36542
Q13418,P36578
Q13418,P36776
Q13418,P37268
Q13418,P38646
Q13418,P40227
Q13418,P40616
Q13418,P42356
Q13418,P42677
Q13418,P42766
Q13418,P43003
Q13418,P43307
Q13418,P43686
Q13418,P46776
Q13418,P46779
Q13418,P46782
Q13418,P46783
Q13418,P47914
Q13418,P48059
Q13418,P48643
Q13418,P49327
Q13418,P49368
Q13418,P49411
Q13418,P49721
Q13418,P50402
Q13418,P50990
Q13418,P50991
Q13418,P51571
Q13418,P51617
Q13418,P51784
Q13418,P52597
Q13418,P53007
Q13418,P53618
Q13418,P55735
Q13418,P57088
Q13418,P61221
Q13418,P61247
Q13418,P61513
Q13418,P61619
Q13418,P61962
Q13418,P61981
Q13418,P62081
Q13418,P62191
Q13418,P62241
Q13418,P62249
Q13418,P62258
Q13418,P62263
Q13418,P62266
Q13418,P62269
Q13418,P62273
Q13418,P62277
Q13418,P62280
Q13418,P62701
Q13418,P62750
Q13418,P62753
Q13418,P62826
Q13418,P62829
Q13418,P62841
Q13418,P62847
Q13418,P62851
Q13418,P62854
Q13418,P62861
Q13418,P62899
Q13418,P62913
Q13418,P63104
Q13418,P63173
Q13418,P63208
Q13418,P63244
Q13418,P68371
Q13418,P69905
Q13418,P78371
Q13418,P78527
Q13418,P81605
Q13418,P83731
Q13418,P83881
Q13418,P84098
Q13418,Q00325
Q13418,Q00839
Q13418,Q01813
Q13418,Q02978
Q13418,Q03519
Q13418,Q04721
Q13418,Q06830
Q13418,Q07021
Q13418,Q08380
Q13418,Q13015
Q13418,Q13085
Q13418,Q13200
Q13418,Q13263
Q13418,Q13347
Q13418,Q13418
Q13418,Q13885
Q13418,Q14157
Q13418,Q14202
Q13418,Q14204
Q13418,Q14257
Q13418,Q14318
Q13418,Q14498
Q13418,Q14674
Q13418,Q14683
Q13418,Q15029
Q13418,Q15072
Q13418,Q15165
Q13418,Q15185
Q13418,Q15293
Q13418,Q15366
Q13418,Q15393
Q13418,Q15404
Q13418,Q15773
Q13418,Q16531
Q13418,Q16543
Q13418,Q16576
Q13418,Q3KP31
Q13418,Q3ZCQ8
Q13418,Q3ZCX4
Q13418,Q53GQ0
Q13418,Q5JPH6
Q13418,Q5SRE5
Q13418,Q5SY16
Q13418,Q5T160
Q13418,Q5VV42
Q13418,Q6UXZ4
Q13418,Q71UM5
Q13418,Q7L0J3
Q13418,Q7L8L6
Q13418,Q7Z3U7
Q13418,Q7Z417
Q13418,Q7Z4I7
Q13418,Q8IXB1
Q13418,Q8IXI1
Q13418,Q8IXI2
Q13418,Q8N1F7
Q13418,Q8N490
Q13418,Q8N9K5
Q13418,Q8NBA8
Q13418,Q8NC51
Q13418,Q8NE01
Q13418,Q8NF37
Q13418,Q8WVX9
Q13418,Q8WWM7
Q13418,Q8WXH0
Q13418,Q92504
Q13418,Q92522
Q13418,Q92598
Q13418,Q92608
Q13418,Q92616
Q13418,Q96D53
Q13418,Q96EY1
Q13418,Q96GD4
Q13418,Q96HS1
Q13418,Q96IX5
Q13418,Q96RQ3
Q13418,Q96T76
Q13418,Q96TA2
Q13418,Q99471
Q13418,Q99615
Q13418,Q99707
Q13418,Q99832
Q13418,Q9BQB6
Q13418,Q9BQE3
Q13418,Q9BRK5
Q13418,Q9BSD7
Q13418,Q9BUF5
Q13418,Q9BVA1
Q13418,Q9BY31
Q13418,Q9H0K1
Q13418,Q9H4I3
Q13418,Q9H583
Q13418,Q9HBI1
Q13418,Q9HCC0
Q13418,Q9NNW5
Q13418,Q9NPA8
Q13418,Q9NR30
Q13418,Q9NRP0
Q13418,Q9NVD7
Q13418,Q9NVI1
Q13418,Q9NVI7
Q13418,Q9NWW5
Q13418,Q9NXE4
Q13418,Q9NZ01
Q13418,Q9NZL4
Q13418,Q9P035
Q13418,Q9UBS4
Q13418,Q9UBX3
Q13418,Q9UGP8
Q13418,Q9UHV9
Q13418,Q9UJ14
Q13418,Q9UJS0
Q13418,Q9UJU3
Q13418,Q9UJZ1
Q13418,Q9UL15
Q13418,Q9ULX6
Q13418,Q9UM73
Q13418,Q9UNE7
Q13418,Q9Y230
Q13418,Q9Y265
Q13418,Q9Y285
Q13418,Q9Y2G7
Q13418,Q9Y2X3
Q13418,Q9Y4W2
Q13418,Q9Y5A9
Q13418,Q9Y5V3
Q13418,Q9Y5Y2
Q13418,Q9Y6K0
Q14012,136429
Q14012,162648
Q14012,56160532
Q14012,construct1
Q14012,mgtagzh
Q14012,O43809
Q14012,P00738
Q14012,P07437
Q14012,P07477
Q14012,P07900
Q14012,P08107
Q14012,P08238
Q14012,P08670
Q14012,P08708
Q14012,P10412
Q14012,P10644
Q14012,P11021
Q14012,P11142
Q14012,P12036
Q14012,P13861
Q14012,P14136
Q14012,P14618
Q14012,P16403
Q14012,P17612
Q14012,P22626
Q14012,P23396
Q14012,P31942
Q14012,P35030
Q14012,P35268
Q14012,P35579
Q14012,P35637
Q14012,P38646
Q14012,P39019
Q14012,P42766
Q14012,P46776
Q14012,P47914
Q14012,P51784
Q14012,P53999
Q14012,P60660
Q14012,P61247
Q14012,P61513
Q14012,P62081
Q14012,P62158
Q14012,P62249
Q14012,P62263
Q14012,P62266
Q14012,P62269
Q14012,P62273
Q14012,P62277
Q14012,P62280
Q14012,P62316
Q14012,P62701
Q14012,P62750
Q14012,P62753
Q14012,P62805
Q14012,P62829
Q14012,P62841
Q14012,P62847
Q14012,P62851
Q14012,P62861
Q14012,P62899
Q14012,P62979
Q14012,P63173
Q14012,P69905
Q14012,P81605
Q14012,P83881
Q14012,P84098
Q14012,Q01844
Q14012,Q05655
Q14012,Q06830
Q14012,Q07021
Q14012,Q08380
Q14012,Q13428
Q14012,Q14012
Q14012,Q15170
Q14012,Q16543
Q14012,Q562R1
Q14012,Q86YZ3
Q14012,Q8N490
Q14012,Q8TF72
Q14012,Q92522
Q14012,Q92804
Q14012,Q969Q0
Q14012,Q96NX5
Q14012,Q99497
Q14012,Q9H1B5
Q14012,Q9P289
Q15418,136429
Q15418,162648
Q15418,56160532
Q15418,mgtagzh
Q15418,O00231
Q15418,O00418
Q15418,O00571
Q15418,O14654
Q15418,O43390
Q15418,O60506
Q15418,O60884
Q15418,O75534
Q15418,O95071
Q15418,O95816
Q15418,P00738
Q15418,P04350
Q15418,P05141
Q15418,P05386
Q15418,P05387
Q15418,P06748
Q15418,P07437
Q15418,P07814
Q15418,P07900
Q15418,P08107
Q15418,P08238
Q15418,P08670
Q15418,P08708
Q15418,P09651
Q15418,P09874
Q15418,P10809
Q15418,P11021
Q15418,P11142
Q15418,P11940
Q15418,P12236
Q15418,P13639
Q15418,P14136
Q15418,P15880
Q15418,P17987
Q15418,P18621
Q15418,P19338
Q15418,P21359
Q15418,P23396
Q15418,P25705
Q15418,P26196
Q15418,P26373
Q15418,P26641
Q15418,P27348
Q15418,P27708
Q15418,P27987
Q15418,P28482
Q15418,P28799
Q15418,P30050
Q15418,P30153
Q15418,P31689
Q15418,P31943
Q15418,P32969
Q15418,P34931
Q15418,P34932
Q15418,P35268
Q15418,P35637
Q15418,P37108
Q15418,P38646
Q15418,P39019
Q15418,P42677
Q15418,P42766
Q15418,P43243
Q15418,P43686
Q15418,P46776
Q15418,P46777
Q15418,P46782
Q15418,P46783
Q15418,P47914
Q15418,P48643
Q15418,P49327
Q15418,P49411
Q15418,P49721
Q15418,P50991
Q15418,P51812
Q15418,P52597
Q15418,P54136
Q15418,P60866
Q15418,P61247
Q15418,P61254
Q15418,P61513
Q15418,P61978
Q15418,P62081
Q15418,P62195
Q15418,P62241
Q15418,P62249
Q15418,P62258
Q15418,P62263
Q15418,P62266
Q15418,P62269
Q15418,P62273
Q15418,P62277
Q15418,P62280
Q15418,P62333
Q15418,P62701
Q15418,P62750
Q15418,P62753
Q15418,P62829
Q15418,P62847
Q15418,P62851
Q15418,P62854
Q15418,P62899
Q15418,P62910
Q15418,P62913
Q15418,P63173
Q15418,P67870
Q15418,P68371
Q15418,P69905
Q15418,P78371
Q15418,P83731
Q15418,P83881
Q15418,P84098
Q15418,Q00839
Q15418,Q02978
Q15418,Q06830
Q15418,Q07020
Q15418,Q08211
Q15418,Q12849
Q15418,Q13085
Q15418,Q13155
Q15418,Q13200
Q15418,Q13283
Q15418,Q13765
Q15418,Q14152
Q15418,Q14257
Q15418,Q14690
Q15418,Q15349
Q15418,Q15418
Q15418,Q16543
Q15418,Q16650
Q15418,Q16816
Q15418,Q3MHD2
Q15418,Q3ZCQ8
Q15418,Q58FF8
Q15418,Q5T4S7
Q15418,Q5UIP0
Q15418,Q5VUA4
Q15418,Q6P2Q9
Q15418,Q71UM5
Q15418,Q7Z417
Q15418,Q86UE8
Q15418,Q8IX90
Q15418,Q8IZT6
Q15418,Q8NC51
Q15418,Q8WWM7
Q15418,Q8WZ42
Q15418,Q92522
Q15418,Q92598
Q15418,Q96GX5
Q15418,Q96RQ3
Q15418,Q99460
Q15418,Q99832
Q15418,Q9HCC0
Q15418,Q9NR30
Q15418,Q9P2J5
Q15418,Q9UJS0
Q15418,Q9ULV4
Q15418,Q9UN86
Q15418,Q9Y224
Q16539,136429
Q16539,56160532
Q16539,mgtagzh
Q16539,O75147
Q16539,O96019
Q16539,P00738
Q16539,P01876
Q16539,P02768
Q16539,P05109
Q16539,P05387
Q16539,P06702
Q16539,P07305
Q16539,P07477
Q16539,P07900
Q16539,P08107
Q16539,P08670
Q16539,P08708
Q16539,P11142
Q16539,P11802
Q16539,P12036
Q16539,P14136
Q16539,P14923
Q16539,P15924
Q16539,P16402
Q16539,P16403
Q16539,P22087
Q16539,P23396
Q16539,P26373
Q16539,P31942
Q16539,P35030
Q16539,P35268
Q16539,P35579
Q16539,P38646
Q16539,P39019
Q16539,P42766
Q16539,P46734
Q16539,P46776
Q16539,P47756
Q16539,P47914
Q16539,P49006
Q16539,P49137
Q16539,P51784
Q16539,P53999
Q16539,P60660
Q16539,P61247
Q16539,P61353
Q16539,P61513
Q16539,P61626
Q16539,P62158
Q16539,P62263
Q16539,P62266
Q16539,P62269
Q16539,P62273
Q16539,P62277
Q16539,P62280
Q16539,P62701
Q16539,P62750
Q16539,P62805
Q16539,P62829
Q16539,P62847
Q16539,P62851
Q16539,P62861
Q16539,P62899
Q16539,P62987
Q16539,P63173
Q16539,P63208
Q16539,P69905
Q16539,P81605
Q16539,P83881
Q16539,Q00839
Q16539,Q05655
Q16539,Q06830
Q16539,Q14999
Q16539,Q15170
Q16539,Q16539
Q16539,Q16644
Q16539,Q562R1
Q16539,Q86YZ3
Q16539,Q8N3Y1
Q16539,Q8TF72
Q16539,Q8WWM7
Q16539,Q92522
Q16539,Q9BUB5
Q16539,Q9BYX7
Q16539,Q9H0W5
Q96KB5,136429
Q96KB5,56160532
Q96KB5,mgtagzh
Q96KB5,O43809
Q96KB5,P00738
Q96KB5,P07305
Q96KB5,P07437
Q96KB5,P07900
Q96KB5,P08107
Q96KB5,P08238
Q96KB5,P08240
Q96KB5,P08670
Q96KB5,P08708
Q96KB5,P10412
Q96KB5,P11021
Q96KB5,P11142
Q96KB5,P12036
Q96KB5,P14136
Q96KB5,P14923
Q96KB5,P15924
Q96KB5,P16403
Q96KB5,P19784
Q96KB5,P23396
Q96KB5,P30048
Q96KB5,P31942
Q96KB5,P35030
Q96KB5,P35268
Q96KB5,P35579
Q96KB5,P38646
Q96KB5,P39019
Q96KB5,P42766
Q96KB5,P47914
Q96KB5,P49841
Q96KB5,P53999
Q96KB5,P60660
Q96KB5,P61513
Q96KB5,P61927
Q96KB5,P62158
Q96KB5,P62249
Q96KB5,P62263
Q96KB5,P62266
Q96KB5,P62269
Q96KB5,P62273
Q96KB5,P62280
Q96KB5,P62701
Q96KB5,P62750
Q96KB5,P62753
Q96KB5,P62805
Q96KB5,P62829
Q96KB5,P62847
Q96KB5,P62851
Q96KB5,P62861
Q96KB5,P62979
Q96KB5,P63173
Q96KB5,P67870
Q96KB5,P68400
Q96KB5,P68871
Q96KB5,P69905
Q96KB5,P81605
Q96KB5,P83731
Q96KB5,P83881
Q96KB5,P84098
Q96KB5,Q00839
Q96KB5,Q02413
Q96KB5,Q06830
Q96KB5,Q08554
Q96KB5,Q09028
Q96KB5,Q13085
Q96KB5,Q16543
Q96KB5,Q16576
Q96KB5,Q562R1
Q96KB5,Q75T13
Q96KB5,Q86YZ3
Q96KB5,Q8WWM7
Q96KB5,Q96KB5
Q96S44,136429
Q96S44,162648
Q96S44,56160532
Q96S44,construct1
Q96S44,mgtagzh
Q96S44,O14545
Q96S44,O14654
Q96S44,O14745
Q96S44,O15027
Q96S44,O43809
Q96S44,O43852
Q96S44,O60884
Q96S44,O95816
Q96S44,O95831
Q96S44,P00738
Q96S44,P05141
Q96S44,P05387
Q96S44,P07437
Q96S44,P07900
Q96S44,P08107
Q96S44,P08238
Q96S44,P08670
Q96S44,P08708
Q96S44,P10599
Q96S44,P10809
Q96S44,P11021
Q96S44,P11142
Q96S44,P12036
Q96S44,P12236
Q96S44,P14136
Q96S44,P15880
Q96S44,P16402
Q96S44,P16403
Q96S44,P16989
Q96S44,P17987
Q96S44,P18124
Q96S44,P18621
Q96S44,P22087
Q96S44,P23396
Q96S44,P25398
Q96S44,P26373
Q96S44,P27708
Q96S44,P30050
Q96S44,P30153
Q96S44,P31689
Q96S44,P31942
Q96S44,P31943
Q96S44,P31946
Q96S44,P35030
Q96S44,P35268
Q96S44,P35580
Q96S44,P35637
Q96S44,P36578
Q96S44,P38646
Q96S44,P39019
Q96S44,P39023
Q96S44,P40227
Q96S44,P40429
Q96S44,P42677
Q96S44,P42766
Q96S44,P46776
Q96S44,P46778
Q96S44,P46779
Q96S44,P46781
Q96S44,P47914
Q96S44,P48643
Q96S44,P49207
Q96S44,P49368
Q96S44,P49411
Q96S44,P50402
Q96S44,P50914
Q96S44,P50990
Q96S44,P50991
Q96S44,P52597
Q96S44,P52788
Q96S44,P53999
Q96S44,P55735
Q96S44,P61247
Q96S44,P61313
Q96S44,P61353
Q96S44,P61513
Q96S44,P61927
Q96S44,P62241
Q96S44,P62249
Q96S44,P62263
Q96S44,P62266
Q96S44,P62269
Q96S44,P62273
Q96S44,P62277
Q96S44,P62280
Q96S44,P62316
Q96S44,P62424
Q96S44,P62701
Q96S44,P62750
Q96S44,P62753
Q96S44,P62805
Q96S44,P62826
Q96S44,P62829
Q96S44,P62847
Q96S44,P62851
Q96S44,P62854
Q96S44,P62861
Q96S44,P62899
Q96S44,P62906
Q96S44,P62910
Q96S44,P62913
Q96S44,P62917
Q96S44,P62979
Q96S44,P63173
Q96S44,P67809
Q96S44,P68371
Q96S44,P69905
Q96S44,P78371
Q96S44,P78527
Q96S44,P81605
Q96S44,P83731
Q96S44,P83881
Q96S44,P84098
Q96S44,Q00325
Q96S44,Q00839
Q96S44,Q02543
Q96S44,Q02878
Q96S44,Q06830
Q96S44,Q07020
Q96S44,Q07021
Q96S44,Q08380
Q96S44,Q09028
Q96S44,Q12931
Q96S44,Q13085
Q96S44,Q13263
Q96S44,Q13885
Q96S44,Q14257
Q96S44,Q14657
Q96S44,Q16543
Q96S44,Q16576
Q96S44,Q16650
Q96S44,Q3ZCQ8
Q96S44,Q71UM5
Q96S44,Q7Z6Z7
Q96S44,Q8N163
Q96S44,Q8NFH3
Q96S44,Q8NI35
Q96S44,Q8TF72
Q96S44,Q8WWM7
Q96S44,Q92734
Q96S44,Q92804
Q96S44,Q969Q0
Q96S44,Q96HS1
Q96S44,Q96NI8
Q96S44,Q96RQ3
Q96S44,Q96S44
Q96S44,Q99832
Q96S44,Q9BQE3
Q96S44,Q9BRK5
Q96S44,Q9BUF5
Q96S44,Q9BVA1
Q96S44,Q9BXV9
Q96S44,Q9NPF4
Q96S44,Q9NY12
Q96S44,Q9ULX6
Q96S44,Q9Y230
Q96S44,Q9Y265
Q96S44,Q9Y3C4
Q96S44,Q9Y3U8
Q99986,136429
Q99986,162648
Q99986,mgtagzh
Q99986,O14654
Q99986,P06702
Q99986,P07437
Q99986,P08107
Q99986,P08670
Q99986,P08708
Q99986,P10809
Q99986,P11021
Q99986,P11142
Q99986,P12036
Q99986,P14136
Q99986,P15924
Q99986,P16403
Q99986,P19525
Q99986,P22087
Q99986,P23396
Q99986,P35268
Q99986,P38646
Q99986,P39019
Q99986,P42766
Q99986,P47914
Q99986,P53999
Q99986,P61247
Q99986,P61513
Q99986,P62263
Q99986,P62266
Q99986,P62269
Q99986,P62273
Q99986,P62280
Q99986,P62701
Q99986,P62750
Q99986,P62829
Q99986,P62851
Q99986,P62861
Q99986,P69905
Q99986,P81605
Q99986,P83881
Q99986,Q86YZ3
Q99986,Q8WWM7
Q99986,Q92734
Q99986,Q99986
Q9BVS4,136429
Q9BVS4,162648
Q9BVS4,56160532
Q9BVS4,mgtagzh
Q9BVS4,O00571
Q9BVS4,O00763
Q9BVS4,O14654
Q9BVS4,O14745
Q9BVS4,O15235
Q9BVS4,O15371
Q9BVS4,O15372
Q9BVS4,O43242
Q9BVS4,O43390
Q9BVS4,O60506
Q9BVS4,O75436
Q9BVS4,O75643
Q9BVS4,O76021
Q9BVS4,O95793
Q9BVS4,O95816
Q9BVS4,P04637
Q9BVS4,P05141
Q9BVS4,P05198
Q9BVS4,P05204
Q9BVS4,P05386
Q9BVS4,P05387
Q9BVS4,P05388
Q9BVS4,P06748
Q9BVS4,P07437
Q9BVS4,P07814
Q9BVS4,P08107
Q9BVS4,P08670
Q9BVS4,P08708
Q9BVS4,P09874
Q9BVS4,P10809
Q9BVS4,P11021
Q9BVS4,P11142
Q9BVS4,P11387
Q9BVS4,P11498
Q9BVS4,P11940
Q9BVS4,P12036
Q9BVS4,P12236
Q9BVS4,P13639
Q9BVS4,P14136
Q9BVS4,P14618
Q9BVS4,P14866
Q9BVS4,P14868
Q9BVS4,P15880
Q9BVS4,P16402
Q9BVS4,P16403
Q9BVS4,P17844
Q9BVS4,P17987
Q9BVS4,P18621
Q9BVS4,P19338
Q9BVS4,P20042
Q9BVS4,P22087
Q9BVS4,P22626
Q9BVS4,P23246
Q9BVS4,P23396
Q9BVS4,P24534
Q9BVS4,P25098
Q9BVS4,P25398
Q9BVS4,P26196
Q9BVS4,P26373
Q9BVS4,P26583
Q9BVS4,P26641
Q9BVS4,P27635
Q9BVS4,P27708
Q9BVS4,P28074
Q9BVS4,P29692
Q9BVS4,P30050
Q9BVS4,P30153
Q9BVS4,P31689
Q9BVS4,P31942
Q9BVS4,P31943
Q9BVS4,P32969
Q9BVS4,P35030
Q9BVS4,P35268
Q9BVS4,P35579
Q9BVS4,P35637
Q9BVS4,P36578
Q9BVS4,P37108
Q9BVS4,P38646
Q9BVS4,P39019
Q9BVS4,P39023
Q9BVS4,P40227
Q9BVS4,P41091
Q9BVS4,P41252
Q9BVS4,P42677
Q9BVS4,P42766
Q9BVS4,P43243
Q9BVS4,P46776
Q9BVS4,P46777
Q9BVS4,P46778
Q9BVS4,P46779
Q9BVS4,P46781
Q9BVS4,P46782
Q9BVS4,P46783
Q9BVS4,P47897
Q9BVS4,P47914
Q9BVS4,P48643
Q9BVS4,P49207
Q9BVS4,P49368
Q9BVS4,P49411
Q9BVS4,P49458
Q9BVS4,P50914
Q9BVS4,P50990
Q9BVS4,P50991
Q9BVS4,P51398
Q9BVS4,P52272
Q9BVS4,P52597
Q9BVS4,P53999
Q9BVS4,P54136
Q9BVS4,P54652
Q9BVS4,P55209
Q9BVS4,P55884
Q9BVS4,P56192
Q9BVS4,P60228
Q9BVS4,P60660
Q9BVS4,P60866
Q9BVS4,P60900
Q9BVS4,P61247
Q9BVS4,P61254
Q9BVS4,P61353
Q9BVS4,P61513
Q9BVS4,P61626
Q9BVS4,P61978
Q9BVS4,P62081
Q9BVS4,P62195
Q9BVS4,P62241
Q9BVS4,P62244
Q9BVS4,P62249
Q9BVS4,P62263
Q9BVS4,P62266
Q9BVS4,P62269
Q9BVS4,P62273
Q9BVS4,P62277
Q9BVS4,P62280
Q9BVS4,P62316
Q9BVS4,P62333
Q9BVS4,P62424
Q9BVS4,P62701
Q9BVS4,P62750
Q9BVS4,P62753
Q9BVS4,P62805
Q9BVS4,P62829
Q9BVS4,P62847
Q9BVS4,P62851
Q9BVS4,P62854
Q9BVS4,P62857
Q9BVS4,P62861
Q9BVS4,P62899
Q9BVS4,P62910
Q9BVS4,P62913
Q9BVS4,P62917
Q9BVS4,P62979
Q9BVS4,P62987
Q9BVS4,P63151
Q9BVS4,P63173
Q9BVS4,P67775
Q9BVS4,P67809
Q9BVS4,P68371
Q9BVS4,P69905
Q9BVS4,P78371
Q9BVS4,P78527
Q9BVS4,P81605
Q9BVS4,P82650
Q9BVS4,P82930
Q9BVS4,P82933
Q9BVS4,P83731
Q9BVS4,P83881
Q9BVS4,P84098
Q9BVS4,Q00059
Q9BVS4,Q00325
Q9BVS4,Q00839
Q9BVS4,Q01844
Q9BVS4,Q02543
Q9BVS4,Q03113
Q9BVS4,Q06265
Q9BVS4,Q06830
Q9BVS4,Q07020
Q9BVS4,Q08211
Q9BVS4,Q12905
Q9BVS4,Q12906
Q9BVS4,Q13085
Q9BVS4,Q13151
Q9BVS4,Q13153
Q9BVS4,Q13155
Q9BVS4,Q13177
Q9BVS4,Q13200
Q9BVS4,Q13263
Q9BVS4,Q13283
Q9BVS4,Q13310
Q9BVS4,Q13347
Q9BVS4,Q13435
Q9BVS4,Q13895
Q9BVS4,Q14103
Q9BVS4,Q14152
Q9BVS4,Q14155
Q9BVS4,Q14257
Q9BVS4,Q14444
Q9BVS4,Q14498
Q9BVS4,Q15046
Q9BVS4,Q3MHD2
Q9BVS4,Q3ZCQ8
Q9BVS4,Q53H96
Q9BVS4,Q562R1
Q9BVS4,Q5SRE5
Q9BVS4,Q5SSJ5
Q9BVS4,Q5T5X7
Q9BVS4,Q6PKG0
Q9BVS4,Q6UXN9
Q9BVS4,Q7Z417
Q9BVS4,Q86V81
Q9BVS4,Q8IYS1
Q9BVS4,Q8N163
Q9BVS4,Q8NC51
Q9BVS4,Q8NE71
Q9BVS4,Q8WWM7
Q9BVS4,Q92522
Q9BVS4,Q92552
Q9BVS4,Q92572
Q9BVS4,Q92598
Q9BVS4,Q92665
Q9BVS4,Q92734
Q9BVS4,Q93008
Q9BVS4,Q969Q0
Q9BVS4,Q96AG4
Q9BVS4,Q96EY7
Q9BVS4,Q96GA3
Q9BVS4,Q96HS1
Q9BVS4,Q96QK1
Q9BVS4,Q96RQ3
Q9BVS4,Q99460
Q9BVS4,Q99613
Q9BVS4,Q99729
Q9BVS4,Q99832
Q9BVS4,Q9BQ39
Q9BVS4,Q9BQE3
Q9BVS4,Q9BQG0
Q9BVS4,Q9BU76
Q9BVS4,Q9BVS4
Q9BVS4,Q9BY77
Q9BVS4,Q9HCC0
Q9BVS4,Q9NR30
Q9BVS4,Q9NVI7
Q9BVS4,Q9NZI8
Q9BVS4,Q9P2J5
Q9BVS4,Q9UBQ0
Q9BVS4,Q9ULT8
Q9BVS4,Q9ULV4
Q9BVS4,Q9UMS4
Q9BVS4,Q9UN86
Q9BVS4,Q9UNQ2
Q9BVS4,Q9UNX3
Q9BVS4,Q9Y224
Q9BVS4,Q9Y262
Q9BVS4,Q9Y295
Q9BVS4,Q9Y2Q9
Q9BVS4,Q9Y2R5
Q9BVS4,Q9Y2R9
Q9BVS4,Q9Y2X7
Q9BVS4,Q9Y3D9
Q9BVS4,Q9Y676
Q9BVS4,STREP_3xHA
Q9P289,136429
Q9P289,162648
Q9P289,mgtagzh
Q9P289,O00506
Q9P289,O43809
Q9P289,O43815
Q9P289,O95831
Q9P289,O96019
Q9P289,P00738
Q9P289,P07437
Q9P289,P07477
Q9P289,P08107
Q9P289,P08670
Q9P289,P08708
Q9P289,P10412
Q9P289,P11021
Q9P289,P11142
Q9P289,P14136
Q9P289,P16401
Q9P289,P16403
Q9P289,P17980
Q9P289,P18621
Q9P289,P23396
Q9P289,P26373
Q9P289,P30153
Q9P289,P35030
Q9P289,P35268
Q9P289,P38646
Q9P289,P39019
Q9P289,P42677
Q9P289,P42766
Q9P289,P46776
Q9P289,P47914
Q9P289,P53999
Q9P289,P61247
Q9P289,P61513
Q9P289,P62081
Q9P289,P62249
Q9P289,P62263
Q9P289,P62266
Q9P289,P62269
Q9P289,P62273
Q9P289,P62277
Q9P289,P62280
Q9P289,P62316
Q9P289,P62701
Q9P289,P62714
Q9P289,P62750
Q9P289,P62805
Q9P289,P62826
Q9P289,P62829
Q9P289,P62841
Q9P289,P62847
Q9P289,P62851
Q9P289,P62861
Q9P289,P62899
Q9P289,P62979
Q9P289,P63167
Q9P289,P63173
Q9P289,P67775
Q9P289,P68371
Q9P289,P68400
Q9P289,P69905
Q9P289,P81605
Q9P289,P83881
Q9P289,P84098
Q9P289,Q00325
Q9P289,Q00839
Q9P289,Q01844
Q9P289,Q05655
Q9P289,Q07021
Q9P289,Q08379
Q9P289,Q08380
Q9P289,Q13033
Q9P289,Q13085
Q9P289,Q13393
Q9P289,Q13428
Q9P289,Q14BN4
Q9P289,Q5D862
Q9P289,Q71UM5
Q9P289,Q7L3B6
Q9P289,Q7L7X3
Q9P289,Q86YZ3
Q9P289,Q8TF72
Q9P289,Q8WWM7
Q9P289,Q8WZ74
Q9P289,Q92734
Q9P289,Q99996
Q9P289,Q9BQE3
Q9P289,Q9BRV8
Q9P289,Q9BUL8
Q9P289,Q9H2K8
Q9P289,Q9NRL3
Q9P289,Q9NVI7
Q9P289,Q9NVK5
Q9P289,Q9P289
Q9P289,Q9P2B4
Q9P289,Q9ULQ0
Q9P289,Q9Y265
Q9P289,Q9Y3A3
Q9Y6E0,136429
Q9Y6E0,162648
Q9Y6E0,56160532
Q9Y6E0,mgtagzh
Q9Y6E0,O00231
Q9Y6E0,O00232
Q9Y6E0,O00487
Q9Y6E0,O00506
Q9Y6E0,O14654
Q9Y6E0,O14818
Q9Y6E0,O43242
Q9Y6E0,O43809
Q9Y6E0,O43815
Q9Y6E0,O60884
Q9Y6E0,O75909
Q9Y6E0,O95816
Q9Y6E0,P00738
Q9Y6E0,P05387
Q9Y6E0,P07437
Q9Y6E0,P07900
Q9Y6E0,P08107
Q9Y6E0,P08238
Q9Y6E0,P08670
Q9Y6E0,P08708
Q9Y6E0,P10412
Q9Y6E0,P11021
Q9Y6E0,P11142
Q9Y6E0,P11182
Q9Y6E0,P12036
Q9Y6E0,P14136
Q9Y6E0,P15880
Q9Y6E0,P16403
Q9Y6E0,P17980
Q9Y6E0,P18124
Q9Y6E0,P18621
Q9Y6E0,P20618
Q9Y6E0,P22087
Q9Y6E0,P22626
Q9Y6E0,P23396
Q9Y6E0,P25786
Q9Y6E0,P25787
Q9Y6E0,P25788
Q9Y6E0,P25789
Q9Y6E0,P26373
Q9Y6E0,P27708
Q9Y6E0,P28066
Q9Y6E0,P28072
Q9Y6E0,P28074
Q9Y6E0,P30153
Q9Y6E0,P30154
Q9Y6E0,P31942
Q9Y6E0,P35268
Q9Y6E0,P35637
Q9Y6E0,P35998
Q9Y6E0,P36578
Q9Y6E0,P38646
Q9Y6E0,P39019
Q9Y6E0,P41240
Q9Y6E0,P42677
Q9Y6E0,P42766
Q9Y6E0,P43686
Q9Y6E0,P46776
Q9Y6E0,P46782
Q9Y6E0,P47914
Q9Y6E0,P48556
Q9Y6E0,P49720
Q9Y6E0,P49721
Q9Y6E0,P50990
Q9Y6E0,P51665
Q9Y6E0,P53999
Q9Y6E0,P55036
Q9Y6E0,P60900
Q9Y6E0,P61247
Q9Y6E0,P61353
Q9Y6E0,P61513
Q9Y6E0,P61927
Q9Y6E0,P62081
Q9Y6E0,P62191
Q9Y6E0,P62195
Q9Y6E0,P62249
Q9Y6E0,P62263
Q9Y6E0,P62266
Q9Y6E0,P62269
Q9Y6E0,P62273
Q9Y6E0,P62277
Q9Y6E0,P62280
Q9Y6E0,P62316
Q9Y6E0,P62318
Q9Y6E0,P62333
Q9Y6E0,P62701
Q9Y6E0,P62714
Q9Y6E0,P62750
Q9Y6E0,P62753
Q9Y6E0,P62805
Q9Y6E0,P62826
Q9Y6E0,P62829
Q9Y6E0,P62841
Q9Y6E0,P62847
Q9Y6E0,P62851
Q9Y6E0,P62861
Q9Y6E0,P62899
Q9Y6E0,P62979
Q9Y6E0,P63167
Q9Y6E0,P63173
Q9Y6E0,P67775
Q9Y6E0,P67809
Q9Y6E0,P68371
Q9Y6E0,P69905
Q9Y6E0,P81605
Q9Y6E0,P83731
Q9Y6E0,P83881
Q9Y6E0,P84098
Q9Y6E0,Q01844
Q9Y6E0,Q07021
Q9Y6E0,Q08380
Q9Y6E0,Q09028
Q9Y6E0,Q13033
Q9Y6E0,Q13200
Q9Y6E0,Q14BN4
Q9Y6E0,Q15008
Q9Y6E0,Q16576
Q9Y6E0,Q16650
Q9Y6E0,Q562R1
Q9Y6E0,Q5D862
Q9Y6E0,Q71UM5
Q9Y6E0,Q86W42
Q9Y6E0,Q86WR7
Q9Y6E0,Q8WWM7
Q9Y6E0,Q8WZ74
Q9Y6E0,Q92598
Q9Y6E0,Q92734
Q9Y6E0,Q92804
Q9Y6E0,Q969Q0
Q9Y6E0,Q96HS1
Q9Y6E0,Q99436
Q9Y6E0,Q99460
Q9Y6E0,Q9BQE3
Q9Y6E0,Q9BRV8
Q9Y6E0,Q9BUL8
Q9Y6E0,Q9NRL3
Q9Y6E0,Q9NVK5
Q9Y6E0,Q9P289
Q9Y6E0,Q9P2B4
Q9Y6E0,Q9ULQ0
Q9Y6E0,Q9UNM6
Q9Y6E0,Q9Y265
Q9Y6E0,Q9Y3A3
Q9Y6E0,Q9Y6E0