P04217,O95255
P00325,P01011
P01023,P21980
P04217,Q13162
P20700,P01011
P19838,P01011
P11766,P11766
P11766,P27540
P28332,P49407
P42081,P09874
P04217,Q8WTS6
O95477,P21980
O95477,Q9Y6K9
O95255,P54819
P31751,P02647
P31751,P04114
Q13740,Q13508
P00352,P05091
P04075,P04075
P04075,P05062
P04075,O15382
P42684,P08631
P42684,Q16890
Q13489,P55211
P16219,Q92985
Q99437,P25445
P30281,P25445
P49748,P08865
P49407,Q99933
P49407,Q06187
P04424,P04424
P00966,P00966
P51164,P07738
Q92934,Q07817
P63261,Q14161
P55212,P55212
P04040,P04040
P12814,Q9Y6R0
P12814,Q14161
P00813,Q92629
P00813,O75928
P30281,P11802
Q92934,P38936
P24385,P38936
P30281,P38936
P24864,P38936
P55265,P21980
Q07021,P49715
P07738,P19835
P15289,P41208
P51828,P12956
P51828,O15162
P51828,P41223
P20292,O00299
P24539,O00299
P27449,O00299
Q93050,O00299
P01011,Q9P1U0
P07327,P19784
P07327,Q16836
P00325,P29590
P00325,Q5VU43
P11766,P67870
P11766,P11474
P11766,Q06830
P11766,P04004
P28332,P01116
P28332,P62273
P02760,P10176
P29275,O43399
Q06278,P46109
Q13323,P46109
Q96G01,Q16539
Q9UKK3,P84022
P04424,P19784
P51946,P67870
P60033,P67870
P20749,P56545
P51946,P56545
P30566,P48745
P56381,P05093
P35520,Q9UER7
Q10567,Q16620
P25445,P24522
P02771,P62873
P02771,Q99436
P02771,Q6P2C8
P30304,P11532
O60238,P51452
P10398,O75461
O60238,Q16610
P23526,P49023
P30304,P68104
P07738,P11161
P35869,Q09472
P49662,Q99607
P02760,P06733
P06733,P05155
P54793,Q09472
P00736,Q09472
P49419,Q12929
P31751,Q16627
P31751,P35326
P31751,O94875
P13196,P00749
P30281,P50549
P03971,P41161
P33897,P08865
P30837,P12104
P30838,P11831
P02647,P23142
P04424,P09467
P49789,P36406
P38398,Q14192
P05062,P15822
P09972,P46734
P09972,Q14534
P30304,P02794
P02760,P40763
P30281,P02774
P08571,P29033
Q06278,P32189
P02743,P32189
P62158,P48507
P55064,P35754
P42574,P35754
P07307,P00367
P54707,P08754
P42684,Q6PIJ6
P04746,P08069
P51946,Q08379
Q92934,P31947
Q99459,Q14449
P51959,P28799
P04003,P78347
P30203,P46976
Q10589,Q16775
P04233,P40939
P09110,Q6PKC3
Q99741,P61086
P07306,P15822
Q12983,P15822
P38398,P15822
P18848,P52790
P30304,P04222
P10321,P30499
P30501,P30504
P30505,P30508
P30510,Q07000
Q29865,Q29960
Q29963,Q95604
Q9TNN7,P04424,P09601
O95255,P22736
P22736,P05155
Q06278,P28749
Q13557,P50135
P25445,P07910
P07307,Q14469
Q16611,P51659
P55211,P51659
Q13490,Q13077
Q13490,Q12933
Q13489,Q12933
Q13489,P63165
Q9UQB9,O15392
P38398,P10809
Q06481,P61254
P02647,P52333
P02647,P10451
P04114,P84022
Q13557,P38484
P05067,O43399
P25445,O15273
P25445,O95243
P30304,P26951
P55064,P09544
P01730,O15357
O95255,P09958
P10398,P36507
P10398,Q15569
P00966,O60674
P60033,P52333
P18848,P17275
P23560,P17275
P38398,P14923
P30038,P05089
Q99459,P05783
P61586,P04844
Q04206,Q00796
Q9Y4F9,P61586
O15085,P61586
Q10588,P18428
P04003,P18428
P18848,P20700
Q99459,P25791
P30304,P25791
P24385,P06858
P51959,Q9NS15
P27540,Q13829
P49407,O00459
P49407,P45984
P49407,P61313
P30304,P84022
P32121,Q00987
P15289,P45877
O75081,O00339
P18848,Q00987
P04424,Q12889
P33527,P25311
P00966,P02795
P00966,P18031
P30304,Q13126
P30281,P10242
P49662,P35579
P18848,O14733
P18848,P62753
P18848,P21980
P18848,Q9Y297
P18848,O95721
P07738,P51956
P51959,Q14934
P30203,Q14494
P09564,P25963
P30304,Q15653
Q07021,O00221
P54707,P01303
P54707,P23284
Q92851,Q9UBC1
P30304,P23511
P30281,P15531
P25705,Q9UBS0
P30043,P02763
P56539,Q15365
P36542,P01009
P00736,P35558
P08183,P01730
Q06187,P00749
Q99437,P61981
Q93050,O95219
Q15904,O75469
P08571,P52435
P08571,Q96LZ3
P55212,O43741
Q14790,P41743
P27482,P31152
P30281,Q16659
P49913,P45983
P62158,P25105
Q92934,P32119
Q92934,P62258
Q92934,Q04917
Q92934,P63104
Q92934,Q14145
O15382,P41222
Q99933,P06737
P30304,P40855
P38398,P50542
P53801,P20338
P34810,Q12967
P51946,P10826
P24385,Q15276
P02746,Q04206
P00751,P15927
P42575,P62888
P30043,P62899
Q13557,P62701
Q96G01,P40763
Q13323,P24468
Q13323,O14543
P02745,O43765
P35226,O14508
P04003,Q96GM5
Q99459,Q96GM5
Q14790,P62318
Q12983,P21980
O60238,O14936
P30304,P35711
P38398,O15164
P07384,P40763
P04632,P40763
O43683,O43684
P22748,P32119
O60566,O43684
P51959,Q92754
P01024,P21980
P02745,O75928
P08571,P20333
P04632,O00463
P04003,Q14161
P13671,Q15020
P35520,Q16851
O43852,P11172
P30281,P11473
P20963,P04004
P30304,O14980
P42574,P61981
P20963,P35227
Q12774,P24864
O14503,P27482
O43852,Q9UBT7
P42574,O75159
P55212,Q9Y6K9
Q14790,Q13158
Q92851,O14730
Q92851,O60344
P30304,Q13618
P04040,Q14145
P24863,Q9H3D4
P16671,Q9H2X0
P30304,Q9BV40
P06126,O75907
O75752,Q99741
P60953,O14730
P30304,O60318
P20138,Q15034
P42081,O60344
Q13323,Q92844
O15440,P54819
Q14790,Q15084
P31751,P43490
O75309,P35575
Q13634,P15173
P24941,Q13261
Q00526,Q07869
P11802,P42773
P11802,Q99956
P11802,Q13261
P11802,P01106
P11802,P52209
P11802,P63208
P18848,O60487
P50613,P01909
P50613,P51659
P50750,Q14527
O00311,P50750
O14936,P50750
O95999,P50750
P38936,Q14397
P38936,P61978
P38936,P32754
P38936,P12004
P38936,Q07020
P38936,Q96FS4
P38936,P10599
P38936,P55055
P46527,P10914
P42771,Q8N726
P02751,P42771,Q8N726
Q00839,P42771,Q8N726
P17252,P42772,P61371
P42772,O43294
P29275,Q14586
Q93050,Q14586
P42773,P67775
P28332,Q15025
P51959,Q15025
P08758,Q9Y6N6
P00751,Q9Y6N6
Q16878,P05093
P60953,O14613
O14967,P51811
O15382,O43889
P49715,Q13972
P49715,Q13309
Q15744,Q99680
Q15744,P13232
P04114,Q13162
P11597,P22612
P56539,Q15185
P49407,Q9HC98
O75081,O95486
Q13557,Q9UPY6
P04632,Q9UBK2
P31751,Q15363
P18848,Q07065
Q92934,P27348
Q14094,P30304
P02743,Q92905
O43852,Q9BS86
P10398,Q9BTC0
P60953,Q00587
P55263,Q9BVA6
P02771,Q9Y587
Q07960,O96017
P00325,Q9Y616
Q99437,Q9Y616
P08571,Q9Y616
P08319,P42766
P04075,Q8NCL4
P30542,Q96H20
P02771,Q99623
Q92851,O43482
O15111,P61353
O15111,Q06710
Q14011,P11831
Q9UL15,Q14011
Q9NSE2,P41161
Q9NSE2,P17066
P17540,P15502
P33552,P62993
P33552,P04004
Q96CW1,P67870
Q96CW1,P63173
P53680,P13385
P10909,P05181
P10909,P45984
P10909,Q99708
P10909,O14901
P10909,P62829
P10909,O15160
P10909,Q14145
O00299,P50416
O00299,P34130
O00299,P05386
O00299,P10827
O00299,Q99676
O00299,Q9Y6K9
P49760,P08621
P54105,P62318
P09496,P41220
Q00610,Q09472
Q00610,P47897
P51681,P56545
P51681,P41161
Q15722,P61981
Q92887,P19838
P02458,Q12794
P02458,Q04206
P11766,Q8N2U9
P12110,Q02221
P28332,O75179
P28332,O76021
P28332,Q8WWW0
P28332,Q86UA6
P53618,P12956
P53618,P62993
P53618,P04440
P53618,P41134
P41279,P19838
P55263,Q9H8P0
Q02221,P52815
Q9Y6N1,P84098
Q9Y297,P00450
O95471,Q93099
P36551,P60604
P50416,P13498
P50416,P22736
P50416,P11021
P15336,P40692
Q03060,P54852
Q03060,P23497
Q03060,P63279
Q9UKL3,Q03060
P46108,P31152
P46108,P29074
P46109,Q8IXK0
P46109,P62899
P46109,P25490
Q12774,P46109
P46109,Q8ND30
P02741,P00367
P02741,P28482
P02741,Q96DF8
Q16526,P28799
Q16526,O15162
Q16526,P62318
Q16526,Q8N2S1
O00626,P02511
Q16539,P00747
Q16539,P36537
Q16539,P49137
P48729,P62879
O15169,P49674
P68400,P67870
P19784,P67870
P19784,P16403
P19784,P07237
P19784,P21980
P19784,P49770
P19784,Q15649
P67870,P67870
P67870,Q8IXK0
P67870,Q12929
P67870,P02675
P67870,P02794
P67870,Q14353
P67870,P48454
P67870,O43741
P67870,Q92743
P67870,Q15349
P67870,Q9UBS0
P67870,O60749
P67870,P42229
P67870,O75582
Q13363,Q13363
Q13363,P56545
Q13363,P22392
P56545,O14641
P56545,P12956
P56545,Q92786
P56545,Q99708
P56545,P62424
P56545,P18621
P56545,P62701
P56545,P62857
P56545,P62273
P56545,P63279
P56545,O75558
P56545,Q9UN79
Q9UKL3,P56545
Q9NQC7,Q9Y6K9
P11712,P42229
P33260,P34741
P05181,P30084
P05181,P50440
P05181,O15525
P05181,P21246
P05181,Q13287
P51589,Q15369
P51589,P24278
P08684,P32189
P20815,P41161
P05093,P08238
Q13042,P98082
P14920,Q09472
P14920,O43741
O43293,P49207
Q9UER7,P02794
Q9UER7,P69905
Q9UER7,Q13114
Q9UER7,O43791
Q10586,P35638
Q10586,Q16534
P32321,P32321
Q16531,Q02078
Q16531,P42224
P20711,Q04206
P24522,P80303
P24522,P17980
P24522,Q15262
P35638,P00734
P35638,P07359
P35638,P52292
P35638,Q9Y6K9
P35638,P98153
Q01523,Q86Y01
Q16854,P49023
Q02127,P02795
Q96GD4,Q8WYJ6
P10515,O00330
P02771,Q9H223
Q07687,P27986
O60479,O60907
P50570,P62993
Q04446,O14717
Q6P4R8,O14717
P62318,O14717
P54259,Q8IUQ4
O94776,Q99576
P01019,Q8TAX9
P51452,Q13562
O14936,P51452
Q99956,P49841
O14640,P25788
O14640,Q96FS4
Q92997,O00339
Q92997,P26678
Q14209,Q14161
Q16254,Q15154
Q13011,P29692
Q13011,P50542
Q13011,P40763
P30084,P30084
P30084,P01009
P30084,O75688
P30084,P22314
P56749,P30084
P01116,Q92633
P62993,Q8IXK0
P16333,Q8IXK0
Q8IXK0,P53350
Q8IXK0,Q8IUQ4
P68104,Q99708
P68104,P42226
P29692,Q04206
P29692,Q8IUQ4
P29692,O43255
P29692,Q13501
P98172,P01106
Q13618,P98172
Q15768,Q99572
Q15768,Q15369
Q15768,P63104
P11161,O75306
P29317,O00505
P29317,Q9UL46
P29317,P28749
Q01151,P06730
Q04637,P32189
P78344,P15927
P55010,Q92686
P55010,Q14671
Q15717,O75712
Q99607,Q01105
O14503,P06733
Q09472,P01588
Q09472,Q01844
Q09472,P10253
Q09472,Q08379
P08603,Q09472
Q09472,Q06033
Q09472,P05783
Q09472,Q15796
O95628,Q09472
Q09472,Q16822
Q09472,P00747
Q09472,O15162
Q09472,P49005
Q09472,P61353
Q09472,P49908
Q09472,P40225
Q09472,Q12933
Q09472,O60318
Q09472,Q9Y5V3
Q99814,Q01844
Q99814,P42229
Q15375,P62873
P29322,P62195
P54753,Q04446
P54753,Q6P4R8
P34913,Q14764
Q12929,P12956
P19875,Q12929
Q12929,Q16584
Q12929,Q00653
Q12929,O00287
P19447,O00505
P31751,Q9H488
Q9H221,P31751
P31751,Q687X5
P31751,Q9NST1
P31751,Q96L92
P31751,Q9H9Y6
P11474,P35637
P11474,Q13163
P41161,P28356
P41161,O15244
P22794,P51449
Q01844,Q01844
Q01844,P35637
Q01844,P18084
Q01844,Q15233
Q01844,Q13114
Q93063,O15244
Q9H2X0,P25116
P00352,Q9NUX5
P00352,O60356
P05091,P40429
P33121,P08235
P30838,Q6ZMK1
P23142,P02751
P23142,P84022
P23142,Q9UM47
P23142,O15162
P23142,Q16594
P23142,Q9NQB0
P23142,P13385
P23142,Q8N2S1
O14503,P23142
Q86TH1,P23142
Q9Y285,P13385
P35544,P62861
Q15545,Q12805,O14544
P09467,P26717
P12319,P11177
P08637,P24278
P21802,P35813
P04075,Q8N2W9
P09769,P40763
P09769,O75469
Q9Y2D1,P30281
P05062,Q99757
P18850,P07738
Q9BYV1,P05062
P02760,Q9Y4D1
Q92949,P10827
Q14315,Q15349
P51946,Q14697
P02751,P04196
P02751,P52292
P02751,Q13485
P02751,P10276
P02751,P28749
P02751,P42229
P02751,Q15466
P02751,O75582
P49354,P09529
Q9H2P0,P30260
P49354,P52630
P49354,P21980
P49354,Q14151
Q10589,P49590
Q04609,Q13126
Q04609,P23396
Q13618,P15328
P20963,Q9Y2X9
P01100,Q14353
P01100,P16278
P01100,Q9UBQ7
P36404,Q9Y2Y0
Q9Y2Y0,Q13557
P02794,P62993
P02794,P52292
P02794,P18428
P02794,P08590
P02794,P35711
P02794,P62258
Q13042,P02794
P35637,P40925
P35637,Q99436
P35637,Q92804
P35637,Q14151
Q06136,Q16659
P06241,O15273
Q13163,P12956
P10253,P15822
P10253,P52630
P10253,Q9Y6R0
P34903,P16662
O75907,P48169
Q06278,Q96PM5
Q13489,Q96PM5
P18085,Q96PM5
P04406,P04406
P41250,Q02779
P41250,P45983
P22102,P52292
P22102,P49023
O75081,Q9UKD1
P15976,Q13131
P23769,Q13485
Q92908,O00505
Q9NP61,P08571
P30304,Q9NSA1
P47871,P21980
P47871,Q9H3D4
P30793,P63104
P30793,Q14161
P50395,P23416
P14136,Q9Y6K9
P55789,Q15796
Q06210,P45983
P56159,O14543
P03971,Q9NVJ2
Q13489,Q96F07
P36382,Q9P0L2
P36382,Q9UJD0
O95377,P10916
O95377,Q15648
O95377,P35227
Q9HB71,P01732
P32189,P21695
P32189,P22736
P32189,P19793
P32189,O94829
P49407,Q14749
O00626,P48506
P48507,Q92985
P30281,Q9UBQ5
Q04760,Q9Y6K9
Q04760,O43283
P00367,P22736
P00367,P02790
P00367,P02763
P00367,P42229
P00367,Q99442
P00367,P04004
P15104,P15104
P15104,P19838
Q03113,P26951
P63096,Q02818
P63096,P46060
P04899,P06748
P08754,Q02818
P08754,P80303
P08754,P46060
P50148,P51884
P50148,P50897
O95467,P63092
P84996,Q5JWF2
Q02818,O95467,P63092
P84996,Q5JWF2
P80303,P62879,P11177
P04746,O43715
Q08379,P28749
O15228,P46089
Q9H221,P03950
Q99678,P62899
Q99680,Q14934
Q99680,Q92754
O15552,P08069
P43250,P08648
P45983,Q9HBH9
O00311,P24298
P18283,P01106
P18283,P49721
P18283,P04637
P36969,O15264
P36969,P30041
P62993,P61978
P62993,P52292
O15320,P62993
P62993,Q15165
P62993,Q07889
P62993,Q07890
P62993,P22314
P62993,P08670
P62993,O43516
Q12774,P62993
Q8N1I0,P62993
P62993,P42694
Q14449,P08069
Q13905,P62841
Q13905,Q8WUM9
P42262,Q8WUA4
P30260,Q96C86
P28799,P05783
P28799,O00459
P28799,O43741
P28799,P63000
P28799,P21980
P28799,P25490
Q13002,Q14258
O15169,P49841
P15170,P27986
P48637,P48637
P08263,P62714
P08263,Q11201
P08263,P62258
Q00403,P35914
Q00403,P52333
Q00403,O15244
P29084,P23508
P32780,Q13888
P32780,O00505
P32780,Q00765
P78347,Q99759
P78347,P53778
Q02108,P45983
Q02108,Q9Y6K9
Q14161,P08236
P02745,Q9UHD9
P25445,Q9UMX0
P02745,Q9UMX0
P54840,P19438
O15488,P54840
P49863,P49917
P40939,P22736
P55084,P51687
Q16836,P42224
P69892,P08865
P08631,P09544
P51858,P05412
P08603,P84022
P08603,P11473
P08603,Q05516
Q93099,Q9UN70
Q14161,Q93099
P02647,Q9P1U0
P07738,Q9NZN4
Q13042,P49773
P15822,P32754
P31689,P15822
P15822,P0DMV8
P15822,P84022
P15822,Q02575
P15822,Q92982
P15822,Q02818
P15822,P10644
P15822,P45983
P15822,O00560
P15822,P40763
O14503,P15822
P15822,O95219
P15822,Q13615
P15822,O14543
P15822,Q9Y5V3
P52790,O75030
P52790,P62714
P01891,P01892
P04439,P05534
P10314,P10316
P13746,P16188
P16189,P16190
P18462,P30443
P30447,P30450
P30453,P30455
P30456,P30457
P30459,P30512
Q09160,P40763
P01889,P03989
P10319,P18463
P18464,P18465
P30460,P30461
P30462,P30464
P30466,P30475
P30479,P30480
P30481,P30483
P30484,P30485
P30486,P30487
P30488,P30490
P30491,P30492
P30493,P30495
P30498,P30685
Q04826,Q29718
Q29836,Q29940
Q31610,Q31612
Q95365,P42224
P04222,P10321
P30499,P30501
P30504,P30505
P30508,P30510
Q07000,Q29865
Q29960,Q29963
Q95604,Q9TNN7
P67809,P28068,Q00987
P28068,P28347
Q13618,P28068
P01909,Q9Y6K9
P79483,O43283
O95671,P13762
P48449,P22736
P22736,P84022
P19838,P22736
P22736,P35813
P22736,P28749
P22736,P40763
Q12774,P22736
O95342,P22736
Q86WJ1,P22736
P22736,P30041
P55318,Q07869
P09651,Q15466
P07910,P52292
P07910,Q96GM5
Q9Y297,P07910
P52597,P21980
P61978,P84022
Q9Y297,P61978
P49639,P27986
P31268,P17275
P31268,P06748
P31268,P50542
P17482,P17542
Q9NYD6,P61981
P00738,P84022
P00738,P62913
P00738,O60907
P00738,P21980
P00738,Q9H3D4
P00738,O00401
P00738,Q14764
P32754,Q9Y6K9
P02790,Q9H3D4
P01112,P05783
P04196,O15162
P04196,P19438
Q9H2X0,P04196
P55345,P49720
Q14469,P36941
P51659,P45983
O43529,Q00613
Q13042,P31689
P0DMV8,P21980
P0DMV9,P21980
Q13489,Q9UNH6
P11021,Q02363
P11021,P02533
P11142,O43765
Q14527,P11142
P11142,P21980
P38646,O14980
P04792,P18428
P04792,P35813
P04792,Q96GM5
P08238,O43765
P61604,Q13188
P41217,O60921
P04114,Q8N6T3
P41134,P15884
Q02363,Q02363
Q02363,P45983
Q02363,Q13630
P48735,P06737
P50213,Q9NR56
P50213,P20338
P02656,Q8N6T3
P38484,P61513
P78318,P67775
P78318,Q99584
P08069,P62913
P02649,Q8N6T3
Q16270,Q99708
P01834,Q96GM5
Q6P2C8,Q06330
O14920,Q92754
Q9NPH3,P52294
Q9NPH3,P32245
Q9NPH3,P41743
P25445,Q9H3N1
P31785,Q13043
P26951,Q15466
P78560,Q01113
P42701,P62318
P40933,P51692
P40933,Q13114
Q13261,P35243
O14936,Q13261
O95999,Q13261
O14936,Q14116
Q92743,P20839
P06213,Q92985
P06213,P28347
P60228,P06748
O43187,Q9Y4K3
P10914,P47897
Q14653,P40855
Q14653,O43765
Q13568,O43765
P61371,P84022
P61371,Q04206
O95255,Q9Y2S2
P05556,P11177
P10398,Q9H4A3
Q14624,Q9H3D4
O60674,Q9Y4K3
P05412,P52292
P05412,P53779
P17275,Q99519
P17275,Q16659
P17275,P21673
P17275,Q01105
P17275,Q13569
P14923,Q14934
Q13155,Q15046
Q9BVG8,O95721
P43629,P23443
P15407,P52294
O75815,P52294
P78560,P52294
P52292,P05787
P52292,P05783
P52292,P55268
P52292,P01106
P52292,O15211
P52292,P49792
P52292,Q04206
P52292,Q13077
Q9NSB8,P52292
Q9UHY8,P52292
P52292,Q15020
P52292,Q14764
O00505,P15172
O00505,Q16236
O00410,O00401
P01116,O00459
P01116,O15211
P01116,Q12967
P05783,P05787
Q9Y6K9,P05787
P05783,Q96GM5
Q9Y6K9,P05783
P05783,Q5VU43
Q14161,P05783
P55268,O00459
P55268,P28749
P55268,P40763
P11047,O60749
P07225,P08865
P08865,P22732
P18428,P84022
P18428,P25788
O43439,P18428
P18428,O15047
Q13094,P67809
P00338,P00338
P00338,P07195
P01130,P27816
P02545,P20700
Q14161,P20700
Q02252,P25791
P52272,P25791
P25791,Q04206
O15169,P25791
Q86U70,P25791
O15066,P25791
Q8WWI1,Q00987
Q9NS15,O00459
Q9NS15,P63000
P27540,O75496
P27540,Q9NWZ3
P27540,O95777
P27540,Q96SI9
P27540,Q9NR28
P27540,Q9BTC8
Q9Y6D9,Q13257
Q15796,P84022
Q15796,Q13485
P84022,Q13485
Q99836,P84022
Q16822,P84022
Q13526,P84022
P00747,P84022
Q92786,P84022
P35243,P84022
Q04206,P84022
P27694,P84022
P84022,P02787
P84022,O00206
P84022,Q93009
Q9H2X0,P84022
O15519,P84022
P84022,Q13501
Q14161,P84022
Q13485,Q13485
P01009,Q13485
P00747,Q13485
Q04206,Q13485
Q13485,O15370
Q13485,P63279
Q15466,Q13485
O75925,Q13485
O15525,Q16236
O15525,P63162
P20794,P17568
P20794,P62714
P21145,Q99836
P21145,Q93009
P27338,P25208
P27338,Q96SB4
O14936,P56192
P61244,P01106
Q9NR56,Q15649
P49736,Q99571
Q00987,O15151
Q00987,Q99836
Q00987,E9PAV3
Q13765,Q00987,Q04206
Q00987,P62913
Q00987,P61254
Q00987,P62081
Q00987,P62979
Q00987,Q99643
Q00987,P04637
Q00987,P19544
Q00987,O94875
Q00987,Q15047
Q02078,Q9Y6M9
P14209,O43765
Q13510,Q8IU85
Q07325,Q06710
P40692,P10599
Q16584,Q13526
P55198,P60604
O14936,P55198
P08235,P19793
P50281,P55042
Q9NZB8,Q13526
P15311,Q13368
P25189,P49720
P33527,P06748
P33527,Q13114
Q8N339,Q01201
Q13126,Q01201
P61073,P10244
P01106,Q02818
P01106,Q06830
P01106,P00749
P01106,P17980
P01106,P63208
Q99836,Q99836
Q99836,Q06830
Q99836,P17858
Q99836,Q8IUQ4
Q99836,O43255
Q99836,P10599
Q99836,Q93009
Q99836,O43791
Q13158,Q99836
Q99836,O15160
P35579,P67775
Q9ULV0,O15160
P15172,P62487
P15172,Q9UL46
P52272,P40763
Q9ULW6,P63098
P13591,Q15382
Q96BI3,P18848
P18848,Q96D71
Q16540,O14561
O95178,P08237
O95169,P43403
O43181,P60604
O95832,Q9Y295
Q14934,O75469
Q16621,P10599
Q14145,Q14494
O60675,Q16236
Q14145,Q16236
P19838,P19838
P19838,Q00653
P19838,P25963
P19838,P29590
P19838,Q04206
P19838,Q01201
P19838,P25490
P35606,P19838
P25963,P19387
P25963,Q04206
P25963,Q9NRC1
Q15653,Q04206
Q14161,Q15653
O00221,Q04206
P25208,Q13952
Q13952,O60749
Q02575,Q9UL46
P15531,P22392
P15531,Q96GM5
P15531,O15160
P22392,O00746
P22392,P20339
Q14161,P22392
O00746,O14543
Q15233,Q15233
Q15233,P23246
P01303,P55055
Q99743,Q02878
P06748,P43686
P06748,Q04206
P06748,P07919
P01111,O15211
Q9Y4K3,P67809
Q16620,P62487
Q02818,P28749
Q02818,Q01105
Q02818,O14980
P80303,Q96GM5
P80303,O14980
P00973,P62888
P11926,P43307
P02763,Q9H3D4
P19652,Q13188
P19652,P30041
O14936,Q99572
Q06830,Q96GM5
Q9Y297,Q06830
P00439,P62847
P63167,Q13153
Q13177,O14730
P23560,Q9Y624
P20823,P61457
P39687,Q15365
O14936,Q15366
P30304,Q9Y2S0
O14936,Q15154
Q92851,A8MW92
P62324,Q9P0P0
Q9UJX4,O14867
P00915,P56937
P16234,P37173
P23560,Q9BT40
P12955,P10451
Q9Y4F9,O15534
Q13608,P46776
Q13608,P62263
P17858,P08237
P17858,Q15569
P21439,Q15569
P34741,P01009
Q16627,P27986
Q13526,Q9C010
Q13526,O00267
P04054,O14508
P08697,P43307
O75665,P53350
Q93050,Q96EE3
O15162,P29590
O15162,P28749
Q15466,O15162
Q14764,O15162
P29590,P25788
P29590,Q99961
P29590,P63279
Q9UKL3,P29590
P04003,Q9H0Q3
P49005,O15370
O15514,P62875
P62487,P63316
P62487,O75569
O60318,P62487
P36954,Q9BTW9
O15160,P52435
P06126,Q9NXV2
P16435,P42224
O60566,Q9H0A8
P35813,P05388
P22748,Q9NWS0
P36873,Q13625
P55211,Q9BUK6
P62714,P04049
Q92934,Q658P3
P48454,P34741
P42785,P11473
P38398,Q8WZA1
Q13131,O43741
Q9Y478,P54619
P06729,Q9NX58
O43741,O43741
O43741,P54619
P22694,P46776
P22694,P62753
Q14210,Q9C010
P17252,P28070
Q9Y6K9,P41743
P14314,P62753
P14314,P11473
P28482,Q14558
P28482,P51812
Q16659,Q8WUM9
Q13164,O75469
Q13164,Q9NP31
P45983,P04049
P45983,P05387
P45983,P23443
Q15759,Q16644
P53779,Q04206
P36507,P04049
P36507,O43670
Q9Y4F9,P36507
Q13163,P46779
O14733,P62888
O60711,O14733
P30260,Q9NS71
Q14161,Q92786
P25311,Q9BZD4
P25786,P25787
P25786,P25788
P28288,P25786
Q86U70,P25786
Q9NSC5,P25787
P25788,O14818
P25788,Q9NQB0
Q9Y297,P25788
Q96GD4,P25788
Q9Y6R0,P25788
O14818,P55072
O14818,Q92530
P43686,O75832
O60238,Q8IU85
Q8IU85,P30304
Q86U70,O75832
Q92934,Q68CJ9
P30304,Q96KG9
Q9UBQ7,P49190
P21246,O43765
P21246,Q15714
P51959,Q9H4M7
P40855,Q96SB4
P40855,Q13188
P28288,Q9NNX1
P61224,O15211
P61020,Q00765
P63000,P04275
Q8N2S1,P63000
Q06609,O60701
P04049,Q99708
P04049,P25490
O15519,P04049
Q12967,P61224
P62826,P49792
Q13616,P49792
P13501,P46060
P46060,P63279
P61224,P41220
P10276,P19793
P10276,P28702
P10276,P48443
O75376,P10276
P52815,P13631
P13631,Q9NYA1
Q9Y217,P13631
Q13972,P08621
P45985,Q99708
Q9Y6K9,Q99708
P28749,P62318
Q9Y6K9,P09455
Q14257,O14980
P35243,P37173
Q14161,P35243
P24385,Q9H9Y6
Q9NRG9,Q04864
O95715,Q04864
Q04206,P07998
Q04206,P21673
P13501,Q04206
Q04206,P08621
Q04206,O15273
Q04206,O14544
Q04206,Q15650
Q04206,P62829
Q14145,Q04206
Q01201,P47985
P41223,Q01201
Q13467,P41220
O15492,Q9Y5Y6
P02746,Q9HAV5
P27694,P08670
P27694,O75582
P39023,O00186
P49757,P39023
Q02878,Q9UBV2
P62424,O14543
P62913,P40763
O14786,P61353
P62888,P62280
P61927,P15923
P61927,Q13501
O43684,P61513
P15880,P35711
P46781,P40763
P62847,O94768
P42677,P12757
Q9Y227,P42677
P62273,Q96GM5
P62273,P11172
P19793,P42224
P19793,P11473
Q15466,P19793
P28702,P11473
P28702,O43791
P32119,P21673
P13501,P22732
P13501,Q15654
Q9H6U8,Q93088
P78556,P10600
O00626,Q15034
P34741,P34741
P31431,P10600
P48061,Q15038
P56749,P55735
P30281,Q9H173
O43765,P10451
O43765,P19438
O75925,O43765
Q9NR12,P78314
Q9HBZ2,Q99962
O75618,P34896
Q13554,Q9H7B4
Q8IUQ4,Q8IUQ4
Q8IUQ4,P40763
Q8IUQ4,Q14186
Q8IUQ4,Q13625
Q8IUQ4,P10599
P49757,Q8IUQ4
Q9Y6R0,Q8IUQ4
O43255,P40763
O43255,P63279
P02745,Q96EK6
Q15475,P04004
P12757,P98182
O76039,Q15477
O95999,Q8WUM9
O15244,P61956
O43820,O15244
Q14527,O00338
Q96GM5,P61981
P23497,P61956
P61956,Q99594
Q14994,P62318
Q14145,P63162
O60749,O95125
P04179,P04179
P35711,Q99614
P35711,P47985
Q6P2C8,P35711
O15370,P19623
Q01892,P05455
P30626,P40763
Q13564,Q12772
P28290,P63104
P40763,P40763
P40763,Q06520
O43283,P40763
P42229,P42229
P42229,P06133
P42694,P42229
Q13188,Q06520
Q99829,Q13188
O95219,O00267
Q9UNE2,O75764
Q15369,P56706
Q13618,Q15369
Q9NQB0,P63279
P63172,Q13748
P63172,P10599
P32119,O14607
P32119,P63104
Q15569,P25490
P02787,Q9UNS1
O75469,Q92754
O14543,Q9UP52
P21980,P21980
Q9Y6R0,P40225
O43684,P10827
O15160,Q13829
P21580,P62258
P21580,P63104
Q9Y6K9,P21580
Q14161,P21580
P19438,P19438
P63316,P19237
P04637,P04637
O14508,P55327
Q13077,Q9Y4K3
Q14161,Q13077
Q9Y6R0,O00463
Q9Y4K3,Q9Y4K3
Q86VP1,Q9Y4K3
Q9Y6R0,Q9Y4K3
Q15631,Q15631
Q14161,Q15631
O95674,Q99816
Q01081,P15692
O43684,P22314
P60604,Q9BV40
O94887,P60604
P63279,P63279
O75928,P63279
O14544,P63279
O75928,P63165
Q9NZI7,Q99676
Q16851,Q16851
P11172,Q86WZ6
P55055,P25490
P55072,P63104
P15311,P15311
O15160,P08670
P78560,P04004
Q13618,P56706
O14936,P56706
Q13042,P13010
Q92504,P25490
P62258,P61981
P62258,P63104
P62491,P61981
O14901,P63104
O94875,P63104
O75925,P63104
Q15466,P43403
Q8IYT8,P17041
Q9UBT7,P35227
O75173,Q05516
Q15276,Q12899
O60711,Q9Y473
O43684,O43670
Q9Y5L3,Q6NT76
Q13155,Q96AE4
P06126,Q9HAC8
Q02833,O95721
P51946,Q9BZR9
O15169,Q9UBF9
O00311,Q9UBQ7
Q16589,Q9BQI9
Q13618,O43791
O75925,O43791
Q13158,O43791
Q14161,O43791
Q9H2X0,Q15466
Q13618,Q9NR20
P01730,Q96S82
Q9Y6K9,Q9Y6K9
Q9Y6K9,O75558
Q9Y6K9,Q86VP1
Q14161,Q9Y6K9
O14503,Q9Y6R0
O14964,Q9BUB5
O14936,O95395
O95342,Q14210
Q9Y6R0,Q13546
O43684,Q99829
O95999,O14745
O94868,O00401
P51959,Q8TBC3
O00189,O15209
O94776,Q15386
Q9Y5V3,Q9Y6R0
P30041,P30041
Q14161,Q14151
Q9UKI8,Q15386
Q14161,Q8N2Y8
Q14161,Q14764
Q14764,Q14764
P19022,O00471
P53618,Q92844
P23142,Q92844
P04222,P10321
P30499,P30501
P30504,P30505
P30508,P30510
Q07000,Q29865
Q29960,Q29963
Q95604,Q9TNN7
Q92844,P52292,Q92844
P11047,Q92844
P84022,Q92844
P53350,Q92844
P31431,Q92844
Q92844,Q13077
Q92844,Q12933
Q13155,Q92844
Q9Y6K9,Q92844
P62993,Q8WUM4
Q8WUM4,Q99961
Q14145,Q8WUM4
O43521,Q08830
O43521,O14730
Q96GD4,O43521
O75348,O43521
Q92837,P28799
Q92837,P05783
Q92837,O15162
Q92837,P25788
Q92837,Q8N2S1
Q92837,O95279
P42677,O60784
Q9ULB5,Q9NSA1
P26951,Q9UBE0
Q05397,Q9UBE0
Q9UG63,P40939
Q14061,P55084
O95395,O95149
Q9Y5P4,P21980
P61160,Q9UKW6
P01100,O60636
P49917,P43897
Q15653,O60635
P26951,Q9HBY8
O95235,O95218
O96015,P47872
P06753,Q12931
P51572,P08697
P51572,O43240
Q86Y01,Q13283
P29322,Q13283
P24941,Q15555
P24941,Q9Y5J5
Q9BX70,P24941
Q9H3J6,P24941
P78332,Q15545
Q8IUQ4,Q07912
P11802,Q99828
P11802,Q15555
Q13268,Q15560
Q5EB52,O60487
P61956,Q5W0Q7
Q13618,Q13516
P61244,O60664
Q14206,Q15369
P59780,Q16254
Q92665,P40763
Q13137,P15927
Q13137,Q96GM5
Q13137,Q9Y4K3
Q13137,Q9Y6K9
Q13137,Q14161
Q13137,Q8TDY2
P15104,Q7Z6M1
P15822,P52758
P32754,P52758
P52758,Q00987
P52758,P05154
O43791,Q8IYB3
P04196,O43609
P52292,O43609
O43609,P40763
O43609,P25490
P50750,Q96G75
P38936,Q15025
P38936,P42766
Q01844,Q15427
P62993,Q15427
P38936,Q6PKC3
P38936,Q8NFZ5
P38936,Q8NFF5
P38936,Q969F2
O75030,Q9UNE7
O75934,Q09472
O60739,P40855
P42771,Q8N726
O75398,P42771,Q8N726
Q8NHU6,O14874,Q12929
O14874,P40763
P42771,Q8N726
Q6UXH1,Q15375,Q14586
P42773,Q9Y6Y9
O00180,Q13488
Q13488,P54274
P42773,Q9HD26
Q12805,Q15025
P35637,Q15025
P32780,Q15025
P19838,Q15025
Q13526,Q15025
P28482,Q15025
P53779,Q15025
P61956,Q15025
P21580,Q15025
Q9Y6K9,Q15025
Q14161,Q15025
P02741,Q9Y6N6
P19784,Q9Y6N6
P05181,Q9Y6N6
P00738,Q9Y6N6
Q9Y6N6,Q99538
Q9Y6N6,P02787
Q9Y6N6,P55055
Q13422,Q13569
P46089,Q9Y2B1
P51692,Q92734
Q9UBF9,Q92734
O14936,Q8IYM9
Q00978,O00160
Q00978,Q99584
P56180,Q13509
P18505,Q9Y239
Q01850,Q96IJ6
Q03060,Q9Y6X2
Q9Y6X2,P40763
Q9Y6X2,P63279
O95376,Q15382
O00165,P48454
O00165,P53779
O00165,P27694
O00165,P51692
O00165,P62877
Q9UQB8,O00401
O60909,O15212
O14967,Q9NZC3
P0DMV8,O00635
P11474,Q9UBU9
Q9UBU9,Q06609
Q9UBU9,P62995
Q9UBU9,O43765
P23416,Q15436
O43889,Q14534
Q86X55,Q09472
Q96GD4,Q99828
Q8IWX8,Q01844
Q99832,Q15744
Q15744,Q9Y617
O60232,P40763
Q15744,Q9HAV5
Q13561,P24522
Q13561,P52292
Q92688,P41235
Q92688,P52294
Q92688,Q96GM5
Q99572,O15321
Q13428,O15321
O00299,Q13162
Q02318,Q13162
Q03591,Q13162
P22736,Q13162
P18428,Q13162
Q06830,Q13162
P00747,Q13162
Q13162,Q06520
P32119,Q13162
Q13162,P04004
O15120,P49915
O15120,Q9UGH3
P04196,Q9UI14
Q13257,Q9UI14
P08235,Q9UI14
P53350,Q9UI14
P20339,Q9UI14
P61020,Q9UI14
Q9UI14,P60866
Q9UI14,O00141
P12004,O15304
P36578,Q9BX66
P09131,Q9BX66
P22234,P54619
P22234,Q96GM5
P11712,O95630
P08648,O95630
Q9HD42,O95630
Q9UQ90,O95630
Q9H1D9,P60604
Q9Y6Y0,Q02878
P15173,Q9Y6J9
P63096,O43566
P08754,O43566
P19838,O43566
O43566,O14980
O00471,Q05084
O00471,P56693
P35637,O75525
P46109,Q07666
Q12805,Q07666
P62993,Q07666
P61978,Q07666
Q07666,P05408
Q07666,P28290
Q07666,O60907
Q07666,Q92569
O00399,P08865
Q14209,O14775
O14775,P55036
O14775,P27694
Q15125,O75030
P41208,Q96LA8
P07900,Q15185
P08238,Q15185
Q15185,Q15526
P15173,Q96TA2
Q13163,Q9Y2U5
O43896,P62258
O43896,P63104
Q9Y450,P60604
O14936,Q9NYY3
P84022,Q15326
P49674,Q96C92
Q09472,Q86UR1
Q08708,Q5EB52
Q08708,Q9H944
O76095,Q15369
P22736,Q9Y2Z0
O43684,Q9Y2Z0
O95257,P00738
O95257,O00141
P30048,P19438
P83916,P04004
P62841,Q13530
Q08050,Q13438
Q13438,P62316
Q13438,P62877
Q12907,P45984
Q12907,O00267
P41279,P31948
P25791,P31948
P49789,Q12829
Q07065,P17568
Q07065,Q99598
Q07065,Q14764
P98172,P27348
P23142,P27348
P19838,P27348
P28290,P27348
P62258,P27348
Q02127,P49755
Q7L5N1,Q9H3D4
Q14094,Q9NPH3
Q14094,P05783
Q92905,P19838
Q92905,P32119
Q92905,Q99489
Q09472,Q16891
P15822,Q16891
Q16891,P52292
P12110,Q99624
P05114,Q99624
Q12929,Q6P1M0
P51681,Q13007
Q13007,P13631
Q9Y2R4,P50747
Q9Y2R4,Q01453
O00189,Q9Y2R4
Q9UBL3,Q9H0M0
P08754,O94993
P55259,O94993
Q9BVG8,O94993
P15531,O94993
Q93034,O94993
P63316,O00762
P32780,Q9H2D6
Q9Y6K9,Q9H2D6
O15160,Q9H2D6
Q9UDY4,P17066
Q9UDY4,P84022
Q9UDY4,Q00987
Q9UDY4,O60907
Q09472,Q9BUJ2
Q01844,Q9BUJ2
Q9BUJ2,P21980
Q14161,Q9BUJ2
P06730,Q9UKN5
O14757,Q9H3S5
Q9Y5Q3,O95229
Q9UMQ6,P12956
Q9UMQ6,P10644
Q9UMQ6,P13051
Q9HC96,P98172
Q9HC96,Q00597
Q9HC96,O14818
P82251,P21980
P31146,Q13643
P31146,P25791
P31146,P84022
P31146,P61326
P31146,Q96GM5
P31146,P40763
P31146,O15160
P31146,Q14161
Q9Y587,P78347
Q9Y587,Q99594
P61927,Q9Y5W5
O96017,P22736
O96017,P62875
O60259,P41220
P53618,Q9Y616
Q16610,Q9Y616
P15328,Q9Y616
P09629,Q9Y616
Q9Y616,Q15233
Q9Y616,Q16288
Q9Y616,Q86U70
Q9Y6W6,Q14192
Q9Y6W6,P02751
Q9Y6W6,P62280
Q9Y6W6,O60749
Q8NCL4,Q16594
Q8NCL4,Q9Y289
P63279,Q9UKY1
Q8WWM7,P40939
P49863,Q96T60
Q15119,Q9Y279
P84077,Q96A25
Q99623,Q99594
P45984,O75896
O43684,O60645
P28067,P26368
Q01081,P26368
Q92949,O43482
O43482,P40855
O43482,P13631
Q92949,Q6IBS0
Q13418,Q6IBS0
P60520,O43765
Q15233,Q8N3V7
P05067,P58753
P17540,Q9BVK6
Q9BV23,P17540
Q6Q788,P25445
P51946,Q9Y2D8
P60953,Q9Y2D8
P10909,Q9Y3Q8
O00299,P37198
O00299,Q9NR11
P49761,Q9NQ25
P51813,Q8N5I9
Q92887,Q9UMX0
Q92887,O14977
Q92887,Q8NEM0
Q92887,Q9BYB0
Q99459,Q96A84
P53618,Q99853
P53618,Q9UHV2
P53618,Q9Y5A7
P53618,Q9P253
P53618,Q9BRK4
Q96HD9,P41279
Q02221,Q9NUX5
Q02221,Q969T3
P09669,Q96PM5
Q96IY4,Q9UJW2
Q9NY61,O75976
P50416,Q9NQX5
P50416,Q8WVZ9
P46109,Q9Y2S0
P46109,Q9BTA9
P46109,Q9BYB0
P02741,P40429
Q9H672,P18848
Q9UPV0,Q16539
Q16539,Q9H869
Q16539,Q5T3F8
O43683,Q96NR8
P49674,Q9BQ89
P19784,Q14166
P19784,Q96C86
P19784,Q9P2Y4
P19784,Q9UNH7
P19784,Q9BS34
O15084,P67870
P67870,P67812
P67870,Q9NUX5
P67870,Q9UIL8
P67870,Q9P1Y6
P67870,Q9BYB0
P67870,Q6PJ21
Q13363,Q9BXL5
Q13363,Q96EK4
P56545,O75807
P56545,Q9NRF8
Q6ZRI6,P56545
P32929,Q9H190
P00167,P22310
P00167,Q8TAV3
P13498,Q96PM5
P03971,Q96NC0
Q8WWZ7,P05181
P05181,P40429
Q9BYV1,P05181
Q96SQ7,P20815
Q9HBU1,P05093
P05093,Q86UA6
P05093,Q6NT04
Q9UIJ7,O43293
Q96KE9,Q9UER7
P27707,O14948
P18850,P20711
P24522,Q9Y371
Q9H1I8,P24522
P35638,Q9Y2S0
P39656,Q9UKK6
Q13557,Q6P995
Q92499,Q9Y5B8
P10515,O94806
Q92988,P62310
Q09013,P57678
Q9UPU7,O14717
O94907,P27487
Q16555,Q9UJU2
P23919,P56937
P28562,Q9P1U0
O14641,Q9BZM1
O43633,Q16254
Q16254,Q9Y2S0
Q9NY61,Q15768
P11161,Q8NDT2
P11161,Q9ULI2
P11161,Q9H910
P29317,Q9UK45
P29317,Q9BW91
P29317,Q8WUU5
P26378,A8MW92
Q9UKW6,Q9BQI9
P19419,O95772
P15502,Q9H213
P05062,Q8N307
Q13557,Q86W54
Q9Y2D1,Q09472
Q9NUI1,Q09472
Q09472,Q9UKA1
Q09472,Q9UHV2
Q09472,Q9UMX0
Q09472,Q9NXV2
Q6NUN0,Q09472
Q09472,Q9BUK6
Q09472,Q9NRY7
Q09472,Q9P253
Q09472,Q9H4B6
Q09472,Q9GZM7
Q09472,Q8NFZ5
Q09472,Q6PJI9
Q09472,Q86YV9
Q09472,Q5D1E8
P40429,P27105
P29320,Q96H35
Q15375,Q9H492
Q6PI48,P29322
Q12929,Q15393
Q12929,Q8IYH5
Q9UI47,Q12929
Q12929,Q9UBP9
Q9P0K1,Q12929
Q9NVT9,Q12929
Q12929,Q0VDG4
P11474,Q8N2W9
P41161,Q6UXD5
Q9Y394,P41161
P22794,Q9Y508
Q01844,Q9H869
Q01844,Q8NDC0
P08709,Q96PM5
P00451,Q9UJY5
P00451,Q9UMX0
O60488,Q9UL01
Q6P2E9,P23142
Q6UY14,P23142
Q9Y285,Q5T7V8
P49327,Q9ULL5
P21781,Q9UMX0
Q9NRF8,P11362
Q96C86,P78333
Q14192,Q9UBI6
O15234,P62993
P09651,O14948
Q12967,P62070
P62070,Q12933
O14807,Q15369
Q9Y2D1,Q14161
Q9UHX1,Q8IUQ4
P17252,Q9NTJ5
Q9NPY3,Q99836
Q92845,P40855
P18850,P40261
P18850,P19438
Q12774,Q99611
O14936,O00472
P55209,Q9ULW0
Q9Y2K7,P60604
O96024,Q9Y4D1
Q92949,Q9UJA5
Q92949,Q9HBL8
Q92949,Q8NCC5
Q8N9N5,Q08050
Q9UKJ3,Q9Y6R0
Q6P0Q8,P61956
P35575,Q9Y5W8
Q14994,Q9Y5W8
Q9Y6K9,Q6WCQ1
Q9NYD6,Q92621
O00459,Q9NY15
P84022,Q8WYQ9
Q7L576,P62873
Q7L576,P47872
Q7L576,Q15029
Q14697,P45983
Q14697,P62834
Q14254,Q9HAN9
Q9NVF7,P32189
O15084,P21980
P61244,Q8IWI9
O95377,Q9C040
P02751,Q9HAT8
P49354,P40429
Q9UPY3,O43741
Q9UBI1,O00463
P40763,Q8WW38
Q15155,P42224
Q9Y2D2,Q9H3D4
P78560,Q9Y2D2
Q8WWZ7,P22736
O75600,Q00987
O75600,P28347
P45973,P23508
P45973,Q15369
Q14161,Q15274
P15328,Q6IBW4
P52292,Q14149
P40429,P62888
P40429,P04004
Q05516,Q9Y2X9
Q14764,Q13423
Q9Y2Y0,Q13368
Q9ULV4,P25791
Q9Y5K6,P62993
Q15477,Q96PF2
Q9ULV8,Q15070
P20338,Q9Y3P9
P13501,Q6P2E9
Q6P2E9,Q14161
P53365,P63000
P53365,Q13596
P53365,P40763
P53365,Q14210
P53365,O14508
P49841,Q96BR1
Q00987,Q9UHJ6
Q9ULX9,O14753
Q12774,Q14318
P56746,P55040
P02794,Q8N2W9
P35637,P38159
P35637,Q9H7E2
P35637,Q969F2
P35575,Q96IY1
Q06546,Q96BK5
P34903,Q9H190
P18505,Q9HD90
Q8IV61,O00338
Q9Y3I1,P53992
Q9Y4Z0,O15244
P05783,Q99757
Q99757,P08670
Q7Z7G0,P17174
Q7Z7G0,Q9NR56
Q7Z7G0,Q13467
P04196,Q96PM5
P20585,Q96PM5
P02795,Q96PM5
Q96PM5,P05154
Q96PM5,P01009
Q92871,Q96PM5
Q96PM5,P05386
Q96PM5,P04844
Q96PM5,P04637
P62491,Q96PM5
P28799,Q9NUX5
P05783,Q9NUX5
Q00987,Q9NUX5
P55209,Q9NUX5
Q9NUX5,P17041
Q14764,Q9NUX5
P62873,Q9H8H0
Q9Y696,P08238
Q9Y696,Q04864
Q9UFN0,Q9H3D4
Q9H8Y8,Q9NS15
Q9H2G9,Q9H8Y8
O75179,Q00987
O14543,Q9UGI8
O94766,O75396
Q9UKT4,P06753
Q9BSI4,P32241
Q9NSA1,Q13164
Q9BVP2,P40763
P55317,Q6UXD5
Q6UXD5,P04183
Q6UXD5,P13051
Q15646,Q6UXD5
Q15761,O60356
O60356,Q01105
Q8NE01,Q04206
Q8NE01,P60604
O14901,Q9Y5L4
P55084,Q9Y5J9
Q9NY61,P84022
Q99708,Q9UGC6
Q15276,Q9UGC6
P32189,O14841
P47897,Q9Y3C5
Q96F07,Q13485
Q96F07,P00747
P20794,Q7KZF4
Q9UN19,P0DMV8
Q9UN19,P62829
Q9UN19,O94868
Q9H334,P26951
Q9P2W7,P28067
Q9P2W7,Q99961
Q96KA5,P32189
O60749,Q9Y5X3
Q9UI32,Q9UBQ7
Q14749,P08865
O43633,P10600
P08263,P62310
O60674,P38159
Q16236,P38159
P38159,P42229
P38159,O14543
Q9NRW3,Q13114
Q9GZR7,P23416
Q9NYL5,P15104
P63096,Q9NPQ8
P63096,Q9BT49
Q08379,Q96MU7
P55259,Q96PN8
P46089,O00488
Q99678,Q9P1U0
Q99678,P57087
Q9NYR9,P26367
Q9NYS0,O43543
Q6BCY4,O15552
Q9ULH1,P62993
P62993,Q9NP71
P62993,Q9Y2W2
Q9UJM3,P62993
P62993,P49750
P62993,Q8IZ21
P62993,Q9BYB0
P62993,Q969F2
Q9NS73,Q13905
Q9P1Z2,Q13002
Q9H2X6,Q9BUB5
Q9UIH9,O43680
Q13188,Q8IWR0
Q9BYW2,P84022
Q9BYW2,O43255
P04150,Q9Y2S0
P45983,Q9NP77
P45984,Q9NP77
P07225,Q9UHD2
O75558,Q9UHD2
Q9H6J7,P00390
P08263,Q86UA6
P09211,Q9H7N4
Q96QD5,Q00403
P32780,Q8N6Y0
P25791,Q6IBW4
Q8NDT2,P63316
P18428,Q13595
Q9Y5B8,Q9NNX1
Q9Y5B8,O75665
O95819,Q9Y5B8
P15822,Q9UHV2
P04792,Q9UHV2
Q9UHV2,P84022
Q9UHV2,P51692
Q9UHV2,P21980
Q9UHV2,O00206
P62877,Q9UHV2
Q9Y617,O75832
Q9P1T7,O75582
P01303,Q9UMX0
P21246,Q9UMX0
P48723,Q9UMX0
P19438,Q9UMX0
P20333,Q9UMX0
Q14161,Q9UMX0
Q14623,O00212
Q9NZM5,Q00987
P25791,O43711
Q13547,Q9BZD6
P08603,Q96MU7
P03956,P57073
P40933,Q9P1U0
Q9H223,Q13972
Q9NZN4,P37802
Q9NZN4,Q9NRD5
Q9HBZ2,O14907
Q03014,Q9UJA5
Q9BZD6,P61086
Q96BI3,P15822
P15822,Q96HP8
Q8TAX9,P15822
P04222,P10321
P30499,P30501
P30504,P30505
P30508,P30510
Q07000,Q29865
Q29960,Q29963
Q95604,Q9TNN7
Q9BZD6,Q53HL2,P79483
P50747,Q96L92
Q9NR28,P22736
Q9H221,P22736
P61978,Q9HAT8
Q9NRW4,P49639
Q9HBU1,P28356
Q5T7V8,P28356
Q96BI3,Q14469
Q5VSY0,P28845
Q9HCS2,P17066
P38646,O95777
Q7L3B6,P08238
Q9BXN2,P10809
Q9H2F3,P05362
P48551,Q86XI6
Q8TAX9,P18065
Q9HD26,P01860
P26951,Q8TBB1
P78552,Q9GZU3
Q13261,Q8N2W9
O75496,P20839
P48200,Q70EK8
Q9Y680,P14316
P56537,Q9HCK0
P05412,Q8WUY8
Q9HD26,P52294
P52292,O15156
Q9P2G1,P52292
Q9BX70,P52292
Q9BR76,P52292
P52292,Q5D1E8
Q96JB5,P52292
P52292,Q9Y3Q8
P52292,Q96NA2
Q68CJ9,P52292
Q9NSK0,P52292
Q8IY31,P52292
Q9H0S4,P01116
Q9GZT9,P01116
Q9BQ39,P01116
P05783,Q6PKC3
P05783,Q8N2W9
P05783,Q96MU7
Q16363,Q9NQC3
P13473,Q8N2W9
Q9Y508,P08865
Q9HCJ1,P08865
Q9H6K1,P08865
P18428,Q53H96
P18428,Q9Y3Q8
P49917,Q8WUB8
P49917,Q8TBC5
P20700,Q9NS73
Q9H221,P20700
Q9Y603,P30533
Q9NS15,Q9HAT8
Q9BZL4,P84022
Q96EP0,P84022
Q9BVS4,P84022
P84022,Q9NRR5
P84022,Q5D1E8
P84022,Q9Y3Q8
Q9UBE8,Q13485
Q6VMQ6,Q13485
Q9NYG5,P20794
P20794,Q9NRX5
P20794,Q9NQ25
Q00987,Q9H869
Q00987,P58004
P51608,P35713
Q06413,Q9BZM1
Q96LC9,Q07325
P50281,Q9Y342
Q13368,Q9HB90
Q969R5,Q13368
Q96JZ2,Q13368
Q9UNL4,P28360
P28360,Q9HAN9
O43325,Q13126
Q96SN8,O94972
P10242,Q9NPC6
P10244,Q9Y2X8
P01106,Q8NG66
Q99836,Q9NYK1
Q9NS73,Q99836
P10916,Q9NX24
P12829,Q8N2H3
Q9BSF0,P15172
Q9P206,P16333
P16333,Q9BYB0
O14561,Q9H7B4
O14561,Q96H35
O75489,Q96S79
Q53HL2,P51956
P51956,Q9HAN9
P19838,Q9BYH8
P19838,Q8NFZ5
P19838,Q8TCT8
Q8IWZ3,O00221
Q8WVZ9,O00221
Q96A54,Q9UBC1
Q9BSF0,Q9UBC1
P25208,Q9H7B4
Q5T7V8,Q16617
P57087,Q13232
O95777,O00746
Q96LC9,P40261
Q15233,P49750
Q15761,Q9P0P0
P57087,P67809
Q9HAN9,Q16620
P54368,Q8N2W9
Q8TAX9,P02763
Q9NYL5,P19652
Q99571,P56705
Q8TAX9,P30086
P27469,P62888
Q9NZ20,P15151
Q9NZ20,O43294
Q9NQ29,Q06830
Q6ZMK1,P45984
P57678,Q13501
Q9NYG8,P50914
Q9Y624,P40855
Q96SN8,P61457
Q8N2W9,P05154
P39019,Q6PKC3
P42229,Q6PKC3
P14625,Q6PKC3
O14543,Q6PKC3
O75582,Q6PKC3
Q9Y2S0,P49023
P52815,Q9Y2S0
O15160,Q9Y2S0
Q13618,Q96PQ7
Q96BI3,P40225
Q96BI3,Q04724
Q96BI3,O14901
Q96BI3,O14503
Q9Y575,P43403
Q9NVW2,P62263
Q9NVW2,Q15036
P15927,Q9BRK5
O75469,Q9BRK5
Q9UHF1,Q96GM5
O15121,Q9UK23
P78560,Q7Z4W1
Q86SX6,Q14145
Q9BPZ3,P62913
Q8IVW4,P08621
Q8IVW4,Q9UNY4
Q9NPF0,P32119
Q9NYL4,Q04206
Q15466,O75800
P62875,Q9UNH6
P25786,Q9UHJ3
Q9P013,O43556
Q9Y603,P04004
Q7LFL8,P11473
Q9NYG5,P43403
Q16659,Q9NS73
P16234,Q9BZM5
Q8N2W9,P63279
O14981,Q8N2W9
O75928,Q8N2W9
Q5VU43,Q8N2W9
Q9BXP5,P40763
Q86X29,P13631
Q86X29,Q8IW41
Q9UI12,P48436
Q9UK45,P08237
Q9UK45,P62318
Q86U70,Q9UK45
O95777,Q92681
P63104,Q9NYL2
O75582,Q9NYL2
Q86SF2,Q16659
Q01813,Q9H4A3
P08183,Q9P287
P08183,Q9BPZ7
P21439,Q3MUY2
Q8TAX9,P01009
Q13526,Q8TBC3
P00747,Q96MU7
A5PL33,P53350
Q9P0K1,P15153
Q8TD31,P49005
Q9H6D8,P62487
Q8TDD1,P62487
Q659C4,P52435
Q9NZ94,P32119
Q9NXV2,O43741
Q14161,Q9NXV2
Q8TD31,Q9Y6K9
Q9Y6V7,P49721
Q13467,Q9NQ48
O60701,P22309
A9UHW6,P37231
O60551,Q9BVK6
Q6ULP2,P51692
O00189,P0CG12
P0CG13,Q6PIJ6,O15355
Q96BK5,Q9H3D4
P62714,Q9BVS5
Q96EP0,O14543
Q53HL2,Q8IW41
P62263,P57088
Q5UIP0,Q96GM5
Q96P16,P63104
O75815,Q96P16
Q6ZUT1,P45983
O43741,Q9H869
Q96DU7,P48454
P48454,Q9BT49
P21980,Q96HP8
Q96GN5,P11473
Q9NRM6,O75582
P35712,Q99676
Q9H4M7,Q13131
Q8TE76,Q13131
O76093,Q9NX58
Q8N6T3,P22694
Q96ST2,P52630
P15692,Q96QK1
P10644,Q8WTS6
Q8N6T3,P40938
Q8N6T3,P62913
Q8N6T3,Q00765
Q8N6T3,Q6P2C8
Q8N8S7,P28482
O00141,Q9NVA4
Q9ULD0,P40763
Q96SN8,Q99598
Q04206,Q9BVS4
Q9BVS4,Q13630
Q9NZ42,P07204
Q04864,Q9HC07
O00401,Q9H8N7
Q9H227,P14314
Q9Y6K9,Q9NQX4
P28482,Q8NFZ5
Q3T906,P28482
P28482,Q9BYB0
Q96GV9,Q13164
P45983,Q9UIL1
Q53QV2,Q92786
Q9NRF8,P62750
Q9NRF8,P61513
Q9NR31,Q13114
Q4V328,P20338
Q14161,Q9NR46
Q9NQU5,O60749
Q9NQU5,Q16890
Q9NQU5,Q13214
Q8IU85,Q13618
Q8IU85,O75888
Q8IU85,O60234
Q9HD26,Q04206
Q9HD26,P37173
Q12774,Q9HD20
O00233,Q8NFZ5
Q9HAT8,Q13492
Q9BR76,O15160
Q969Y2,P25105
Q5T7V8,P25105
Q96D15,P42226
Q9BUB5,Q96D15
Q9BV23,P35227
P56524,A9UHW6
Q86WJ1,Q96KG9
Q9ULL5,Q14671
Q9P2F8,P21980
Q9BUH8,O00391
Q9P206,Q8N474
P15151,Q9H4A3
P15311,Q9HC57
Q9HC57,O43543
P15407,Q9HC57
Q6N075,P40855
Q70SY1,P49023
Q9H2F3,P06737
Q13596,Q9UNH7
O60749,Q9UNH7
P20338,Q9H5N1
P20338,Q96NB3
Q8N6P7,P40763
P62826,Q99666
P13631,Q9H609
P13631,Q8IUC4
Q96HD9,P13631
Q9BZM1,P06400
Q09028,Q96PN8
Q9BZD6,Q99708
Q9HC62,P55327
Q70SY1,O15492
Q6PIJ6,Q06587
Q9H4B6,Q13188
Q9GZT8,P40763
Q9NPQ8,O14980
P15927,Q9BYT1
Q96EK7,P62888
P62888,Q8N6M9
Q9H9Y6,P61927
Q9BZM1,P62753
Q9BZM1,P62841
Q96HR9,P60866
Q96HD9,P10301
P28702,Q96GR4
Q9H115,Q53T94
Q8IXT2,Q16881
Q5VZB9,P51692
P15407,Q9HBI0
O75159,Q969X1
Q9HB90,P09544
Q01105,Q9BT49
Q9BYH8,P40763
P62995,Q96MU7
Q9HB09,O43765
Q9BZB8,O60669
O00170,Q9BXN2
Q70SY1,O60861
Q70E73,Q8IUQ4
Q9H6S3,P62829
P82932,Q12772
P82932,P42229
P52429,Q9H9J2
Q96DF8,Q9Y3S1
Q14151,Q8TBC5
Q9HCS2,P04179
Q9H0U4,Q8TAQ2
Q96CN9,Q96GM5
Q96HR9,Q13596
P17947,Q9H3N1
Q8TE76,P40763
Q8WWW0,Q13188
P51687,Q9H609
Q06520,Q9H3N1
Q8NEM0,O75478
Q969V5,Q03518
Q9BT73,Q03519
Q96H35,Q03519
Q96LC9,Q99081
Q96AC6,Q99594
P24468,Q8WTS6
Q9H6R3,O00292
Q8WTS6,P04637
Q8WWV6,P04637
Q14790,Q96Q06
Q8N4G2,P60604
Q9BZM1,P11172
Q9H8L6,P11473
Q969F2,P11473
Q9BZD6,P15692
Q9BZM1,P61981
Q5T7V8,P17020
Q8NCC5,Q13360
Q9H9Y6,O43670
Q13467,Q9HAC8
Q9BZR9,Q93009
Q86SQ0,Q93009
Q9BVK2,Q13564
Q9BVK2,O75582
Q16853,Q9BZD6
O95999,Q9BZD6
Q9H6J7,Q13042
Q9Y6K9,Q8NFZ5
Q9BUB5,Q8NFZ5
Q8IW41,Q9H609
Q96CN9,Q9Y6K9
Q12774,Q8IZ52
Q9Y297,Q8IZ52
P50914,Q9H808
Q9Y6R0,Q6UXY8
O43825,Q96L94
Q9H6T0,Q9Y6R0
Q9Y297,Q5D1E8
O75928,Q96T51
Q14161,Q96T51
Q96JB5,Q96DF8
Q93034,P54829
Q14145,Q9Y3Q8
O60234,Q8TAA9
Q92565,Q8TAA9
O14544,Q8NF64
Q15466,P82980
O95999,Q8N6Y0
Q14161,Q8N6Y0
Q86U70,Q9H9Y6
Q9H944,Q9H9Y6
Q14161,Q9H9Y6
Q9BSF8,Q13618
Q9BSF0,Q5JS13
Q13618,Q8TBC3
Q68CJ9,O14730
Q8TBB1,Q8IYT8
P54829,O95219
P54829,O15062
Q155Q3,Q8IYT8
O14745,Q5VIY5
O75173,Q96MU7
Q9UN79,Q96MU7
O95395,Q96H35
Q8IZP0,Q8IYB3
Q92844,Q9UHD2
Q9H0H5,Q92844
Q9UI12,Q92844
Q9BT40,Q92844
Q9UBN7,Q9H9Y6
Q8WUM4,Q8NFZ5
Q96CF2,Q8WUM4
O75340,O75340
O43521,Q96JP0
Q92837,Q9Y6N6
Q92837,Q12907
Q92837,Q8NHU6
Q92837,Q9H5N1
Q9H0E2,O75674
A1L0T0,O60784
P81877,O60784
Q9UKA9,O60784
Q9BXN2,Q96S59
O75190,Q9Y2S0
O15440,O95347
O15440,P82980
Q9BUK6,Q13133
O96015,Q86WP2
Q8N693,Q12931
Q96CV9,Q15025
Q96CV9,Q8N2W9
Q8NCG5,Q96C86
P78332,Q15393
O75414,O60232
Q13268,Q9Y6X8
Q13268,Q9NQT4
Q9HC96,O75955
Q9NQX3,Q9NQX3
Q9NQX3,Q07666
O75398,P52758
P52758,Q96T58
P52758,Q96HP8
P57678,O43609
Q8WUB8,O75886
Q5EBL8,Q99720
O75934,Q9NUX5
O14874,O95777
Q15025,Q15025
Q9UI14,Q15025
Q9Y5B8,Q15025
O43896,Q9Y6N6
Q9Y6N6,P42766
Q9Y6N6,Q9NUX5
Q9Y6N6,Q8NBI5
Q9H329,Q9Y6N6
Q9Y6N6,Q9HAT8
Q9Y6N6,Q9HCG1
Q9Y6N6,Q96MU7
Q9NVJ2,O00478
Q9Y239,P57073
P57678,Q9Y6X2
Q9Y6X2,Q9UK55
Q9Y616,O95478
O75325,Q9HD90
O00165,Q9P1U0
O00165,Q9Y2S0
Q9UQB8,Q9NQC3
Q9UBU9,Q13595
Q9NXV2,Q9UBU9
Q9UBU9,Q9BTP6
Q9H190,Q15436
O43889,Q9UI14
O43889,P62070
O75398,Q9HAT8
Q15744,Q8N752
Q02985,Q13162
P30048,Q13162
Q13162,Q96PM5
Q9BV10,Q13162
O15120,O15084
O15120,Q9UIL8
O15120,Q9P1Y6
Q9H221,O15120
Q9UI14,Q99757
Q9UKJ1,Q9BX66
Q9UBP9,O95347
P22234,P22234
Q9NZZ3,O95630
Q7LBR1,O95630
Q9Y6Y0,Q9P1U0
O00471,Q9UL17
Q86TW2,O00471
Q9P1U1,O00471
Q07666,Q9NUX5
Q07666,P38159
O14977,Q07666
Q68CJ9,Q07666
Q9Y231,Q96PN8
Q9Y5K6,Q15185
Q9H165,Q96TA2
O00444,O14907
O43896,P27348
Q9UKY1,Q15326
Q9NXV2,Q9HC98
Q9HC98,Q9NQU5
Q9ULX7,Q14593
Q9Y230,Q9Y230
Q08708,Q9HD26
O95257,Q9Y371
O95257,Q9NR46
Q9BPX5,O95257
P30048,P30048
P30048,Q96S38
Q7Z7G0,P83916
O95393,Q13530
Q12829,Q9HC57
Q07065,Q07065
Q9Y3C0,Q07065
Q07065,P81172
Q07065,Q6I9Y2
Q6WCQ1,P27348
Q96C45,P27348
Q9P2K3,P27348
Q9NPY3,Q92905
Q9P0P8,Q92905
Q8N6T3,Q92905
Q92905,Q9BYB0
Q99661,Q969W8
A8MW92,Q9H0M0
Q9P0M6,Q9H0M0
Q8WV16,O94993
Q9NY93,O94993
Q6PIJ6,O94993
O95147,Q9NPH2
Q9UDY4,Q9Y2S0
Q9BTC0,Q9NYG8
Q9BUJ2,Q8N2W9
Q9NYG5,Q9UMQ6
P31146,Q9NUX5
P31146,Q8TB22
P31146,Q96MU7
Q92918,Q96IK0
Q9Y6W8,Q9Y5W5
Q9H6Z9,P28482
Q9H6Z9,Q16659
Q9H6Z9,Q13164
P20815,Q8NBN7
P11801,Q8NBN7
O14544,Q96FK6
Q92949,Q9UJJ7
Q96EY9,P10828
O43482,Q96PN8
P40855,Q969K7
Q99708,Q969K7
Q9H3H5,Q96ES6
Q96ES6,Q9UN70
P00973,O43709
Q16512,O43709
P55072,O43709
Q13368,P58753
P12004,P58753
Q13485,Q8N1F8
Q9Y6K9,Q9BXB5
Q96D09,P10599
Q96D09,O75582
Q96D09,Q9UBF9
Q8N1L9,Q92830
Q8N1L9,P04222
P10321,P30499
P30501,P30504
P30505,P30508
P30510,Q07000
Q29865,Q29960
Q29963,Q95604
Q9TNN7,Q8N1L9,P17275
Q8N1L9,Q04206
Q8N1L9,O75618
P52815,Q8TAK6
Q6Q788,P61020
Q6Q788,Q96GM5
Q06830,O14796
Q9Y2D8,P63104
Q9Y6K9,Q9Y2D8
P62993,Q6ZUJ8
Q86VG3,Q14973
Q86VG3,Q8TAQ2
Q96B21,P60604
Q14534,Q96N77
P23142,Q8NHV4
P22736,Q8WXH5
Q8WXH5,P04275
P51681,Q9H4G1
Q6ZSJ8,O60749
Q9H4G1,O15244
P15173,Q96BQ3
Q96PC3,P54619
Q8N4Q1,P55084
Q8IVS8,Q9NZI7
Q8WXI3,Q16540
Q8IWW8,P50148
Q8IWW8,P11150
Q12929,Q96BF6
P16220,Q6SA08
O43293,Q8TDR4
Q8TDR4,P63316
Q9H765,P33993
Q9H765,Q15293
Q9H765,Q15369
P09017,Q9H0A6
Q96FJ2,Q13153
Q13368,Q8WXS4
P02763,Q8WXS4
Q01892,Q8WXS4
P55061,Q96AJ9
P49674,Q1W6H9
P62993,Q8TF74
Q6UXH8,O43255
Q6UXH8,O94842
Q16850,Q8TAQ5
O00341,Q8TAQ5
P20333,Q8TAQ5
O14519,Q8TAQ5
P56545,Q8IX07
Q7Z465,P55789
Q7Z465,P14174
Q7Z465,P22392
Q7Z465,P32322
Q7Z465,Q92626
Q7Z465,O94762
Q9NSE7,P22736
P39023,P57059
P57059,O00267
P10242,Q8N3J5
Q8N960,P40763
Q8NHV9,P04004
Q86XP1,O00463
P49841,Q8IX07
Q6P995,Q13368
Q8N568,Q99576
P42229,Q8TC21
Q8IXJ9,P40763
Q92935,Q8N3Y7
P11161,Q6DKI1
Q9UBS3,Q8NEG0
Q8NB16,P17568
Q14254,Q86W54
P25105,Q86W54
Q3MIX3,P17066
Q8WV48,P52292
Q8N5I4,O95395
Q5JTB6,Q92565
P28482,Q9H2K0
A0JLT2,P28360
P48507,Q6ZVD7
Q5TZA2,Q8N8N0
Q496A3,Q9UQ90
O15519,Q496A3
Q9Y483,Q9BVK6
O43561,Q9Y6X8
Q9UK23,Q9Y6X8
Q9NPY3,Q9UHD9
Q9NPY3,Q96IP4
Q96SN8,Q15691
Q96EK4,Q9ULW0
Q9UHV2,Q96T58
Q86TG7,Q9P0P0
Q96BI3,Q9UKJ3
Q9UIH9,Q9Y5W8
Q6WCQ1,Q9H0H5
Q6WCQ1,Q8N2W9
O95777,Q6WCQ1
Q6WCQ1,Q96MU7
O95777,Q8IWI9
Q9NY61,Q96PU5
Q5T7V8,Q96PU5
Q9BYG0,O95931
Q9BV10,P40429
Q9GZT9,Q9Y2X9
Q86VR8,O95427
Q8IWZ3,Q9UL40
O95365,Q9ULU4
Q96AQ6,Q9ULU4
Q9HD26,P37198
Q6P2E9,Q96MU7
Q9UBB9,Q9Y296
Q9UK85,Q86VR8
Q8N8Y2,O95169
Q8N8Y2,P23396
Q13042,Q8NHZ8
P02794,Q86XR7
P20848,P12956
Q8IZ81,P09017
Q9Y4Z0,Q9UK45
Q9NVV9,Q99757
Q9H0F6,Q99757
Q96PM5,Q9UHV2
Q9NVV5,Q96PM5
Q96PM5,Q9P0S9
Q9UBE8,Q96PM5
Q9H0Z9,Q96PM5
Q9HCK8,Q96PM5
Q96PM5,Q969X1
Q96PM5,Q96NA2
Q9BTE7,Q96PM5
Q969F2,Q96PM5
Q96PM5,Q9HCG1
Q5T7V8,Q96PM5
Q9NUX5,Q9UHV2
Q9NUX5,Q5UIP0
Q9NQX4,Q9NUX5
Q9HBI6,Q9NUX5
Q9NUX5,Q9BTP6
Q9H310,Q9NRF2
Q9UKG1,Q9BPU6
Q8IVW4,Q9UJY5
O43175,Q8N2W9
Q96SN8,Q8TCJ0
Q9H221,O60356
Q99944,Q9Y5J9
Q9NY61,Q5VIY5
P31270,Q8N328
Q96F07,Q5D1E8
Q99853,Q7RTV0
Q9UN19,Q9H2F3
Q9UQV4,Q96EQ0
Q8TB22,Q9H4F1
Q9HB71,Q96BK5
Q9BZD4,Q9H190
Q6IPW1,Q9UK85
P62310,O95777
Q9GZV4,Q15771
Q8NBQ7,P42229
Q5JPE7,P42224
Q8NBZ0,Q02575
Q9Y6K9,Q8NBZ0
Q8NCF0,Q9UBC1
Q96FX2,P62917
Q9NQ25,Q92519
Q9H0H5,Q6PKC3
Q13595,Q96MU7
Q5TA45,Q9UL01
Q9UHV2,Q8WTS6
P57087,P57073
Q9NY93,Q9NZN4
Q9NZN4,Q9NUY8
P30519,Q8WVK7
Q96AH8,P61224
O75928,Q86XR7
Q9Y2Q3,P48426
P42229,Q6VEQ5
Q7Z3S9,P62487
P57678,Q9BXP5
P57678,Q8TE76
Q8NFF5,P57678
P57678,Q49A26
Q9Y3B3,P57727
Q9NX58,A8MW92
Q53H82,Q9UJ70
Q9UIL8,Q8N2W9
O95777,Q9UIL8
Q8NEM0,Q9UIL8
Q9P0P0,O75800
Q9HAZ1,Q9P0P0
P82932,Q9P0P0
Q9NYM9,Q5T7V8
Q96CP6,Q9NYK1
Q9NYL5,Q9NRX5
Q9NYL5,Q9H7B4
Q9NZD4,Q9HC07
Q9NRX5,O75800
Q70SY1,Q9UBP9
Q8TDC3,P56937
Q5T7V8,P56937
Q9NYG5,Q969F2
Q9UK45,Q8WWW0
Q86YB7,O95777
Q6IPW1,Q9NZH0
Q8N6T3,Q9ULC3
Q9H165,Q99618
Q5VSY0,P35713
Q8TDD1,Q9BVK6
Q8TAV3,Q9HCK0
Q8N6T3,Q5U651
Q6PI48,Q9BPU6
Q9BVS4,Q96P16
Q8WTS6,Q658P3
Q9H869,Q9P243
Q9NV35,Q9H8P0
Q15466,Q9UBV8
Q8WZA1,P35712
Q96EK6,Q9UJ70
Q8N693,Q96KP1
Q8WUY9,Q9BY08
Q9NR28,Q8IZL2
Q9GZV4,Q9UKA9
Q9HAT8,Q9BT49
Q68CJ9,Q9HAT8
Q96H35,Q9HBJ8
Q5T7V8,Q96KG9
Q8TDD1,Q9H3S1
Q9H7B4,Q8TAA9
Q9Y6K9,Q8WZ33
Q9H6L4,Q9BSF0
Q96D71,Q6AWC2
Q9NST1,Q96L92
Q9BZM1,Q9HA47
Q9H0W7,Q8TAA9
Q9H0U4,Q969M1
Q9HA47,Q9HA47
Q9BRK4,Q96MU7
Q8N1B3,P54829
Q96D71,Q96D71
O75340,Q9UBV8
Q92837,Q96D09
Q13263,Q8TAQ5
Q8TAK6,O00487
Q9NQX3,Q496A3
Q8WXH5,O43609
O00165,Q8TAQ5
Q92993,Q96BR9
O60930,O15321
A6NH11,Q13162
Q14582,Q8TDR4
Q9Y2D8,P27348
P81605,Q13007
Q8HWS3,Q9Y572
Q96FF9,Q9Y616
Q8NCL4,Q9P0T7
Q6P1K2,Q8TDR4
Q96FF9,Q9Y4R7
Q96FF9,Q9HC62
Q96FF9,Q86UA6
Q9H221,Q969L2
Q96D09,Q99757
Q8N1L9,Q9BSF0
Q9UJW2,Q96B21
Q8N5I9,Q9NUY8
Q8N752,P57087
Q8N142,O14977
Q8N142,Q9NX58
Q9P1T7,Q8WXH5
Q8IVS8,Q9BYT3
P98173,Q8N7B6
Q8N6T3,Q8WXI3
Q9H765,Q9UHV2
O60381,Q8WXS4
Q8WXS4,Q9UMX0
Q9BZM1,Q8WXS4
Q9H492,Q96NR8
Q9UKG1,Q8IZR5
Q8IZR5,Q5T653
Q8TB68,A8K8V0
Q8TEY5,Q14697
Q8TEY5,Q9HCJ2
Q8TEY5,Q9BZV2
Q7Z465,O95295
Q7Z465,Q14318
Q9HAN9,P57059
Q9P281,Q8N668
O95777,Q9P0V9
Q9P0V9,Q96MU7
Q9H190,Q8TBB0
O14948,Q96NC0
Q9UBE8,Q8N3Y7
Q9NYG5,Q8NB16
Q8NB16,Q9NS91
Q8NB16,Q96J01
Q8NA92,Q9BVK6
Q9HB03,Q8N307
Q9NZN4,Q86W54
Q96PM5,Q6ZMB5
Q3MIX3,O00212
Q5JTB6,Q63HN8
Q49A88,Q5JTB6
Q7L576,Q8HWS3
O94806,Q8WVK7
Q9ULX9,Q8WZ33
Q8N8Y2,Q8NDT2
Q8N9I5,Q96PM5
A8MZ97,Q9NUX5
Q9Y2Q3,Q9UMS4
Q5JPI3,Q9BZV2
Q96A54,Q96FX2
O94915,Q9HAT8
Q9HC57,Q86XU0
Q9HBI0,Q86XU0
Q8TD06,Q8WXI3
Q6ZWL3,Q8TAQ5
A8CG34,P42229
O15440,P01011
P49748,Q9NQX3
Q9Y6N6,P01011
P60709,Q07666
P36896,Q13438
P35609,P42766
P42684,O43482
P60709,P67870
P63261,P56545
P24752,P21549
P60709,Q09472
O43707,Q9NUX5
P12814,P32780
O43707,P52292
P12814,P52292
Q9BWD1,Q9BWD1
P60709,P62906
Q03154,P06748
P12814,Q8N2W9
P68032,Q9H165
P35609,Q9NWS9
P36896,P22694
O43707,Q13164
P12814,P25786
O43707,P42677
P12814,P42677
P36896,P19793
O43707,P10599
P12814,O00330
